note_id,title,content,publish_time,author_id,author_name,author_region,liked_count,collected_count,comment_count,share_count,note_url
6a2534ab000000003501eef5,高考送考家长穿搭指南,#高考加油[话题]# #旗开得胜[话题]# #金榜题名[话题]# #紫气东来[话题]# #一路辉煌[话题]#,1780823211000,fe4d51b71aaeb869,G***y,,56,13,62,28,https://www.xiaohongshu.com/explore/6a2534ab000000003501eef5
6a2505c2000000002202a71d,知道为什么广东的家长不陪考吗？,#高考[话题]##陪考[话题]##住校[话题]#,1780811202000,efcdc91af1224d75,L***4,,77,2,157,3,https://www.xiaohongshu.com/explore/6a2505c2000000002202a71d
6a2378330000000035039ce9,突然发现这周六好“六”啊，2026年6月6日，星期六，高考前一天，祝愿所有考生心愿达成，扬帆远航#2026高考季[话题]# #高考加油[话题]# #成人高考[话题]#,突然发现这周六好“六”啊，2026年6月6日，星期六，高考前一天，祝愿所有考生心愿达成，扬帆远航#2026高考季[话题]# #高考加油[话题]# #成人高考[话题]#,1780709427000,e10015389d1b90de,丹***育,,,,,,https://www.xiaohongshu.com/explore/6a2378330000000035039ce9
6a2591ea000000002202d57c,提前交卷！人大附中第一个走出考场的学生,他的心境如此通透！#人大附中[话题]##高考[话题]##高考语文[话题]##人生[话题]##高考加油[话题]#,1780847082000,06aade6c7593099d,浩***行,,4986,2176,437,3361,https://www.xiaohongshu.com/explore/6a2591ea000000002202d57c
6a2593e1000000000702fae8,"刷到广东一位考生单独被分到一个考场
偌大教室就一张座位、一套试卷
安安静静，独享整个考场
很多人调侃：富公，高考包场
更有同学说：考累了，站起来走2圈也可以
	
不少人好奇为啥单独安排
其实都是人性化安排
为了适配考生自身情况
营造安稳不受打扰的考试环境
最大限度保证考试公平
	
别人考场人声熙攘，提笔皆是同行
他独自落座，安静奔赴考场
独处不代表孤单，独自作战更显勇敢
	
日夜苦读的点滴付出
反复刷题熬过的深夜
都不会白白浪费
一间考场，一方天地
笔下有底气，心中有方向
	
愿少年放平心态从容作答
笔尖","刷到广东一位考生单独被分到一个考场
偌大教室就一张座位、一套试卷
安安静静，独享整个考场
很多人调侃：富公，高考包场
更有同学说：考累了，站起来走2圈也可以
	
不少人好奇为啥单独安排
其实都是人性化安排
为了适配考生自身情况
营造安稳不受打扰的考试环境
最大限度保证考试公平
	
别人考场人声熙攘，提笔皆是同行
他独自落座，安静奔赴考场
独处不代表孤单，独自作战更显勇敢
	
日夜苦读的点滴付出
反复刷题熬过的深夜
都不会白白浪费
一间考场，一方天地
笔下有底气，心中有方向
	
愿少年放平心态从容作答
笔尖划过试卷，书写努力与期许
孤军也能得胜，静待金榜题名
高考顺利，一举夺魁！
#广东高考[话题]# #2026高考[话题]# #一人考场[话题]# #高考暖心时刻[话题]# #高考加油[话题]# #致高考生[话题]#",1780847585000,270e467680b7dfdb,大***者,,4,1,,,https://www.xiaohongshu.com/explore/6a2593e1000000000702fae8
6a24d5bb000000000702021c,2026年高考今天开考，为学子加油！,2026年高考今天开考，为学子加油！,1780798907000,c229e4d8d3cb3a1a,果***频,,38,10,,1,https://www.xiaohongshu.com/explore/6a24d5bb000000000702021c
6a262abd0000000008003125,中大伉俪证|中文系×中山医，又忍了对方一年,"上一次申请伉俪证，没收到，而且入学年份，毕业年份全写错。
这次终于收到正确的了，见证我们的战友情。
不知不觉，结婚快5年了。
#中山大学[话题]# #中大伉俪证[话题]# #结婚纪念[话题]#",1780886205000,49eb751b503e5423,创***师,,113,12,17,64,https://www.xiaohongshu.com/explore/6a262abd0000000008003125
6a240f9e000000002202f625,2026年高考071考场已火了,"高考VIP包间，，30个考位的考场只有1个人
好家伙，偌大的空间里就孤零零地摆着一张课桌，只坐着一位考生。
这排面，让不少网友直呼开眼，
这“独苗苗”肯定是清北的苗子，
才配享此等单间待遇。
#2026年高考[话题]# #高考加油[话题]# #有趣[话题]#",1780748190000,24b9f37adfd93a39,善***缘,,2137,316,123,231,https://www.xiaohongshu.com/explore/6a240f9e000000002202f625
6a25096e0000000035030459,高考首日送考现场，为孩子们打气，加油！,#温州东瓯中学[话题]# #高考加油[话题]# #2026高考[话题]# #温州高考[话题]# #高考现场[话题]# #温州高中[话题]#,1780812142000,9556755b3a050bac,东***颂,,10,4,1,3,https://www.xiaohongshu.com/explore/6a25096e0000000035030459
6a24cb23000000002200bf8b,2026 太原高考第一天，直击考点现场！ 6 月 7 日，太原市第二外国语学校考点 少年们迎着晨光，带着憧憬奔赴战场 太原为每一位考生保驾护航 愿所有考生笔锋所至，皆是坦途，如愿考上心仪的大学！ #太原高考[话题]#  #2026高考[话题]#  #高考加油[话题]#  #山西太原[话题]#  #高考[话题]#,2026 太原高考第一天，直击考点现场！ 6 月 7 日，太原市第二外国语学校考点 少年们迎着晨光，带着憧憬奔赴战场 太原为每一位考生保驾护航 愿所有考生笔锋所至，皆是坦途，如愿考上心仪的大学！ #太原高考[话题]#  #2026高考[话题]#  #高考加油[话题]#  #山西太原[话题]#  #高考[话题]#,1780796195000,47b3230b60f59627,布***人,,34,7,4,,https://www.xiaohongshu.com/explore/6a24cb23000000002200bf8b
6a26495d00000000150270b5,30岁已经硕士毕业，还可以报名高考吗？,"纯图个刺激纯玩
#高考[话题]# #高考报名[话题]#",1780894045000,973401dbbeb2d2ad,养***耶,,34,11,27,7,https://www.xiaohongshu.com/explore/6a26495d00000000150270b5
6a25500d00000000350297aa,教师plog｜高三老师送考完心情比学生还紧张！,学生都说今年的题目不难，老母亲悬着的心终于放下了[大笑R]2个半小时的等待，自己比在考场的学生还紧张[笑哭R]希望我的学生都能考出最理想的成绩[派对R]人均120分！稳住心态，高考大捷！#高考语文[话题]# #高考速通卡[话题]# #高考语文作文[话题]# #高考祝福[话题]# #高考[话题]# #教师plog[话题]# #高中老师[话题]# #高中教师[话题]# #plog[话题]# #教师日常[话题]# @薯队长 @生活薯 @热点薯 @薯条小助手,1780830221000,00a991876e924a10,洱***师,,12,4,5,,https://www.xiaohongshu.com/explore/6a25500d00000000350297aa
6a2631270000000035020d7d,这样气势如虹的妈妈陪考团，广东真没有～,#广东高考[话题]# #陪考[话题]# #爱上广州的理由[话题]# #北方人在广州[话题]#,1780887847000,3beb99a4dbbe8f9e,光***州,,35,2,2,4,https://www.xiaohongshu.com/explore/6a2631270000000035020d7d
6a24f213000000001c024c78,谁懂啊！高考第一天差点迟到😭回忆一下,"当年高考的时候，提前半个多小时出门，准备坐公交，人太多挤不上[叹气R]
	
打了一辆出租车，起步几分钟就堵在路上了
没办法，赶紧付钱下车想办法
	
给了💰50找不开，要我把包压在车上，下车给他换零钱，没办法吵了一架
	
赶紧下车，换一辆蹦蹦蹦，终于才到考场
	
埋头一路狂奔进考场，落座的时候手都还在抖
还好卡点赶上了，悬着的心终于放下
	
祝愿所有考生提笔从容，超常发挥！
#高考加油[话题]# #高考日常[话题]# #难忘的瞬间[话题]#
#2026高考季[话题]#",1780806163000,77bd80bd56ea40d1,M***戏,,3,,,,https://www.xiaohongshu.com/explore/6a24f213000000001c024c78
6a250459000000001702b6da,高考名场面丨一卷牵动万家心，一城护少年梦,"这两天，我们业主👗、社区、孩子班里​都通知了必须全力配合高考。
	
整座城都在为高考助力：
考场周围工地一律停工，广场舞暂停，汽车禁止鸣笛，商铺等各场所也配合降噪，公交抽调运力参与送考，安排交警开路、安排志愿者守在考点外校门口，连大家说话声音都下意识放低，这个小城像突然慢了下来。
	
而一条全国高考试卷押运视频，更是看得人热血沸腾！
	
画面中，数辆警车一路开道，中国邮政绝密押运车居中行驶，后方武警车辆全程护送，整条道路临时管控，社会车辆纷纷避让，车队所到之处，气氛压迫感直接拉满。
	
为什么咱们会把几张试卷看得比黄金还重要？
	
因为高考，从来不只是一场考试，它是无数普通人改变命运蕞公平的一次机会。
	
对于很多普通家庭来说，高考背后压着的可能是父母半生积蓄，是农村孩子惟一一次走出大山的机会，是一个家族三代人的希望。
	
所以咱们国人对高考的重视，早就深入到了整个社会骨子里。
	
咱们护住的，哪里只是几张试卷，是无数普通孩子握笔之前心里蕞后那点儿硬气啊！卷子没人碰过，考场没人做手脚，他们坐下去的那一刻，至少还能相信这一场，不看爹妈是谁，不看家里有没有路子，就看你卷子上到底能写出什么答案。
	
有人说：“读书和不读书都一样了”。
	
不，读书和不读书，真的天壤地别。
	
我们看一下我们身边的朋友就知道，不要觉得读书无用。
	
哪怕只是进了国企，做了一个很小的职位。哪怕是做了一份小小的工作，读过书的，精神世界都可以更丰富一点。就比如我写作，看到高考应景的画面，想写一篇文章，逻辑思路都会更清晰顺畅一些。
	
当我们有了这方面的意识，不仅仅自己优莠也会普及给后代，这就是xi惯的传承。
	
正因为高考是关键一跃，所以初中升高中这一步，更不能掉以轻心。现在教育改制了，只有50%的人可以上高中。很多人就会说还上不上高中都无所谓，上技校也是一样的，尊重人才多面性。
	
我觉得孩子还是要读高中，至少这三年他接受的是封闭教育。而读中专之类的呢？则是半社会化，一不小心可能就走歪了。
	
半社会的状态，而他在懵懵懂懂的情况下，你根本不知道他交往的是什么朋友。
	
高中三年，基本构成了一个基本逻辑认知。对于普通家庭的孩子而言，出路仍然是一条，就是认真学xi文化课。
	
至于大学，就更加不用说了。985、211院校毕业的，成材的几率会更加高一点。
	
在什么年纪做什么事，读书的时候好好读书，不负好青春。
	
高考进行时，祝考生们都考到理想学府，超常发挥，金榜题名。
#女性成长[话题]#",1780810841000,f75d2b37e4c20448,发***心,,7,3,1,,https://www.xiaohongshu.com/explore/6a250459000000001702b6da
6a24bfcd000000001702adbd,高考第一天·河南郑州,"早上8.15学校门口已经站了很多送考家长和考生，学校门口的路段已经禁止🚫通行机动车，交警上阵在指挥疏通，志愿者红马甲已经穿上身。
今天郑州天气很清爽，昨夜的雨一洗前几天的闷热，还有阵阵微风，真是天公做美。看到一辆B67，上面写着必录取！祝各位考生必录取！金榜题名[大笑R]#高考不是结束而是新的开始[话题]# #高考加油[话题]#",1780793294000,88a7310f4a0e3dda,成***🥕,,47,4,8,8,https://www.xiaohongshu.com/explore/6a24bfcd000000001702adbd
6a269a2200000000150246f4,2026年南方vs北方陪考现场画风截然不同。北方陪考人挤人，南方主打一个“佛系”陪考，考场门口静悄悄#地域差异[话题]##高考[话题]# #高考陪考[话题]# #南北差异[话题]# #家庭教育[话题]# #高考加油[话题]# #人间百态[话题]#,2026年南方vs北方陪考现场画风截然不同。北方陪考人挤人，南方主打一个“佛系”陪考，考场门口静悄悄#地域差异[话题]##高考[话题]# #高考陪考[话题]# #南北差异[话题]# #家庭教育[话题]# #高考加油[话题]# #人间百态[话题]#,1780914722000,d26d7f1d730ed91a,今***梧,,40,3,8,6,https://www.xiaohongshu.com/explore/6a269a2200000000150246f4
6a24bc7a0000000022020a0f,今天是高考第一天，让我们为考生加油👏哈尔滨市第一中学考点，从哈尔滨市一中走出的学子们你们好吧！,今天是高考第一天，让我们为考生加油👏哈尔滨市第一中学考点，从哈尔滨市一中走出的学子们你们好吧！,1780792442000,19a794b5fa4f8c15,啦***啦,,416,31,33,18,https://www.xiaohongshu.com/explore/6a24bc7a0000000022020a0f
6a254f9f000000002103ec8e,高考首日结束,一个人的考试 一家人的牵挂 这些接考方式太有爱了#直击高考首日[话题]# #高考加油[话题]# #金榜题名高考顺利[话题]# #长沙市一中[话题]#,1780830111000,ae01457e6b8f17b8,橘***闻,,1243,119,21,40,https://www.xiaohongshu.com/explore/6a254f9f000000002103ec8e
6a265d5a000000002101a9c9,热门素材🔥从未缺席！张桂梅连续16年送考,"【素材概述】
2026年高考6月7日拉开帷幕。69岁的张桂梅校长，再一次如约送考。从2011年华坪女高学子首次奔赴高考考场至今，她已经坚持送考了16年，从未缺席。
	
张桂梅校长曾经说过，只要活着就要送考，要给姑娘们自信和力量。16次送考，16年守护，那些交织着温情与力量的画面，诉说着张桂梅校长“用生命燃灯，照亮山区女孩前程”的动人故事，每一次都让人泪目。致敬“燃灯校长”，祝福女高的姑娘们，不负韶华、梦想成真！
	
今年也是华坪女高建校的第十八年。当年条件简朴的学校，已然成为庇护大山女孩的一方天地。10多分钟的送考路上，张桂梅陪伴一届又一届女孩们走上考场。可她在山与山、沟与谷之间，走了30年。
	
“烂漫的山花中，我们发现你。自然击你以风雪，你报之以歌唱。命运置你于危崖，你馈人间以芬芳。不惧碾作尘，无意苦争春，以怒放的生命，向世界表达倔强。你是崖畔的桂，雪中的梅。”
#申论不识君[话题]#  #申论素材[话题]# #时事素材[话题]# #申论热点素材[话题]# #热点新闻事件[话题]#   #张桂梅老师[话题]# #高考[话题]# #人民日报[话题]# #致敬张桂梅校长[话题]# #张桂梅女校[话题]#",1780899162000,421a17d0982d3a5b,申***君,,97,48,27,30,https://www.xiaohongshu.com/explore/6a265d5a000000002101a9c9
6a24d453000000001603cf9d,合肥高考第一天现场直击，孩子们高考加油！,#合肥家长[话题]# #合肥高考[话题]# #高考加油[话题]# #高考现场[话题]# #高考现场直击[话题]# #合肥[话题]#,1780798547000,47eea88dcc2c27a2,合***方,,42,4,2,4,https://www.xiaohongshu.com/explore/6a24d453000000001603cf9d
6a256c820000000006034720,你好！认识一下吧！！,"家有28届高考的高中生一枚！！
梦校：南航or南理（加油吧少年👏👏）
#2026高考加油[话题]# #2026年[话题]#高考第一天#距离2028年高考还剩731天[话题]#",1780837506000,173510633bd12f1a,2***！,,20,5,5,1,https://www.xiaohongshu.com/explore/6a256c820000000006034720
6a260fc500000000080276d2,高考期间标语不要乱写,"【首先】
高考前心神要很集中，家长不要搞这些花里胡哨，鬼五马六的东西，让孩子分心。
	
（1）别穿什么旗袍送考
如果老师家长平时很少穿旗袍，别突然在考前显眼包，说是旗袍代表旗开得胜了，纯粹是老姨们想找个借口爱美。真想表示旗开得胜，老师有男有女，穿定制Polo衫，上面直接写「xx学子，旗开得胜」几个字，或者画一个凯旋小旗帜，也是旗开得胜的谐音，非得“化妆，旗袍，高跟鞋”那就是老姨们自己想找个场合爱美，高考这两天主角和重点，应该是考生，不是老师家长。
	
（2）别去学校门口拉晦气横幅
比起看这些搞怪标语，考生进考场前多想想考前注意事项更好，现场有这种搞怪标语又会忍不住看，看了又浮想联翩，扰乱心神，注意力不集中了。考场外面，应该严肃纪律，禁止家长整蛊作怪（非要搞，就在高考第三天最后一科考完结束后）。
	
【其次】
我能理解家长们的横幅想要表达「无论结果怎样都爱你」的意思，但是不要在考前还没开始前就说晦气话，预设孩子会考得不好。
	
现场图一，这句「错的每道题题」，我都怀疑是对手拿来诅咒这个孩子，怎么就错的每道题呢？这嘴就不能说点好的？人家都还没考，怎么就错的每道题呢？哪怕做题不是全对，你就非得在人家考之前说吗？什么意思非得在这个时候说？「一切都是最好的安排」这个意思在考后安慰孩子时再说不行吗？
	
现场图二，这句「考不好」爸妈养你，也是，非要在人家考之前提这些字眼吗？这种话应该在平时的言行举止中给孩子底气，而不是进考场前用这么高调+打扰的方式说。
	
现场图三，「不管考成什么样」这句也是有负面暗示，但起码这句没直接把“考不好”和“错题”写出来吧。
	
现场图四，把最注意形象的青春期的孩子的大头照打成海报，容易引起孩子青春期心理敏感。以及把孩子名字打印出来说「张凌赫女友」，也是给考前最应该思想专注纯净的孩子脑海里插入一些垃圾信息，精神污染，平时开玩笑可以，考前没必要。
	
现场图五，非要拉横幅的话，像最后一副算是比较不过不失，因为横幅说的「春风得意马蹄疾」算正面积极暗示，但你是希望孩子进考场前脑海里反复回味你这句话呢？还是考前注意事项呢？当然是后者。
	
【总结】
1、考前别搞怪，扰乱心神不光影响自家孩子，也影响其他孩子（除非这些家长是卧底，专门去其他考场外精神污染对手的）
	
2、关心孩子在平时下功夫，不是临考进场前家长的自我感动，不要说丧气话。
	
3、家长和老师的角色是做好后勤保障和考场指引，重点是服务孩子，不是自己乱舞。",1780879301000,28563d1fe630d842,九***系,,7,3,,,https://www.xiaohongshu.com/explore/6a260fc500000000080276d2
6a2509890000000035022b68,高考万人送行震撼外网，老外直呼难以置信,#高考万人送行震撼外网老外直呼难以置信,1780812169000,99222802699405c1,老***铺,,28,2,,,https://www.xiaohongshu.com/explore/6a2509890000000035022b68
6a2689670000000006030e24,广东 2025→2026 高考人数对比！,"广东高考人数变化一目了然📊
✅总报名人数：109.3 万→109.9 万，↑+0.6 万
✅夏季高考人数：78.4 万→78 万，↓-0.4 万
✅物理类考生：46.3 万→45.5 万，↓-0.8 万
✅历史类考生：31.9 万→32.5 万，↑+0.6 万
几个关键点很明显👇
总人数微涨 0.6 万，物理类考生少了 0.8 万，历史类反而涨了 0.6 万。
物理类竞争压力稍有缓解，历史类赛道反而更卷了…
2026 届的同学们，加油冲！💪
#广东高考[话题]#  #2026高考[话题]#  #高考人数对比[话题]#  #广东考生[话题]# #高考[话题]# #高考人数[话题]# #物理类[话题]# #历史类[话题]#",1780910439000,38932ce00a34c215,桦***室,,37,9,,17,https://www.xiaohongshu.com/explore/6a2689670000000006030e24
6a2516cc00000000070134e4,中大女博|18岁时肯定没想到高考十年后还在,"还在学校呢 人生又有几个十年
	
失踪人口回归啦（撒花撒花🎊
	
最近忙到天翻地覆，一直在处理数据准备汇报，中间穿插出差和准备下一次出差，感觉自己已经做了三周的PPT。终于可以缓一缓放一个小小的假啦~~~和好朋友好久没见，见面滔滔不绝说了超多话 说到喉咙发肿嗓子都要哑掉，再次感叹只有女生才能get到女生的点呜呜呜
	
在花城广场溜达时候看到广州塔对高考生的祝福，惊觉又是一年高考日了。感慨自己高考已经十年了，怎么不算是一个十周年纪念日呢。高考时候肯定没有想到 十年后我还会在校园里考虑未来会何去何从。18岁的自己肯定也没有想到，我真的可以到达自己理想中的高度。
携广州塔一起为各位考生加油👏  弟弟妹妹们准备迎接你人生中最美好的一个阶段吧！
	
#中山大学[话题]# #高考[话题]# #广州塔[话题]# #城市夜晚霓虹灯璀璨[话题]# #日常记录[话题]# #pocket4[话题]# #人生有几多个十年[话题]#",1780815564000,7bba8798113af341,了***e,,36,2,20,,https://www.xiaohongshu.com/explore/6a2516cc00000000070134e4
6a26a0e60000000008001c46,广东vs湖北，高考陪考差别也太大了！#广东考生家长[话题]# #高考场外实拍视频[话题]# #考点门口[话题]#,广东vs湖北，高考陪考差别也太大了！#广东考生家长[话题]# #高考场外实拍视频[话题]# #考点门口[话题]#,1780916454000,d582b192c2e592c4,鲍***皮,,41,4,30,26,https://www.xiaohongshu.com/explore/6a26a0e60000000008001c46
6a2531350000000016024dd1,"高考。China’s college entrance exam is the fairest ladder for ordinary people to change their destiny. Regardless of background or wealth, a single exam paper can open the door to university. For rural children, it is the only path out of the mountains; for ","高考。China’s college entrance exam is the fairest ladder for ordinary people to change their destiny. Regardless of background or wealth, a single exam paper can open the door to university. For rural children, it is the only path out of the mountains; for urban working-class families, it represents the hope for upward mobility. Every year, tens of millions of candidates take this exam, trading years of hard study for the chance to use knowledge to change their fate.
This effectively breaks down class barriers, ensuring that one’s life path is determined by effort rather than background. This has been repeatedly proven over the past few decades. Although the expansion of university enrollment in China over the past two decades and the rapid development of artificial intelligence have somewhat diminished the value of a college degree, leading to employment challenges, the Gaokao remains one of the most important exams for the Chinese people. The Gaokao is currently being held on June 7, 8, and 9 this year.",1780822325000,3e54cfa6c5ab2791,H***e,,,,,1,https://www.xiaohongshu.com/explore/6a2531350000000016024dd1
6a2453f40000000021009a44,当年的高考成绩,"这个月7号就是2026年高考第一天了，虽然对我来说已经过去了三年，但最难忘掉的还是那个化学赋分后只有72分的渣渣水平，如果当初这门课多考十分我估计真的如愿以偿去华师读物理学专业而不是本校三流水平的工科[哭惹R]（集成电路/微电子）
#微电子科学与工程[话题]# #高考成绩[话题]# #2026年高考[话题]# #2023年高考[话题]#",1780765684000,1eb9ff7adc1d326c,P***n,,36,4,30,8,https://www.xiaohongshu.com/explore/6a2453f40000000021009a44
6a24d3e700000000210181d4,2026广东高考开考首日直击！,#高考直击[话题]#  2026广东高考开考首日！广州教育圈带你直击广州六中考场考生们自信赴考场，这就是青春里最热烈的模样吧！#2026高考[话题]#  #高考必胜[话题]#  #广州[话题]#  #高中生[话题]#,1780798439000,2fa89fcbe978620b,广***圈,,880,70,63,133,https://www.xiaohongshu.com/explore/6a24d3e700000000210181d4
6a24ddc600000000080317eb,高考第一天！这天气也太懂事了吧～,"没太阳🌥️没下雨☔️，凉快得像开了大空调🍃
简直天选考试日！
	
👨‍👩‍👧‍👦一家四口齐上阵送考
弟弟穿旗袍👗，妈妈反而没穿😂
现在都是弟弟妹妹扛起“旗开得胜”的大旗～
	
🌻仪式感不能输！
人手一枝向日葵，寓意“一举夺魁”
还有三代人同框送考👵👩👧
连好多爷爷奶奶都来凑热闹，氛围拉满🎉
	
🚔校门口护警队超多人，秩序稳稳的
家长们坐满花坛🌺，乖乖在外面等
今年还设了纳凉点⛱️
搭棚子的、地铁轻轨专门休息区……
最意外的是——公交车纳凉🚌！这也太贴心了吧💺
	
🎒考生们拎着透明小袋袋，轻装上阵
从校门口到考场，雨棚通道一路铺到底🌧️
就算突降暴雨也不怕，安全感爆棚🛡️
	
💚祝所有少年：
旗开得胜，一举夺魁！
考完一起拥抱这个温柔的夏天☀️
	
#高考加油[话题]# #旗开得胜[话题]# #高考送考名场面[话题]# #向日葵 🌻 #这个天气太给力了[话题]#
#向日葵🌻[话题]#",1780800966000,ff8321f754fe475a,武***士,,56,5,31,7,https://www.xiaohongshu.com/explore/6a24ddc600000000080317eb
6a2556860000000035038960,高考第一天，我也来一波回忆杀,2007年高考启幕之日，我驻足现场，用笔与镜头记录实况。白驹过隙，近二十载春秋倏忽远去。,1780831878000,13de2e37e4ee137d,吉***理,,51,16,18,12,https://www.xiaohongshu.com/explore/6a2556860000000035038960
6a241215000000000701142c,你！26年广东高考准考证领好了,#高考[话题]# #高考加油[话题]# 你明天给我好好考试啊！[派对R][派对R],1780748821000,314e4c9cf7b04bca,幸***）,,2,,,,https://www.xiaohongshu.com/explore/6a241215000000000701142c
6a24d3e2000000001c026bef,10 点 10 分，为你们祈福。十班必胜！,10 点 10 分，为你们祈福。十班必胜！#直击2026高考现场[话题]#,1780798434000,ceac91d27d9eff55,A***茜,,55,2,3,4,https://www.xiaohongshu.com/explore/6a24d3e2000000001c026bef
6a24e5eb000000001c024934,2026年6月7号高考日，各位学子加油，平常心,#高考祝福[话题]# #2026高考季[话题]# #实地拍摄[话题]# #高考加油[话题]# #祝所有的孩子前程似锦[话题]# #高考上岸[话题]# #平常心[话题]#,1780803051000,9b09d80aff7100e1,房***H,,1,,,,https://www.xiaohongshu.com/explore/6a24e5eb000000001c024934
6a24cf5e000000002100b473,26年高考第一天现场,"第一站：广州3中
	
#2026高考季[话题]# #广州街拍[话题]# #广州高考[话题]# #给摄影一分钟[话题]# #小红书影像激励计划[话题]# #好视频扶持计划[话题]# #广州市第三中学[话题]# #高考现场[话题]#",1780797278000,40e82d81fe66dd90,广***拍,,269,40,37,154,https://www.xiaohongshu.com/explore/6a24cf5e000000002100b473
6a25273f00000000220147f4,#高考成功🏆[话题]#,#高考成功🏆[话题]#,1780819775000,fc2a7dd6f972c44c,小***3,,1,,,,https://www.xiaohongshu.com/explore/6a25273f00000000220147f4
6a24baf10000000008030e37,2026年高考第一天！,青春不散场，梦想正启航，祝各位考生高考大捷！#高考[话题]# #高考加油[话题]# #金榜题名[话题]#,1780792049000,5b38a8bd3b645081,东***师,,17,3,,4,https://www.xiaohongshu.com/explore/6a24baf10000000008030e37
6a25a933000000001700b32d,陕西高考,"#2026高考季[话题]# #高考可以改变人生吗[话题]# #高考冲刺[话题]#
2026年陕西新高考：6月7日—6月9日，共3天￼￼￼。
具体时间安排为
6月7日
09:00–11:30 语文
15:00–17:00 数学￼￼￼
6月8日
09:00–10:15 物理/历史（首选）
15:00–17:00 外语（含听力）￼￼￼
6月9日
08:30–09:45 化学
11:00–12:15 地理
14:30–15:45 思想政治
◦ 17:00–18:15 生物学",1780853043000,f04e97f299c1d90b,贝***）,,4,,1,,https://www.xiaohongshu.com/explore/6a25a933000000001700b32d
6a259334000000001700b3be,假如用考公人的申论思维来写高考作文,"今天是全国高考第一天，今年广东卷的高考作文题目也出来了。
	
词语是表达思想情感的载体，也是展现社会生活变化的窗口。当前，世界之变、时代之变、历史之变正以前所未有的方式展开。青年是常为新的，在你的成长过程中，你对哪一个词语的理解发生了变化？这变化有你成长的印记，对你有特殊的意义……
以上材料引发了你怎样的联想和思考？请写一篇文章。
要求：选准角度，确定立意，明确文体，自拟标题；不要套作，不得抄袭；不得泄露个人信息；不少于800字。
我尝试用我提炼的白鹭老师的技能，用考公人思维来回这道题，大家看看答的怎么样。
	
首先，作答之前要先审题，根据白鹭老师的审题思路，选词策略是“人人有共鸣”、“可写成长线”、“呼应时代背景”、“反向立意空间大”等，所以选的词是——平凡。
	
然后是按白鹭·五段三分式的方式来写完整文章。
	
不知道各位语文老师，以及申论的老师们会对这篇文章打多少分呢？欢迎大家点评一下。
	
最后，大模型还会对白鹭老师的方法进行拆解，将文章的框架、论点来源、论证方法、回扣材料等知识一点点拆解展示出来给你。#申论[话题]# #语文作文[话题]# #高考[话题]# #2026高考[话题]# #高考作文备战指南[话题]# #毕业旅行第一站[话题]#",1780847412000,17dbad5cecb0afe3,小***柜,,1,,,,https://www.xiaohongshu.com/explore/6a259334000000001700b3be
6a24efc500000000220164b5,"，高考第一天 ☀️
	
小朋友说：""今天正好高考着呢嘛。""
	
语气轻描淡写，像在说今天天气不错。
但我知道，你书包里装的，是十二年。
	
那些凌晨亮着的台灯，
那些写满又擦掉的草稿纸，
那些在走廊尽头深呼吸的课间，
那些不敢说""累""的夜晚——
	
全在笔尖下。全在今天。
	
愿你落笔生花，圆梦今夏。
愿你合上笔盖的那一刻，
有侠客收剑入鞘的骄傲。
	
高考不是终点，是人生下一章的冒号。
去吧，少年。
世界正等着看你写的答案。✨
	
#2026高考[话题]# #高考加油[话题]# #金榜题名[话题]##高","，高考第一天 ☀️
	
小朋友说：""今天正好高考着呢嘛。""
	
语气轻描淡写，像在说今天天气不错。
但我知道，你书包里装的，是十二年。
	
那些凌晨亮着的台灯，
那些写满又擦掉的草稿纸，
那些在走廊尽头深呼吸的课间，
那些不敢说""累""的夜晚——
	
全在笔尖下。全在今天。
	
愿你落笔生花，圆梦今夏。
愿你合上笔盖的那一刻，
有侠客收剑入鞘的骄傲。
	
高考不是终点，是人生下一章的冒号。
去吧，少年。
世界正等着看你写的答案。✨
	
#2026高考[话题]# #高考加油[话题]# #金榜题名[话题]##高考祝福[话题]#
	
图片和文案都给你了，直接拿去发布就行 🦾#青春中的懵懂暗恋[话题]#",1780805573000,244096fe0b825765,寂***咪,,2,1,,,https://www.xiaohongshu.com/explore/6a24efc500000000220164b5
6a24c9c9000000002201914c,高考第一天2026 年 6 月 7 日 7：36#沂源二中[话题]# #鲁山学校[话题]# 考生入场#高考出征[话题]# #高考加油[话题]##高考必胜[话题]#,高考第一天2026 年 6 月 7 日 7：36#沂源二中[话题]# #鲁山学校[话题]# 考生入场#高考出征[话题]# #高考加油[话题]##高考必胜[话题]#,1780795849000,c7c6a69baca041ef,叁*,,10,1,1,,https://www.xiaohongshu.com/explore/6a24c9c9000000002201914c
6a251aa7000000003501d2c2,广州的家长真的不陪考的。不焦虑吗？,#高考加油[话题]#,1780816551000,be5722c06e4a7552,子***悠,,14,4,216,10,https://www.xiaohongshu.com/explore/6a251aa7000000003501d2c2
6a251cd40000000022022ba1,化了一个美美的妆送考我的班,#小小高考拿下[话题]# #班主任[话题]# #高三[话题]# #高考祝福[话题]#,1780817108000,ee9e075825678372,摘***兔,,209,22,39,13,https://www.xiaohongshu.com/explore/6a251cd40000000022022ba1
6a24ddc00000000022021baa,6月7日 河南郑州，2026年高考考场外 家长们温情守候，有人高举向日葵，有人身穿旗袍，有人带着年幼孩子来提前感受高考氛围。加油！愿每个考生都能考出理想成绩#2026高考季[话题]# #高考查分瞬间[话题]# #高考祝福[话题]# #祝所有孩子前程似锦[话题]# #高考倒计时[话题]#,6月7日 河南郑州，2026年高考考场外 家长们温情守候，有人高举向日葵，有人身穿旗袍，有人带着年幼孩子来提前感受高考氛围。加油！愿每个考生都能考出理想成绩#2026高考季[话题]# #高考查分瞬间[话题]# #高考祝福[话题]# #祝所有孩子前程似锦[话题]# #高考倒计时[话题]#,1780800960000,e44154b0bd50afc1,小***忙,,76,6,2,,https://www.xiaohongshu.com/explore/6a24ddc00000000022021baa
6a23cc90000000001702ab29,我捡到了人香芋喝鸡汤的准考证,"准考证回家
朋友们你们说这两个男孩如此丢三落四 能在九月的华侨大学相遇吗
#2026高考季[话题]# #逢考必过[话题]# #高考加油[话题]#",1780731024000,0a914332f104d204,看***子,,84,11,13,28,https://www.xiaohongshu.com/explore/6a23cc90000000001702ab29
6a251b030000000007020a50,终于轮到我送考了！,"小肚子你稍微往后稍稍可以吗
#高考加油[话题]# #迎接新生活[话题]#",1780816643000,e6fb09f00074d971,入*,,1492,263,146,37,https://www.xiaohongshu.com/explore/6a251b030000000007020a50
6a24fe910000000022008d3b,"通过高考门前陪考，
看南北差异。
你更喜欢广东还是北方的陪考？","通过高考门前陪考，
看南北差异。
你更喜欢广东还是北方的陪考？",1780809361000,5603c8978048b5d5,一***园,,19,7,357,23,https://www.xiaohongshu.com/explore/6a24fe910000000022008d3b
6a26ae45000000000702e44f,高考最后一天，高考时间表,高考明天最后一天，大家好好休息，养精蓄锐，坚持住！#高考速通卡[话题]# #2026高考季[话题]# #高考最后一天[话题]#,1780919877000,8bac47b3fcdc6540,知***焕,,7,,,2,https://www.xiaohongshu.com/explore/6a26ae45000000000702e44f
6a2534d3000000001603e05a,高考首日，北京交警暖心护航14名考生🚓,"#高考[话题]# 首日适逢周日，早间送考时段，北京全市道路交通运行压力较平时周末有所增加。为保障高考顺利进行，#北京市公安交管部门[话题]# 启动高等级勤务方案，全员上岗疏导交通，为14名求助考生提供紧急帮助，对其中3名遇到紧急情况的考生提供了送考帮助。
	
记者从交管部门了解到，交管部门针对高考考点提前制订“#一校一图一策[话题]# ”个性化交通秩序管理和维护疏导方案，细化考点周边交通管理措施，优化区域交通组织，部署专门维护警力，保障考点门前及周边道路交通运行安全有序。对全市白天考点500米范围内及所有夜间产生噪音污染的涉道路施工项目，一律采取停工措施。在考点外围的路口、周边车流量大的路口路段，交管部门安排了充足警力，根据实时路面情况，加强疏导，保证考点周边的交通秩序良好。同时，积极联合属地政府、教委、街道等单位，最大限度在考点学校周边开辟路侧临时停车位，深挖路外停车资源，并强化对道路两侧停放车辆看护和违停车辆清理，保障考点门前停车秩序规范有序。
	
交管部门提示，明天（6月8日）下午，交管部门将在#小语种听力考试[话题]# 期间，对16处考点周边部分道路采取临时交通管理措施，请大家提前了解并主动绕行。同时，提示考生出门前应检查确认带齐证件、文具等考试必需品；家长自驾送考要提前检查车辆状况，并通过北京交警发布的实时路况信息了解考点周边路况情况，选择最佳行车路线。接送考生即停即走，不要在考点周边违法停放，给其他考生及市民出行造成影响。@校园薯 #2026高考季[话题]# #高考加油[话题]# #北京交警为14名考生提供紧急帮助[话题]#",1780823251000,38c04d4df3fe3744,新***报,,9,3,1,4,https://www.xiaohongshu.com/explore/6a2534d3000000001603e05a
6a2643570000000022028df3,东莞市第一中学考场,中午来东莞市第一中学，遇到一直播，送了花给我还有祝福语，都接住了，逢考必中，圆梦六月，硕果结初秋。,1780892503000,9dbe4010522e5264,C***文,,9,,1,,https://www.xiaohongshu.com/explore/6a2643570000000022028df3
6a24091b0000000022029cb4,贺老师送考,旗开得胜一举夺魁#高考加油[话题]# #贺亚红[话题]#,1780746523000,23b9266e790aa414,別***了,,1.2万,271,103,517,https://www.xiaohongshu.com/explore/6a24091b0000000022029cb4
6a258eb400000000360008e0,今日高考！祝考生金榜题名,"今日高考！祝所有考生金榜题名
2026年全国统一高考今天（6月7日）开考，今年高考报名总人数为1290万人，全国共设7981个考点，34.8万个考场。高考首日的考试科目是语文和数学。
	
根据安排，全国统一高考科目为语文、数学、外语3门，考试时间为6月7日至8日。
	
目前，共有29个省份落地实施高考综合改革，这些地方的考生在结束语数外统考科目后，还将在6月9日、10日进行选考科目考试，各省份选考科目及具体考试时段由各省级招委会根据本地实际确定并发布。
	
十年寒窗苦读，今朝亮相见分晓。最后这段路，已不用再和任何人比较，能坚持到现在的你，本身就已经很厉害。要相信，每一寸星月之下的耕耘，都会为你铺就崭新的前路；你所翻过的每一页试卷，都会变成光，照亮你的前程。
	
愿你在考场上稳住心绪，笔下生花；愿你以拼搏启程，以如愿收官。愿这个夏天，你能为自己的青春交出不留遗憾的答案。 #高考祝福[话题]# #2026高考季[话题]# #高考速通卡[话题]# #省考[话题]# #事业编[话题]# #国考[话题]# #高考加油[话题]# #高考冲刺[话题]# #学业有成前程似锦[话题]# #金榜题名前程似锦未来可期[话题]#",1780846260000,5e96182338927eb7,德***校,,3,,,,https://www.xiaohongshu.com/explore/6a258eb400000000360008e0
6a2561ac000000000803cd6a,文成中学高考第一天完美结束！,高考学子们走出考场都是笑容满面的，应该是不难！愿大家能考个好成绩！#高考学生出征[话题]# #高考第一天[话题]# #高考加油[话题]# #文成高考[话题]##高考助力[话题]#,1780834732000,f8cc5fad61fff93e,甜***💪,,9,2,,,https://www.xiaohongshu.com/explore/6a2561ac000000000803cd6a
6a24b5e8000000000803e9f1,高考首日,㊗️那些走向考场的孩子都能稳定发挥！#高考加油[话题]# #高考不是结束而是新的开始[话题]# #高考[话题]# #小小高考拿下[话题]#,1780790760000,fcc145f374b04bdf,八***戒,,9,2,,,https://www.xiaohongshu.com/explore/6a24b5e8000000000803e9f1
6a257519000000000803cd69,高考什么时候开始考三天了以前都是考两天,好奇怪呀！现在高考居然考三天！！！从什么时候开始考三天的🙀现在的孩子也太可怜了吧！以前考两天就解放了🥲#高考[话题]#,1780839705000,a43d4c3dbed35e65,是***),,179,30,916,41,https://www.xiaohongshu.com/explore/6a257519000000000803cd69
6a17aed4000000003601ee54,院校百科：香港中文大学,#留学[话题]# #超哥留学[话题]# #留学规划[话题]# #世界名校[话题]# #中国香港[话题]# #香港中文大学[话题]##世界大学排名[话题]##海外留学[话题]#,1780714821000,96a7b5838f2b2f30,超***学,,148,84,6,51,https://www.xiaohongshu.com/explore/6a17aed4000000003601ee54
6a261acc000000001702f6ec,为接高考的女儿，化妆翻车了,"高考的第二天，想漂漂亮亮的去接她
第一次碰她的化妆品，手忙脚乱化成这样，没事只要她能认出我就行。
宝贝最后一科，加油哦[拥抱]妈妈的碎碎念日常",1780882124000,e32e14b9fd97045c,攀***唠,,6.9万,2355,1915,1476,https://www.xiaohongshu.com/explore/6a261acc000000001702f6ec
6a259776000000000603433a,高考第一天，深圳中学笑靥学霸浅谈数学难度，满星十颗星的话，打9.5颗星。 虽然难度很高，但是心态也要放平，小姑娘，相信自己，你可以的！祝你接下来高考顺利，金榜题名！ #高考[话题]#   #深圳中学[话题]#   #高考数学[话题]#    #难度[话题]#,高考第一天，深圳中学笑靥学霸浅谈数学难度，满星十颗星的话，打9.5颗星。 虽然难度很高，但是心态也要放平，小姑娘，相信自己，你可以的！祝你接下来高考顺利，金榜题名！ #高考[话题]#   #深圳中学[话题]#   #高考数学[话题]#    #难度[话题]#,1780848502000,a71889f59de451c7,深***师,,3190,480,466,475,https://www.xiaohongshu.com/explore/6a259776000000000603433a
6a26c4280000000016025570,广东考场静悄悄。,外省陪考人山人海，广东考场静悄悄。#广东高考[话题]##松弛感拉满[话题]##升学宴[话题]##文化差异[话题]#,1780925480000,0b4027029a4ec6a6,不***正,,175,15,450,15,https://www.xiaohongshu.com/explore/6a26c4280000000016025570
6a24b7fe000000003501f0bf,2026高考日 好大儿加油❤️,"老校长都来送考了 好感动[亲一个R][棒R]
每个娃都握个手 贴个小红心[红色心形R]
#高考加油[话题]# #高考上岸[话题]# #金榜题名前程似锦未来可期[话题]#",1780791295000,0626dedaeb994041,还***🐶,,33,,27,5,https://www.xiaohongshu.com/explore/6a24b7fe000000003501f0bf
6a256a8c0000000007020a69,2026 年新高考一卷数学试卷及答案解析,2026 年新高考一卷数学试卷及答案解析,1780837005000,9d34bb6803f8f823,砥***行,,95,51,1,17,https://www.xiaohongshu.com/explore/6a256a8c0000000007020a69
6a24f0640000000007028111,刘同学：由于太激动考完了不小心跑了个第一,"6月7日|长沙 长郡中学第一个跑出考场的考生
刘同学：由于太激动考完了
不小心跑了个第一",1780805732000,471bee7805d605e0,风***闻,,9487,808,242,405,https://www.xiaohongshu.com/explore/6a24f0640000000007028111
6a24c6de0000000007027477,2026高考基本信息速览📝,"今年全国高考报名总人数达1290万，共设7981个考点、34.8万个考场。
📅 考试时间安排：语文、数学在6月7日开考，外语等3门全国统考科目结束后，部分省份考生还要在6月9日、10日参加选考科目考试。
🔄 考试模式：目前全国29个省份实施高考综合改革，主要有“3+文综/理综”“3+1+2”“3+3”三种模式，考试时长从2天到4天不等。",1780795102000,961c5e778fcada1e,考*,,1,,,,https://www.xiaohongshu.com/explore/6a24c6de0000000007027477
6a24bc51000000001603f8ef,又到一年高考，刚刚路过东莞市第二高级中学，看到一辆辆大巴车运送高考的学生，街道两旁有家长举着牌匾送行的，祝今年高考的学子们旗开得胜，金榜题名👍👍,又到一年高考，刚刚路过东莞市第二高级中学，看到一辆辆大巴车运送高考的学生，街道两旁有家长举着牌匾送行的，祝今年高考的学子们旗开得胜，金榜题名👍👍,1780792401000,1f6a2a2b1d485840,苏*,,24,1,1,4,https://www.xiaohongshu.com/explore/6a24bc51000000001603f8ef
6a24d1a6000000001603c2f0,高考第一天，祝所有考生金榜题名！,"淮安中学送考现场，
祝所有考生高考加油！
#高考[话题]# #现场实拍[话题]#  #高考祝福[话题]# #高考加油[话题]# #学业有成前程似锦[话题]# #金榜题名前程似锦未来可期[话题]#",1780797862000,3db6dc5d39a7dc46,早***。,,22,3,,,https://www.xiaohongshu.com/explore/6a24d1a6000000001603c2f0
6a23d1c0000000001c027d9a,刷到的没刷到的都会考好！！！,"不管一模 春考 二模 校考考得怎么样，都不重要啦。因为那些只是过去的你考出来的成绩，但你每一天都在学习，每一天知识都在你的脑子里面发生难以言说的反应，会越来越好的！！！过去的创伤会在不经意间愈合。做错了但感觉还没完全理解的题目，会在潜意识里面不断沉淀，不知不觉地就理解了，就化为你自己的东西啦！！
6月7日的天气真的很宜人。一切都会好的！[派对R][派对R]
ps：谁会知道这个人春考语文认认真真考只考了96分呢，数学135也不能算很高。只要不沉溺于过去就会有更美好的事情发生[哇R]
#2026高考季[话题]# #上海高三[话题]# #上海高考[话题]# #高考[话题]# #祝大家都能得偿所愿[话题]#",1780732352000,7243d864caf80178,太*,,949,63,189,24,https://www.xiaohongshu.com/explore/6a23d1c0000000001c027d9a
6a26baab000000002200a8ff,26高考感动瞬间,#高考[话题]# #高考现场[话题]# #26高考[话题]# #高考加油[话题]# #高考感动瞬间[话题]#,1780923051000,1d7233646b5905ed,周***),,4,,,,https://www.xiaohongshu.com/explore/6a26baab000000002200a8ff
6a2569e40000000022009df2,✍️高考第一天｜书法人手写祝福/祝金榜题名,"🌼🌼今天是高考第一天，作为书法老师，必须用最“书卷气”的方式给孩子们加个油！
🌼🌼铺开书签纸，研好墨，认认真真写下了：
金榜题名
逢考必过
学有所成
青云直上
🌼🌼每一笔都是心意，每一字都是祝愿✨
愿走进考场的你，提笔从容，合笔如愿。
不管平时练了多少遍，今天只管沉着应战
把会的都写对，就是最好的答卷💪
👉 家长们也可以评论区为孩子接一句“金榜题名”
一起给孩子加油打气吧！
#高考祝福[话题]# #青春华章[话题]# #2026高考季[话题]# #春分[话题]# #用纸袋拍春天[话题]# #少儿书法[话题]# #创意写字课[话题]# #书法变万物[话题]# #万物书写计划[话题]# #万物皆可写书法[话题]# @人文薯",1780836836000,0aac5f2a5ea9e8ed,写***n,,16,17,,1,https://www.xiaohongshu.com/explore/6a2569e40000000022009df2
6a26a01f000000002202d893,高考中考向日葵花🌻金榜题名一举夺魁｜北京,"向日葵寓意“一举夺魁”，
黄玫瑰“金”榜题名，蓝掌是尽在“掌”握，
白玫瑰和奶油杯是考场上的底气，蓬莱松让你“放轻松”，
跳舞兰是灵动才思，小盼草是盼得高中。
	
这一束，不是花。
是把所有祝福，都握在手里。
	
🌸花材：向日葵 玫瑰 掌 紫罗兰 蓬莱松等
📦北京全城可配送
🔖下单即赠定制贺卡+礼品袋
	
北京花店｜北京买花｜高考花束｜中考花束｜向日葵花束｜一举夺魁｜送考花束｜金榜题名｜考生加油｜前程似锦
#北京花店[话题]# #北京买花[话题]# #高考花束[话题]# #向日葵花束[话题]# #一举夺魁[话题]# #金榜题名[话题]# #中考花束[话题]# #送考花束[话题]# #前程似锦[话题]# #放轻松[话题]#",1780916255000,ed16451ccca97724,北***l,,3,,1,,https://www.xiaohongshu.com/explore/6a26a01f000000002202d893
6a255a0f0000000021022d26,高考第一天，普济寺-文殊殿实况,"愿旗开得胜，前程似锦。
#普陀山[话题]# #普陀山攻略[话题]# #高考祝福[话题]#",1780832783000,00fc6a85ee110848,普***制,,11,,,5,https://www.xiaohongshu.com/explore/6a255a0f0000000021022d26
6a2563ae0000000008000f58,2026新高考一卷,"刚刚忙完，晚上挑战今年高考数学试卷，纯手搓。
预祝各位学子取得理想成绩！#新高考一卷[话题]# #高考数学[话题]# #数学高考题型与技巧[话题]# #新高考[话题]# #致高考[话题]#",1780835246000,6218c5849b1ac02b,南***师,,1,,,,https://www.xiaohongshu.com/explore/6a2563ae0000000008000f58
6a2361a500000000220198c7,场外帮朋友传答案，被ao了怎么办😧？,"【学术不端-代考】第一人称解说
	
这个乐死我了，朋友找代buy题让自己给她念答案，还挺谨慎说用chat 改一下 怕代写卖答案给很多人。结果自己忘了改答案了 怕朋友被抓了把他弄死提前来问我了
话说你们是要注意‼️的，买题+代考 要被开的
#留学北美[话题]# #留学加拿大[话题]# #留学美国[话题]# #加拿大学术不端[话题]# #美国学术不端申诉[话题]# #代考被抓[话题]# #听证会[话题]# #停学[话题]#",1780703653000,9a4807eba3133e41,加***诉,,8,,4,1,https://www.xiaohongshu.com/explore/6a2361a500000000220198c7
6a244b690000000035031735,父母（陪考家长）做到这七点，孩子高考必胜,这七点，也包括考生自己要注意的，父母看后告诉孩子，尤其是最后三点，做好了，有机会超常发挥！[玫瑰R][玫瑰R][玫瑰R]欢迎大家多转发，助力身边的亲朋好友[合十R][合十R][合十R]#高考祝福[话题]# #高考速通卡[话题]# #高考[话题]# #高考注意事项[话题]# #陪考[话题]# #高考冲刺[话题]# #金榜题名[话题]#,1780763497000,b0e228e1ffba7007,小***叭,,1,1,2,,https://www.xiaohongshu.com/explore/6a244b690000000035031735
6a24c8c000000000360024a5,“学霸团”前来助阵，一问都已经保送到北大,杭二中滨江校区门口，已经进了化学国家队的陈郑睿哲，组织了四位同样通过化学集训队保送北京大学的同学为高考同学们送考，加油打气。还建议同学们要找到自己的热爱和擅长#高考祝福[话题]# #2026高考[话题]#,1780795584000,21b27e3d18311770,钱***宝,,780,198,34,198,https://www.xiaohongshu.com/explore/6a24c8c000000000360024a5
6a2413e400000000080323e7,祝福广大考生高考顺利～,"明天就要高考了，用一组年前在贡院拍的图，祝天下学子高考顺利：
天开文运，笔定乾坤📕🖊️
鱼跃龙门，金榜题名🐲🎓
#高考加油[话题]# #学业有成前程似锦[话题]# #金榜题名前程似锦未来可期[话题]# #祝大家前程似锦[话题]# #五月天[话题]# #Stayreal[话题]# #豹豹饼饼[话题]#",1780749284000,f45cc829565ed4f9,小***漠,,30,,2,2,https://www.xiaohongshu.com/explore/6a2413e400000000080323e7
