chunk_index,collection_status,event_id,note_id,comment_id,parent_comment_id,create_time,content,creator_hash,nickname,like_count,sub_comment_count,pictures,public_ip_location,last_modify_ts
2,complete,GK2026D1,6a24efcb000000001c02405f,6a24f07e000000002803d18f,,1780805759000,6,98a3d4fbefbfd8be,痴***梦,0,0,,山东,1787547938002
2,complete,GK2026D1,6a24efcb000000001c02405f,6a24f08c000000002803830d,,1780805773000,3-4年后考公考编人哈哈,98a3d4fbefbfd8be,痴***梦,0,0,,山东,1787547938001
2,complete,GK2026D1,6a24efcb000000001c02405f,6a24fcc8000000002903699a,,1780808905000,马拉松比赛一样,496bddaabd286ea8,这***亮,1,0,,河南,1787547938000
2,complete,GK2026D1,6a24efcb000000001c02405f,6a261c190000000028008e23,,1780882458000,英语别撕哈,62f203e1b38a8d2f,l***🥔,0,0,,河南,1787547937999
5,complete,GK2026D1,6a24ca37000000002202acb2,6a24cdc4000000002203c00e,,1780796868000,"想要高三冲刺的同学们⛽️
加入我们重本紫腾吧📝
6月30日前报名优惠5000元/学期
（详细后台了解）",65355ed8407c5f18,重***区,1,0,,广东,1787549901507
5,complete,GK2026D1,6a24ca37000000002202acb2,6a24e4c90000000029013689,,1780802762000,好运[点赞R][玫瑰R],922170e9f80c80ff,l***y,0,0,,广东,1787549901506
7,complete,GK2026D1,6a26c3b50000000015024218,6a26c9f000000000290346b9,,1780926961000,那如果个子不像考生呢[色色R],5171ed4b01a6d3b3,嫐*,28,6,http://sns-webpic-qc.xhscdn.com/202608241430/73eb83da028e0e0c2d6876ff998d8c4b/comment/1040g4b83215bd7c7ned05oehjfkk14167h2mhf8!nd_whlt34_webp_wm_1,浙江,1787553006696
7,complete,GK2026D1,6a26c3b50000000015024218,6a26ca3b0000000029010821,,1780927036000,1,6a69eff5c5b9b8f8,薄***面,0,0,,湖南,1787553508070
7,complete,GK2026D1,6a26c3b50000000015024218,6a26cac0000000002902efe9,,1780927169000,[捂脸R],2c984dfaf4464712,爱***菜,1,0,,吉林,1787553508069
7,complete,GK2026D1,6a26c3b50000000015024218,6a26cb19000000002702df5e,,1780927257000,丢学生准考证的那个老师是当年丢自己准考证的那个吧,5bebcf276bf5deb8,神***啾,40,0,,广东,1787553341922
7,complete,GK2026D1,6a26c3b50000000015024218,6a26cb1900000000280085d6,,1780927258000,《水果大姐》,82d8050e0c052be8,D***a,0,0,,山东,1787553391805
7,complete,GK2026D1,6a26c3b50000000015024218,6a26cb2d0000000027028f0e,,1780927278000,云南,33cfeeb9a3ef5b5c,R***l,0,0,,云南,1787553508069
7,complete,GK2026D1,6a26c3b50000000015024218,6a26cb480000000027021731,6a26c9f000000000290346b9,1780927305000,我给考生送准考证[偷笑R],08f66dc3103c7a83,氩***！,8,0,,贵州,1787553257392
7,complete,GK2026D1,6a26c3b50000000015024218,6a26cc7300000000280351bb,,1780927603000,[笑哭R][笑哭R],c0f4b617ca55c045,无***吸,0,0,,广西,1787553508068
7,complete,GK2026D1,6a26c3b50000000015024218,6a26dd850000000029024a52,,1780931973000,为啥穿旗袍啊,3ef1064e8e8e9485,偶***刀,10,11,,天津,1787553006696
7,complete,GK2026D1,6a26c3b50000000015024218,6a26df7f000000002800b6fc,,1780932479000,@不卖烧烤的烧烤摊📸,aa7d745dbc600ce6,王***丘,0,0,,山东,1787553695958
7,complete,GK2026D1,6a26c3b50000000015024218,6a26df9300000000290187d5,6a26dd850000000029024a52,1780932499000,[doge]取旗开得胜的意头的,733f5e4bdf5de500,傲***）,93,0,,北京,1787553222631
7,complete,GK2026D1,6a26c3b50000000015024218,6a26e001000000002803cb7b,,1780932610000,昆明[石化R]你长点心吧[石化R]你这一沓要改写一个班的人生轨迹[微笑R],8a1026365ed94bde,徐***常,25,0,,云南,1787553308343
7,complete,GK2026D1,6a26c3b50000000015024218,6a26e061000000002b02870c,,1780932706000,哈哈哈哈哈[笑哭R],6901768153bc0bc5,小***天,0,0,,广东,1787553508067
7,complete,GK2026D1,6a26c3b50000000015024218,6a26e0d60000000028035eb3,,1780932823000,有外卖小哥真的把忘带准考证的学生带到站点，后面被帽子叔叔抓了[doge],9f44a6ed924c0bfd,自***筝,10,0,,广东,1787553308341
7,complete,GK2026D1,6a26c3b50000000015024218,6a26e0e7000000002701ee4c,,1780932839000,天才,8ed6266922471e60,k***k,0,0,,广西,1787553508066
7,complete,GK2026D1,6a26c3b50000000015024218,6a26e267000000002701697d,,1780933224000,@Pamper [坏笑R],dd46505ba26c41a6,未***因,0,0,,广东,1787553695957
7,complete,GK2026D1,6a26c3b50000000015024218,6a26e2f9000000002902ebbc,,1780933371000,人才,78096ec54723abed,海***e,8,0,http://sns-webpic-qc.xhscdn.com/202608241435/c14dd7ed533e532cebed5219a61459b1/comment/1040g2h03215lefa5ne5g5oq25ndmbirgu9qgpi0!nd_whgt34_webp_wm_1,云南,1787553341924
7,complete,GK2026D1,6a26c3b50000000015024218,6a26e3e2000000002702bbaf,,1780933603000,你真的认为头盔是来限制你的吗？,a456f5f5a4fabeaa,小***9,1,0,,河南,1787553646104
7,complete,GK2026D1,6a26c3b50000000015024218,6a26e4b7000000002a02ff5e,6a26c9f000000000290346b9,1780933816000,本来就有社会考生,0dcd6e7cbdfd0a41,浮***茶,6,0,,广东,1787553257394
7,complete,GK2026D1,6a26c3b50000000015024218,6a26e4bb000000002a02c006,,1780933820000,穿旗袍的弟弟是被美颜了吧？,4d448331693dd4cf,蝶***儿,2,0,,北京,1787553358689
7,complete,GK2026D1,6a26c3b50000000015024218,6a26e4cf000000002803aa28,,1780933839000,哈哈  我今天也是没戴头盔被喊下来了，但他们只说戴好不要着急[笑哭R][笑哭R],e9be4ab00943da4a,关*,0,0,,云南,1787553508066
7,complete,GK2026D1,6a26c3b50000000015024218,6a26e509000000002701c9c4,6a26dd850000000029024a52,1780933897000,不要穿，穿马面裙，马到成功🏆,b1c40727ff9c4d6c,涵*,6,0,,江苏,1787553240927
7,complete,GK2026D1,6a26c3b50000000015024218,6a26e54a00000000280326d2,,1780933962000,其实高考所有年龄段都能参加,ddc1285aa8d999b3,朱***磊,1,0,,陕西,1787553358690
7,complete,GK2026D1,6a26c3b50000000015024218,6a26e5a4000000002a0318e3,,1780934053000,其实我觉得那个怯考的，平时受到的老师家长和自己的压力得有多大[哭惹R],37034836adb986ce,傅***）,33,4,,广东,1787553006695
7,complete,GK2026D1,6a26c3b50000000015024218,6a26e5c4000000002a031dba,,1780934085000,马面服！马到功成,a86aa88a9e1274ec,峰***翩,0,0,,河北,1787553375291
7,complete,GK2026D1,6a26c3b50000000015024218,6a26e61a000000002803ebdf,6a26c9f000000000290346b9,1780934170000,其实高考生从一米五到一米九都有。。。,664182f2eaff574f,泣***臣,21,0,,江苏,1787553255932
7,complete,GK2026D1,6a26c3b50000000015024218,6a26e6b4000000002a027911,,1780934325000,最后一个左拍右拍愣是没有侵犯人家弟弟的肖像权,2c766b6969604e94,打***中,0,0,,湖北,1787553424868
7,complete,GK2026D1,6a26c3b50000000015024218,6a26e71f00000000280392d1,6a26e509000000002701c9c4,1780934432000,那还能说穿马面裙会马脸，群门多波折多嘞，对别人穿啥还要指指点点也是够无聊的,ee86dba758e6e393,时***风,12,0,,北京,1787553240928
7,complete,GK2026D1,6a26c3b50000000015024218,6a26e919000000002a02cfaa,,1780934938000,@bunnyZan [笑哭了R][笑哭了R][笑哭了R][笑哭了R][笑哭了R],58e07b815a478857,啊*,0,0,,贵州,1787553679364
7,complete,GK2026D1,6a26c3b50000000015024218,6a26ed070000000027017710,,1780935944000,那如果是比较小的呢就可以直接说送准考证是吗,51ba1d7796a3029b,-***☘,0,0,,四川,1787553508065
7,complete,GK2026D1,6a26c3b50000000015024218,6a26ef680000000028038596,,1780936552000,旗袍是满服，满人都是搞文字狱破坏中华文化的，穿旗袍相当于给考生下降头[笑哭R],0f9d181cb36ea9cd,后*,0,0,,重庆,1787553646104
7,complete,GK2026D1,6a26c3b50000000015024218,6a26ef82000000002a005018,,1780936578000,监考老师是统一住宾馆坐大巴去考场吧,a074f6c154a0e11e,阿***🦋,38,9,,四川,1787553006694
7,complete,GK2026D1,6a26c3b50000000015024218,6a26f06b000000002b001eaa,6a26e5a4000000002a0318e3,1780936811000,我高考的时候，是已经被模拟考月考给考麻木了，没啥感觉。,90b7f3d7543803e7,清*,11,0,,重庆,1787553205935
7,complete,GK2026D1,6a26c3b50000000015024218,6a26f0a4000000002a0243ea,,1780936869000,高考有不是只能应届考，都可以报名,77dbaba4ccc4cd0b,小***晚,1,0,,湖北,1787553375283
7,complete,GK2026D1,6a26c3b50000000015024218,6a26f159000000002803bdab,6a26dd850000000029024a52,1780937049000,感动自己[捂脸R][捂脸R],7c14d3f9b35a62e9,小***A,12,0,,广西,1787553224288
7,complete,GK2026D1,6a26c3b50000000015024218,6a26f17f0000000028008e4b,,1780937087000,垃圾永远是垃圾,0fde0e0130284def,小***C,0,0,,北京,1787553646103
7,complete,GK2026D1,6a26c3b50000000015024218,6a26f1ad000000002b029df1,,1780937134000,这班主任得罚吧 太可怕了 丢了全班的准考证 她也是个人才[汗颜R],0f347ebfe9ac7199,化***简,1,0,,河北,1787553646102
7,complete,GK2026D1,6a26c3b50000000015024218,6a26f200000000002902e929,,1780937216000,@山有桥松,fcd5cfada6a8cecc,动***股,0,0,,北京,1787553679363
7,complete,GK2026D1,6a26c3b50000000015024218,6a26f40b000000002900efa3,,1780937739000,@TRanSIent,e753da802a6afb1d,不*,0,0,,江苏,1787553679363
7,complete,GK2026D1,6a26c3b50000000015024218,6a26f596000000002900db0a,,1780938134000,今天下午我们楼上有个孩子忘记带准考证了，交警来家里拿准考证，一路警笛，孩子妈就一个劲抱怨，一个劲哭，,229310c57cd90864,娇***子,5,5,,河南,1787553308338
7,complete,GK2026D1,6a26c3b50000000015024218,6a26f7cf000000002b003417,,1780938703000,孩子，你忘带身份证，准考证这些都有老师，警察叔叔帮你！但是以后我的外卖忘了的话，我的准时宝可不是开玩笑的[萌萌哒R],9bdf101e301608ea,我***字,5,0,,广东,1787553308342
7,complete,GK2026D1,6a26c3b50000000015024218,6a26f7ff00000000280309b8,6a26ef82000000002a005018,1780938751000,都是各自去,2d32cffd8935dbe6,廿***淞,7,0,,江苏,1787553174478
7,complete,GK2026D1,6a26c3b50000000015024218,6a26f81b000000002900dacc,6a26ef82000000002a005018,1780938780000,你别说，我今天去监考的路上真跟人家刮蹭了[失望R]赶紧加个联系方式就去监考了,2d32cffd8935dbe6,廿***淞,45,0,,江苏,1787553172811
7,complete,GK2026D1,6a26c3b50000000015024218,6a26fae4000000002a02dc06,,1780939492000,"不完全统计，目前战报已经：
走错考场：39
忘带身份证：20
忘带准考证：45
迟到：2
家长休克：1
丢准考证：20
丢身份证：32                                
手机带入考场被家长叫回：1        
带相机进考场被拦：1                    
报错科目：1                                     
 没上送考车：2
车钥匙丢了：1
怯场腿软走不了路：1                                                  全家起晚：1",a0e531e1c69ad07e,阔***觉,402,27,,重庆,1787553525648
7,complete,GK2026D1,6a26c3b50000000015024218,6a26faf6000000002a00733d,6a26fae4000000002a02dc06,1780939510000,"老师弄丢全班准考证:   1
用无人机拍考场被抓:  1
送考生去考场翻车:   1
考前打哈欠下巴脱臼：1
未涂卡：1",a0e531e1c69ad07e,阔***觉,156,0,,重庆,1787553540658
7,complete,GK2026D1,6a26c3b50000000015024218,6a26fb90000000002702898b,,1780939664000,准考证有没有分享一下的，以防下次我被叔叔逮住我也装一波[暗中观察R][暗中观察R],31800de06aff5044,啷***的,0,0,,广东,1787553508064
7,complete,GK2026D1,6a26c3b50000000015024218,6a270b4b00000000290192aa,,1780943691000,[害羞R],423e18642be10473,念*,0,0,,四川,1787553508062
7,complete,GK2026D1,6a26c3b50000000015024218,6a2712f7000000002803aefb,6a26c9f000000000290346b9,1780945655000,第N次复读生，长的比较着急,b9614ab8060f02b0,A***商,1,0,,福建,1787553257395
7,complete,GK2026D1,6a26c3b50000000015024218,6a271587000000002702946f,6a26e71f00000000280392d1,1780946311000,食人族居然还会打字,5ba7ffbfa4b7feb3,北*,6,0,,山东,1787553240928
7,complete,GK2026D1,6a26c3b50000000015024218,6a27189a00000000270223ef,6a26fae4000000002a02dc06,1780947098000,看来的确是有什么东西投胎成人了[捂脸R],3925f77a2b7164be,m***o,94,0,,上海,1787553542876
7,complete,GK2026D1,6a26c3b50000000015024218,6a271a2a000000002a0053f0,6a26e5a4000000002a0318e3,1780947498000,这个不好说是他太脆弱不会调节还是真的是家长问题，但是心理素质太差也确实不适合参加高考高考考的也不只是文化课,53db7e5c647d39fc,z***💭,3,0,,陕西,1787553207625
7,complete,GK2026D1,6a26c3b50000000015024218,6a271e30000000002803c833,6a26f81b000000002900dacc,1780948529000,高考吗,e435c2bccabc17dd,我***面,1,0,http://sns-webpic-qc.xhscdn.com/202608241432/37005a717a23fe9fc6c65834e040cee9/comment/1040g2h03215slogi7k005og3cttk1m1vvqeibko!nd_whgt34_webp_wm_1,河南,1787553174480
7,complete,GK2026D1,6a26c3b50000000015024218,6a2722ec00000000270224cc,6a26ef82000000002a005018,1780949740000,我们没人管，自己去[笑哭R]谁给你出车费住宿费啊，一共3天➕半天开会➕监考前的学习、考试，才给400多[笑哭R],1e04eed7e32f00e6,暴***🐑,2,0,,河北,1787553190932
7,complete,GK2026D1,6a26c3b50000000015024218,6a27234d0000000028009f9c,6a26f596000000002900db0a,1780949838000,不是一家人不进一家门[抠鼻R],2e38262caa872d95,*,0,0,,上海,1787553323347
7,complete,GK2026D1,6a26c3b50000000015024218,6a273154000000002701e11e,6a26fae4000000002a02dc06,1780953429000,昨天我之前语文老师带的班有人身份证跟准考证一起丢了[流汗R][微笑R],12d5cab7c629738d,m***o,9,0,,河北,1787553542877
7,complete,GK2026D1,6a26c3b50000000015024218,6a2734f6000000000d023000,6a26fae4000000002a02dc06,1780954359000,[笑哭R],33a8c01fca594f03,深***飘,0,0,,美国,1787553542878
7,complete,GK2026D1,6a26c3b50000000015024218,6a273724000000002803b7ac,,1780954916000,就说大考也有筛选运气的作用，丢证儿那批后续还能丢别的，延误那批以后还会延误，至于丢了又回来延误又赶上的后续也有可能继续保持，挺好挺好,c3349623f3711ce0,麦*,0,0,,湖北,1787553424865
7,complete,GK2026D1,6a26c3b50000000015024218,6a27432f000000002a0320af,,1780957999000,丢了一打准考证，估计老师要急疯了[抓狂R],bd51dcb4c9f16dca,鼹*,1658,23,,山东,1787553006693
7,complete,GK2026D1,6a26c3b50000000015024218,6a27435c000000002701db8d,,1780958044000,把全班准考证弄丢，要是找不到，不是教资能不能保住的问题，要考虑保命。,6bbbd5a959d733e4,小***C,3,0,,江苏,1787553358693
7,complete,GK2026D1,6a26c3b50000000015024218,6a2744e0000000002803ec98,6a271e30000000002803c833,1780958432000,我要困死了,2d32cffd8935dbe6,廿***淞,1,0,,江苏,1787553174481
7,complete,GK2026D1,6a26c3b50000000015024218,6a2744e70000000029010573,6a271e30000000002803c833,1780958439000,对啊,2d32cffd8935dbe6,廿***淞,1,0,,江苏,1787553174482
7,complete,GK2026D1,6a26c3b50000000015024218,6a2748e9000000002701df59,6a26ef82000000002a005018,1780959465000,监考老师待遇没这么好[doge],9e4fe797aa690a17,小***3,0,0,,河南,1787553174482
7,complete,GK2026D1,6a26c3b50000000015024218,6a274e1800000000270239ee,6a271587000000002702946f,1780960793000,哈哈哈你小子,2dcc9e975483671e,造***业,0,0,,浙江,1787553224290
7,complete,GK2026D1,6a26c3b50000000015024218,6a274ed6000000002902c4c4,,1780960983000,丢一一沓准考证其实也不是第一次了，之前也有,c62a7c5e24233888,筱***笙,0,0,,安徽,1787553391801
7,complete,GK2026D1,6a26c3b50000000015024218,6a2750a7000000002b00012d,6a271587000000002702946f,1780961448000,ip看起像,8a8b379529dcc338,淡***蓝,0,0,,四川,1787553224291
7,complete,GK2026D1,6a26c3b50000000015024218,6a27516d0000000029011222,,1780961645000,弟弟真妩媚多姿,42c99aa694bffd40,云***忧,0,0,,广东,1787553474775
7,complete,GK2026D1,6a26c3b50000000015024218,6a2754b8000000002b003f0c,,1780962488000,高考4天。,dfbe4da5ddbd1b2f,方*,0,0,,浙江,1787553474775
7,complete,GK2026D1,6a26c3b50000000015024218,6a275508000000002b00050a,6a26f06b000000002b001eaa,1780962568000,其实我考完第一科就还好了，今天又有点慌[捂脸R],37034836adb986ce,傅***）,0,0,,广东,1787553207623
7,complete,GK2026D1,6a26c3b50000000015024218,6a275794000000002902cd54,,1780963220000,@💊🌻,e663a2647a09cc6c,m***o,0,0,,浙江,1787553679362
7,complete,GK2026D1,6a26c3b50000000015024218,6a27590f0000000028035b7e,6a26f596000000002900db0a,1780963600000,指不定就是这妈拖后腿呢，我现实中认识的这种家长一般都会有的操作，就是一直催催催嘴巴嘟囔个不停，搞的孩子着急忙慌的就出门了,06d33e9f591e4b0e,是***呀,11,0,,河南,1787553325331
7,complete,GK2026D1,6a26c3b50000000015024218,6a275f1c000000002800885f,6a27432f000000002a0320af,1780965149000,[点赞R],9f3f30366c703f7d,汪*,3,0,,广东,1787553039959
7,complete,GK2026D1,6a26c3b50000000015024218,6a275f860000000027022bd8,,1780965255000,还可以说自己是去xx学校送准考证的[doge],a5623140c343e917,晴***。,0,0,,浙江,1787553408350
7,complete,GK2026D1,6a26c3b50000000015024218,6a2762b200000000280359d1,,1780966067000,这是啥值得宣言怀的事嘛[汗颜R],6ec8ed2271c2ba1e,当***g,0,0,,山东,1787553646102
7,complete,GK2026D1,6a26c3b50000000015024218,6a276313000000002701dc87,,1780966164000,中考的时候骗着弟弟穿了一次旗袍，这次高考，弟弟打死都不穿了[偷笑R],7ee8465326222323,每***烦,1,0,,云南,1787553474774
7,complete,GK2026D1,6a26c3b50000000015024218,6a27633f000000002803ee49,,1780966207000,试考场的时候我朋友他们考场的一个女生直接当场尿了还被救护车送走了[笑哭R],830982be6a89930b,*,1,1,,四川,1787553341927
7,complete,GK2026D1,6a26c3b50000000015024218,6a27646c000000002701cc5e,,1780966508000,@lucky [笑哭R][笑哭R][笑哭R],62971aa1e763a890,小***学,0,0,,上海,1787553679361
7,complete,GK2026D1,6a26c3b50000000015024218,6a276749000000002a032995,6a26fae4000000002a02dc06,1780967242000,@香肠猴,e476778b7eaaa7fc,面***。,0,0,,安徽,1787553542879
7,complete,GK2026D1,6a26c3b50000000015024218,6a2767e600000000270171e1,6a27432f000000002a0320af,1780967398000,@江小树,9bbdad816af1b4ab,狼*,1,0,,重庆,1787553039961
7,complete,GK2026D1,6a26c3b50000000015024218,6a2767f100000000290181c9,6a26faf6000000002a00733d,1780967410000,还有一个被困在小区电梯里的[笑哭R],8b25d6963f4e7ed4,红*,4,0,,湖南,1787553542880
7,complete,GK2026D1,6a26c3b50000000015024218,6a2768560000000028009ce4,6a2722ec00000000270224cc,1780967511000,我大河北这么低呢[捂脸R][捂脸R]昨天才刷到高考1000中考800的[捂脸R][捂脸R],5bf2ea61d0fb09c7,l***i,0,0,,河北,1787553190929
7,complete,GK2026D1,6a26c3b50000000015024218,6a27692c000000002702e1f2,6a27633f000000002803ee49,1780967724000,生病很好笑吗，可能是生病晕倒休克尿失禁。。,5bf2ea61d0fb09c7,l***i,22,0,,河北,1787553356938
7,complete,GK2026D1,6a26c3b50000000015024218,6a276975000000002902d335,6a27432f000000002a0320af,1780967798000,这个真的太好笑了全班都跟着倒霉。,60e9e67c5adaef4b,有***桃,499,0,,新疆,1787553038221
7,complete,GK2026D1,6a26c3b50000000015024218,6a276a65000000002701630f,,1780968038000,沈阳出了个霸王龙[色色R],a5c3b00e2a0945f8,💎***聿,11,1,,福建,1787553308341
7,complete,GK2026D1,6a26c3b50000000015024218,6a276a940000000027021199,6a276a65000000002701630f,1780968085000,,a5c3b00e2a0945f8,💎***聿,0,0,http://sns-webpic-qc.xhscdn.com/202608241435/82bc98e66fb0469f4b71e7f942e94036/comment/1040g2h0321656adjn4605p96e7mqof9v3ge8rpo!nd_whlt34_webp_wm_1,福建,1787553340337
7,complete,GK2026D1,6a26c3b50000000015024218,6a276b7f000000002701da6f,6a26fae4000000002a02dc06,1780968320000,有个把房卡当身份证的,2ff8ab1c52681a56,J***a,2,0,,美国,1787553560070
7,complete,GK2026D1,6a26c3b50000000015024218,6a276bac000000002a02ce00,,1780968365000,就像当年一个人一个靶场一样，每一枪都得打上靶，因为旁边没有乱打靶的人[doge][doge],9b67bd6c003a653f,雨***清,0,0,,广东,1787553408358
7,complete,GK2026D1,6a26c3b50000000015024218,6a276d0500000000290114c8,,1780968710000,别信，我同事来监考就在学校门口被罚了,70753d50ee64d090,不***雨,1,0,,山东,1787553358693
7,complete,GK2026D1,6a26c3b50000000015024218,6a277094000000002a027f63,,1780969621000,那些说准考证不可能放一起丢的孩子，我们当年准考证都是老师保管然后到考场门口给你的，以至于高考那年我始终想不明白出租车公交车凭准考证免费乘坐到底是哪个学校的学生可以享受这种福利[doge],60cc0e077f3972f7,雷***克,1,0,,江西,1787553308344
7,complete,GK2026D1,6a26c3b50000000015024218,6a2774b3000000002b02b0b9,,1780970675000,我们学校的，全班准考证丢的那个…,9d22753b5ad8efd4,拉***！,1,0,,云南,1787553474774
7,complete,GK2026D1,6a26c3b50000000015024218,6a2778a9000000002901ac1c,,1780971689000,😦人怎么能聪明到这种程度@momo,2eed53e62ec939ef,连*,0,0,,安徽,1787553474773
7,complete,GK2026D1,6a26c3b50000000015024218,6a277a2d000000002b001ae4,,1780972078000,终于刷到新剧情了,8d87418acec47c8c,呼***哈,0,0,,辽宁,1787553474772
7,complete,GK2026D1,6a26c3b50000000015024218,6a277d17000000002702a2f8,6a26fae4000000002a02dc06,1780972823000,报错科目有两 哦知道的 除了那个逆天地理变生物    我们这还有个考生物化生报成物政地[偷笑R][偷笑R][偷笑R],2f48182a5583923e,暮***）,2,0,,湖北,1787553560072
7,complete,GK2026D1,6a26c3b50000000015024218,6a277fe5000000002a032ae6,,1780973542000,这不是去考驾照吗。,cb3aa728f0f70285,且***吟,3,0,http://sns-webpic-qc.xhscdn.com/202608241436/cceb9b4780f94aa5738de697fdf4ea51/comment/1040g4b832168jdt17o3g5o2ok0v09f8cl2j2rgg!nd_whlt34_webp_wm_1,甘肃,1787553408357
7,complete,GK2026D1,6a26c3b50000000015024218,6a2783c6000000002702cdfa,,1780974534000,我们这有个清北苗子考语文死活不进考场@蓝泡泡,be7710f60a6a64ca,用***销,3,3,,江苏,1787553474771
7,complete,GK2026D1,6a26c3b50000000015024218,6a278622000000002300f537,,1780975139000,我去那个丢学生准考证的老师非常的不靠谱啊,e3174fa62eb27b17,是***啊,0,0,,广东,1787553646101
7,complete,GK2026D1,6a26c3b50000000015024218,6a2786a6000000002900c537,6a26faf6000000002a00733d,1780975270000,还有在校门口斗地主的,fb99f7db4c3c9a74,F***z,0,0,,安徽,1787553560073
7,complete,GK2026D1,6a26c3b50000000015024218,6a27871400000000280397ff,6a26fae4000000002a02dc06,1780975397000,,fb99f7db4c3c9a74,F***z,0,0,http://sns-webpic-qc.xhscdn.com/202608241439/e78e1a67ef55549c2d249070096b970a/comment/1040g4b832169fgiino5g5pdktg2jkts9mn7theg!nd_whgt34_webp_wm_1,安徽,1787553560073
7,complete,GK2026D1,6a26c3b50000000015024218,6a278ca9000000002900f22c,,1780976809000,一个人一个考场的，监考老师：同学眼睛累了可以左右看看缓解一下，坐久了不舒服也可以站起来在教室走走。隔壁教室考生：天黑了！误闯天家～[石化R],d2738a7780dbffa2,G***z,1,0,,陕西,1787553308345
7,complete,GK2026D1,6a26c3b50000000015024218,6a278f6b000000002a030106,,1780977516000,穿旗袍是什么梗？,138f5ecc3a34e5f2,小*,2,2,,北京,1787553006697
7,complete,GK2026D1,6a26c3b50000000015024218,6a278f7d000000002a005b5d,,1780977534000,为啥老师要拿着所有人的准考证呢？,138f5ecc3a34e5f2,小*,41,13,,北京,1787553006694
7,complete,GK2026D1,6a26c3b50000000015024218,6a279111000000002803fb68,6a278f7d000000002a005b5d,1780977937000,因为老师怕学生太马虎，弄丢了[暗中观察R],8640049e5e31cb6c,m***o,259,0,,河北,1787553122150
7,complete,GK2026D1,6a26c3b50000000015024218,6a2791460000000028037cba,6a279111000000002803fb68,1780977991000,结果老师马虎[捂脸R],b6cc9b54d33fb07f,小***儿,198,0,,北京,1787553123689
7,complete,GK2026D1,6a26c3b50000000015024218,6a279201000000002a007e28,6a26c9f000000000290346b9,1780978178000,参考杨宇光,d755b81cd66c2266,水***q,0,0,,江苏,1787553257396
7,complete,GK2026D1,6a26c3b50000000015024218,6a2794360000000029036321,6a2791460000000028037cba,1780978743000,笑死我了哈哈哈哈,da60cddcafbe9180,？***？,5,0,,安徽,1787553123690
7,complete,GK2026D1,6a26c3b50000000015024218,6a27949a000000002b027e39,6a27432f000000002a0320af,1780978842000,@猫子是学分呐 ,83f01be8de704fb0,A***a,2,0,,黑龙江,1787553039962
7,complete,GK2026D1,6a26c3b50000000015024218,6a2795b4000000002803e739,6a26fae4000000002a02dc06,1780979124000,我还刷到一个肺泡破了,786025f43e26248c,梵*,0,0,,河南,1787553560074
7,complete,GK2026D1,6a26c3b50000000015024218,6a2797f4000000002803ecfb,6a27432f000000002a0320af,1780979700000,这真是天塌了,74a7d55278b68403,幽***点,19,0,,湖南,1787553039962
7,complete,GK2026D1,6a26c3b50000000015024218,6a2798280000000028031b07,6a26f596000000002900db0a,1780979753000,[笑哭R],74a7d55278b68403,幽***点,0,0,,湖南,1787553325328
7,complete,GK2026D1,6a26c3b50000000015024218,6a279951000000002a030536,,1780980050000,教师资格证书，监考资格证书[doge],7cc2eb865b301f11,噬***羽,0,0,,四川,1787553341930
7,complete,GK2026D1,6a26c3b50000000015024218,6a2799ed000000002900c017,,1780980205000,也可以说自己是社会考生[偷笑R],8e92f8d33b30c242,M***o,0,0,,浙江,1787553375292
7,complete,GK2026D1,6a26c3b50000000015024218,6a279a3d000000002900d275,,1780980285000,我姐就是高考考语文晕倒了[哭惹R],c5081b2e3ae02042,乐***多,0,0,,广东,1787553474770
7,complete,GK2026D1,6a26c3b50000000015024218,6a279bf9000000002702e950,6a26dd850000000029024a52,1780980729000,旗开得胜，紫定能行,4672056478784421,旺***到,0,0,,上海,1787553224292
7,complete,GK2026D1,6a26c3b50000000015024218,6a279c1600000000290372dc,,1780980759000,？,e500ee9f4674e8f5,给***汪,0,0,,浙江,1787553474769
7,complete,GK2026D1,6a26c3b50000000015024218,6a279d680000000028034b23,6a26faf6000000002a00733d,1780981096000,还有个把英语编码带出来的,f6651d876185ec16,A***a,1,0,,江苏,1787553579185
7,complete,GK2026D1,6a26c3b50000000015024218,6a279da0000000002a004794,6a278f7d000000002a005b5d,1780981153000,很多是学校领导要求的,6a8df6bd306cb9c1,m***o,9,0,,河南,1787553123691
7,complete,GK2026D1,6a26c3b50000000015024218,6a279e6d000000002702ee55,,1780981357000,不，沈阳那个是临时去医馆找的,6f26ddc0b5ab3c53,映***.,0,0,,辽宁,1787553474767
7,complete,GK2026D1,6a26c3b50000000015024218,6a27a04d0000000028032b0e,,1780981838000,为啥会紧张。我一遇到考试就激动兴奋，肾上腺素飙升。我高考时候老兴奋了。,5e309806046a174f,虚***缘,0,0,,意大利,1787553457958
7,complete,GK2026D1,6a26c3b50000000015024218,6a27a16c0000000028032a82,6a26dd850000000029024a52,1780982125000,“旗”开得胜,2c6a5c2d5c7107dc,*,0,0,,湖北,1787553224292
7,complete,GK2026D1,6a26c3b50000000015024218,6a27a436000000002a02c627,6a26f596000000002900db0a,1780982839000,这妈心理素质也太差了。。,d81f16d6cc450257,黏***.,0,0,,河南,1787553325332
7,complete,GK2026D1,6a26c3b50000000015024218,6a27a61d000000002b02429e,,1780983325000,在我们广西就没办法了， 压根没有送考的，就不提啥中医了[笑哭R][笑哭R][笑哭R],67420d88131d4ebd,福***焱,0,0,,广西,1787553408357
7,complete,GK2026D1,6a26c3b50000000015024218,6a27a6cf0000000028008817,6a27432f000000002a0320af,1780983503000,@佳仪的小仓鼠,cfb34354161889d2,*,0,0,,天津,1787553039963
7,complete,GK2026D1,6a26c3b50000000015024218,6a27a9b3000000002701f7ad,6a279111000000002803fb68,1780984243000,弄丢准考证的那批人当老师了[doge][doge][笑哭R],bab741a9b6499a3f,无***人,17,0,,河北,1787553123692
7,complete,GK2026D1,6a26c3b50000000015024218,6a27ab8a000000002701cf15,6a278f7d000000002a005b5d,1780984715000,我刚刚问了豆包，她说为保证高考的公平公正，该功能于考试期间暂时关闭。每场考试结束后，豆包会重新开启此功能。祝愿所有考生高考顺利！,433769d6614d3935,速***家,4,0,,浙江,1787553123692
7,complete,GK2026D1,6a26c3b50000000015024218,6a27ac810000000027021da0,,1780984962000,我是物化地，我刚刚考完回家，我们四川这边前两天才下的雨，就是在第一天的时候刚考完语文，我们上车要收准考证，准考证是塑封了的，然后大家的准考证要受点雨水变湿了，然后呢，老师一边数人头一边数准考证，就发现一个同学的准考证不见了，然后以为是掉了，然后满车的找，最后老师没办法的，中午的时候给他补办了一份,f62611205b5615b5,发***）,18,3,,四川,1787553006691
7,complete,GK2026D1,6a26c3b50000000015024218,6a27ac8b000000002900c267,6a27a436000000002a02c627,1780984972000,他妈妈一直反反复复的碎碎念，是个特别强势的人,229310c57cd90864,娇***子,1,0,,河南,1787553325329
7,complete,GK2026D1,6a26c3b50000000015024218,6a27acab00000000270224db,6a27ac810000000027021da0,1780985004000,以学校的名义帮他补办了之后，考完数学有一个同学说我在考场里面准考证，不想掉地上一个变两个了，原来是他的准考证和那个同学的准考证粘在一起了[大便R],f62611205b5615b5,发***）,10,0,http://sns-webpic-qc.xhscdn.com/202608241430/d0e2e689a056911a754c21b6c058eee8/comment/1040g2h03216e2alqn25g5oeh3sg41ro50sa630o!nd_whgt34_webp_wm_1,四川,1787553021699
7,complete,GK2026D1,6a26c3b50000000015024218,6a27b0ec000000002b028308,,1780986092000,我想知道要是那个老师的准考证没找到咋办？,b5e0a834aeb81608,泽***盐,0,0,,江苏,1787553457958
7,complete,GK2026D1,6a26c3b50000000015024218,6a27b101000000002702f497,,1780986113000,我们班学生自己一个人一个考场，仨监考老师[捂脸R],03a1bc053ad6ea2b,迁*,0,0,,安徽,1787553358688
7,complete,GK2026D1,6a26c3b50000000015024218,6a27b267000000002a025acc,,1780986471000,考完来上1集就是爽,aad47a5676fea79c,小*,0,0,,广东,1787553358694
7,complete,GK2026D1,6a26c3b50000000015024218,6a27b464000000002203fd17,6a278f6b000000002a030106,1780986981000,旗开得胜[大笑R],e37be4ce965ad2fc,小***1,7,0,,北京,1787553272400
7,complete,GK2026D1,6a26c3b50000000015024218,6a27b607000000002701d1af,6a26fae4000000002a02dc06,1780987400000,我们学校监考老师休克了[笑哭R],16490c45ea000d3f,秋*,1,0,,浙江,1787553579187
7,complete,GK2026D1,6a26c3b50000000015024218,6a27b62c000000002701d8bf,6a26fae4000000002a02dc06,1780987436000,我在2楼考试，然后当时是在考数学，就听见上面巨吵无比，出来之后才发现是5楼的一个监考老师晕倒了，然后校长在叫救护车,16490c45ea000d3f,秋*,1,0,,浙江,1787553579188
7,complete,GK2026D1,6a26c3b50000000015024218,6a27b85a000000002a02ecb7,6a26e5a4000000002a0318e3,1780987995000,我当年高考的时候，英语考的特别差，在考场上感觉自己读不懂。出考场下楼的时候腿软一下子跪下去了，爬起来接着走，我妈说我出来脸都是白的。吃完饭下午接着平静的考理综。果然英语奇差，但语文发挥的不错又捞了点回来,7953ef53236b6616,m***o,1,0,,北京,1787553207624
7,complete,GK2026D1,6a26c3b50000000015024218,6a27bc0e0000000029034ad0,,1780988942000,监考老师比学生更早到校[doge][doge][doge],ef3a68e4daa0a6e8,梦*,0,0,,福建,1787553391798
7,complete,GK2026D1,6a26c3b50000000015024218,6a27bca4000000002900f847,,1780989093000,高考喊话女生被开盒，请传播一下,36b166f14394707d,柚***你,145,1,,河南,1787553006695
7,complete,GK2026D1,6a26c3b50000000015024218,6a27bfa2000000002800bae4,,1780989858000,考之前我就觉得这一届有点诡异，就冲着天天在小红书上发那些问题吧，这开始考了果然比往届抽象,ac539d8585a99925,无***夫,1,0,,山东,1787553424861
7,complete,GK2026D1,6a26c3b50000000015024218,6a27c200000000002b0019fe,6a26fae4000000002a02dc06,1780990464000,@知岁 快看这个。,816d6e710456fde1,S***空,0,0,,河南,1787553579189
7,complete,GK2026D1,6a26c3b50000000015024218,6a27c2d6000000002b024f39,6a26fae4000000002a02dc06,1780990678000,好像有个肩膀脱臼的,cd19e7b2e431268f,J***r,0,0,,辽宁,1787553579189
7,complete,GK2026D1,6a26c3b50000000015024218,6a27c461000000002b003645,,1780991074000,@大MOMO（有事私）,edaa0708433d33db,m***o,0,0,,加拿大,1787553679361
7,complete,GK2026D1,6a26c3b50000000015024218,6a27c7a50000000028035ca5,,1780991909000,我打车去送考，司机来的时候慢慢悠悠的，我说完，他开飞起来了[笑哭R],f02310561c6c8dfb,D***c,0,0,,黑龙江,1787553358691
7,complete,GK2026D1,6a26c3b50000000015024218,6a27c8ec0000000028031a25,,1780992236000,[害羞R][哇R]有没有同样是准大一的同学一起，大学真的不能太摆烂，真的要学点真东西不至于毕业即失业[失望R]，想找个搭子一起相互督促。本人超绝enfj人，会规划，现阶段打算暑假把英语技能学好过四六级。[哇R]我们可以每天相互打卡，一起进步[喝奶茶R],0bd178f3440e21c3,肉***椒,0,0,,浙江,1787553341930
7,complete,GK2026D1,6a26c3b50000000015024218,6a27c8f2000000002900e0b6,,1780992243000,[害羞R][哇R]有没有同样是准大一的同学一起，大学真的不能太摆烂，真的要学点真东西不至于毕业即失业[失望R]，想找个搭子一起相互督促。本人超绝enfj人，会规划，现阶段打算暑假把英语技能学好过四六级。[哇R]我们可以每天相互打卡，一起进步[喝奶茶R],0bd178f3440e21c3,肉***椒,0,0,,浙江,1787553646100
7,complete,GK2026D1,6a26c3b50000000015024218,6a27c99a00000000270162d9,,1780992410000,难绷，这单人一个考场的居然是我们市的高中[捂脸R][捂脸R]这也能刷到[笑哭R],0b54038baf7003e7,钏*,0,0,,广东,1787553457958
7,complete,GK2026D1,6a26c3b50000000015024218,6a27ce14000000002803c34a,,1780993556000,一个人的是不是考日语什么的别的语种，我们那个时候有人考日语就一个人一个考场[笑哭R],2f29b679f9de2d4f,人***钱,0,0,,浙江,1787553457957
7,complete,GK2026D1,6a26c3b50000000015024218,6a27d47200000000270146e4,,1780995186000,岀,91d4a9e333f2e4ce,V***y,0,0,,江苏,1787553457957
7,complete,GK2026D1,6a26c3b50000000015024218,6a27d8c0000000002a00495a,,1780996289000,刚考完的我就这样美滋滋的看着这些npc[偷笑R],558e2d22e9ebf450,Y***~,0,0,,湖北,1787553457956
7,complete,GK2026D1,6a26c3b50000000015024218,6a27db4c000000002b000393,,1780996940000,丢了一打准考证的那个原视频在我妈家校群里！！！！我要笑死了,d94d0aaa5731183f,责*,16,3,,云南,1787553006697
7,complete,GK2026D1,6a26c3b50000000015024218,6a27db5e00000000290357e4,6a27db4c000000002b000393,1780996959000,真的！！！,d94d0aaa5731183f,责*,0,0,,云南,1787553289129
7,complete,GK2026D1,6a26c3b50000000015024218,6a27dcef000000002803b8f0,6a26fae4000000002a02dc06,1780997360000,还有一个拍高考vlog的[doge][捂脸R],bd4e0f1154be50b1,掷***.,1,0,,广东,1787553596139
7,complete,GK2026D1,6a26c3b50000000015024218,6a27dcfd000000002903603a,,1780997374000,@乱世之魔 @透明泪轨,090ab3f02b340053,耄***🚭,2,1,http://sns-webpic-qc.xhscdn.com/202608241437/6c85be1e559fa5f84c6c40313b903e21/comment/1040g4b83216jjgc0nkd05pkstp0942svhiecvt8!nd_whlt34_webp_wm_1,江苏,1787553457956
7,complete,GK2026D1,6a26c3b50000000015024218,6a27de01000000002a0079f9,,1780997634000,我去年高考就是老师把我准考证弄丢了 第一门语文去了告诉我准考证没了 一堆领导围着我 我倒是还好只是我妈快急死了[笑哭R],78bd4e5c2df90dc1,洋***油,2,0,,陕西,1787553341928
7,complete,GK2026D1,6a26c3b50000000015024218,6a27de92000000002a02f8a7,,1780997779000,或者说你重读了无限年[心心眼R],107aa0f075dda027,群***😡,0,0,,湖北,1787553408358
7,complete,GK2026D1,6a26c3b50000000015024218,6a27e0900000000027015ca6,,1780998289000,@余白 @思无邪,83fb3a9b40aa3225,花***籽,0,0,,山东,1787553679360
7,complete,GK2026D1,6a26c3b50000000015024218,6a27e091000000002800834e,6a278f7d000000002a005b5d,1780998290000,老师怕我们忘带或者弄丢啥的，就会把我们的准考证和身份证都收上去，每科考试前再发下来，还可以看学生有没有都到，要是时间快到了还有人没去找老师领准考证身份证老师就会知道，就可以赶紧打电话给家长或者学生。每一科考完都要收回去然后表格打勾确认每个人都交了，考前再发下来。还不能别人帮忙拿，必须亲自去找老师拿,012d5119de41235e,汤***圆,2,0,,福建,1787553140649
7,complete,GK2026D1,6a26c3b50000000015024218,6a27e1a50000000027023e70,6a26fae4000000002a02dc06,1780998565000,操家长休克。,b14aa191218a67d9,叶***遥,0,0,,四川,1787553596141
7,complete,GK2026D1,6a26c3b50000000015024218,6a27e5400000000027021b21,,1780999488000,这有点离谱啊，为啥我见到了五六十张高考准考证？,7a76fe0b54250d85,小***9,0,0,,浙江,1787553391803
7,complete,GK2026D1,6a26c3b50000000015024218,6a27e56e0000000029025840,,1780999536000,我是吃到了高考的黑利了[失望R][失望R][失望R],0c0ec23547cf73ad,m***o,1,0,http://sns-webpic-qc.xhscdn.com/202608241437/196685ebac40b0658d4f3e83dcb055b7/comment/1040g4b83216l02997edg4bes8evvgj7tn4fbarg!nd_whgt34_webp_wm_1,上海,1787553457955
7,complete,GK2026D1,6a26c3b50000000015024218,6a27e71a000000002901a159,6a27432f000000002a0320af,1780999962000,幸亏找到了，不然家长都能吃了他。,a2b6c6bc8e14e7c0,臭***~,13,0,,新疆,1787553056497
7,complete,GK2026D1,6a26c3b50000000015024218,6a27e7d6000000002b0038c5,,1781000151000,我们考前几天楼下文科班课代表搬作业把隔壁班全班准考证（在隔壁班班主任桌旁边的小桌子上）意外夹带搬走了，那个班主任回来一看没了吓的要死，告诉同事同事也开始清点自己班的，一群老师四处问，好在没多久那个课代表就发现了归还[捂脸R],e2f15d4a2501d5bc,茶***艺,0,0,,江苏,1787553525656
7,complete,GK2026D1,6a26c3b50000000015024218,6a27e9b800000000290354f8,,1781000633000,错失亿，我真有教资啊[哭惹R],2deaf7ad96740ba6,土***兔,0,0,,江苏,1787553408355
7,complete,GK2026D1,6a26c3b50000000015024218,6a27ea1b00000000270203e4,,1781000732000,@墨戈,fbdd56478ed398e9,凛*,0,0,,河南,1787553679360
7,complete,GK2026D1,6a26c3b50000000015024218,6a27eb790000000027015017,6a27432f000000002a0320af,1781001082000,准考证不是可以重复打印的吗？,ea748db99e155544,黄***桃,1,0,,浙江,1787553056498
7,complete,GK2026D1,6a26c3b50000000015024218,6a27ed6d000000002902ec11,,1781001581000,@Hannah,863d0cc20820ec62,s***^,0,0,,广东,1787553679359
7,complete,GK2026D1,6a26c3b50000000015024218,6a27ef42000000002902fb46,,1781002051000,@蝶る恋 @咯咯哒 @余ング,e79ed22fbb26ffbd,し***🐰,0,0,,上海,1787553679357
7,complete,GK2026D1,6a26c3b50000000015024218,6a27f02a00000000280385e5,6a26fae4000000002a02dc06,1781002282000,@小数. 。？还有统计的,60dd8d8329732c4d,动***.,0,0,,贵州,1787553596141
7,complete,GK2026D1,6a26c3b50000000015024218,6a27f1870000000027029a7b,6a27eb790000000027015017,1781002632000,要真这么容易，你觉得为什么那些高考没带准考证的会这么着急？,0b3bf2abdbc25872,六***萬,3,0,,安徽,1787553107144
7,complete,GK2026D1,6a26c3b50000000015024218,6a27f45e0000000029010b56,6a278f6b000000002a030106,1781003359000,穿旗袍孩子还拿着向日葵🌻 一举夺魁,75c8c07e389d5afc,是***～,2,0,,湖北,1787553274126
7,complete,GK2026D1,6a26c3b50000000015024218,6a27f6c1000000002901abfc,,1781003969000,我下一条视频想看圆梦之星。,c95b7054bdec1c09,d***花,0,0,,上海,1787553525656
7,complete,GK2026D1,6a26c3b50000000015024218,6a27f8360000000028034169,6a27eb790000000027015017,1781004343000,一些地方的准考证不是纸，是卡片，像银行卡一样,f396f4268d3061de,m***藓,0,0,,天津,1787553056499
7,complete,GK2026D1,6a26c3b50000000015024218,6a27fb5100000000270287c6,6a26fae4000000002a02dc06,1781005138000,感谢流光忆庭在前线为观众带来的情报,69b2819a82691896,缇***萤,0,0,,广东,1787553596142
7,complete,GK2026D1,6a26c3b50000000015024218,6a27fbc6000000002a0061a6,,1781005255000,@猫猫保安大队队长 [笑哭R]好精彩,45cf69dd62a6482c,o***p,0,0,,陕西,1787553457954
7,complete,GK2026D1,6a26c3b50000000015024218,6a27fc88000000002b024182,6a26faf6000000002a00733d,1781005448000,@浅素,b61d090b555868be,玖***晞,0,0,,吉林,1787553596143
7,complete,GK2026D1,6a26c3b50000000015024218,6a27ff6d000000002701f88b,,1781006190000,@栗子麦外敷 @指示如下 哈哈哈哈哈哈哈哈全班的准考证哈哈哈,f282470cd4f4b811,I***s,0,0,,福建,1787553525655
7,complete,GK2026D1,6a26c3b50000000015024218,6a280077000000002803cc2b,6a27eb790000000027015017,1781006456000,[再见R]有章的，打印？,29e94500f4d2c127,慕***i,0,0,,广东,1787553107146
7,complete,GK2026D1,6a26c3b50000000015024218,6a28009c0000000028038847,6a26dd850000000029024a52,1781006493000,旗袍开叉，越考越差[doge],29e94500f4d2c127,慕***i,0,0,,广东,1787553240925
7,complete,GK2026D1,6a26c3b50000000015024218,6a2807890000000029012bb0,6a26fae4000000002a02dc06,1781008266000,@银月 [笑哭R],0fb82441aa6917b1,想***挞,1,0,,广西,1787553612800
7,complete,GK2026D1,6a26c3b50000000015024218,6a280837000000002803c7ab,,1781008439000,为什么视频上面说那个老中医的那个号不好挂？,53d5ea3c5ca19f57,小*,1,1,,福建,1787553341926
7,complete,GK2026D1,6a26c3b50000000015024218,6a28089a0000000028037bc3,6a280837000000002803c7ab,1781008539000,因为他出名了啊[偷笑R][偷笑R][偷笑R],c1822bd1f8a66623,老***片,2,0,,江苏,1787553356935
7,complete,GK2026D1,6a26c3b50000000015024218,6a280cd7000000002702ff79,,1781009623000,这美颜开的[偷笑R],feda52ab74ed60a5,*,0,0,,江苏,1787553457952
7,complete,GK2026D1,6a26c3b50000000015024218,6a280d6a000000002a006de8,,1781009771000,丢准考证的老师还有空刷视频？,60dc311e0e25ce95,小*,0,0,,江苏,1787553525654
7,complete,GK2026D1,6a26c3b50000000015024218,6a280d7a000000002902c10d,,1781009786000,我们班上有人高考zc,7f03f8ec38be395f,降***足,0,0,,四川,1787553424870
7,complete,GK2026D1,6a26c3b50000000015024218,6a280efa000000002a007c1f,,1781010171000,穿旗袍的，还有后续,e36159f9f1370236,所***事,1,0,,浙江,1787553424869
7,complete,GK2026D1,6a26c3b50000000015024218,6a280f88000000002803f818,6a2783c6000000002702cdfa,1781010313000,[捂脸R]？,a2f714f1de963f8a,蓝***泡,0,0,,山西,1787553489780
7,complete,GK2026D1,6a26c3b50000000015024218,6a281032000000002702e991,6a280f88000000002803f818,1781010483000,真的，家长老师说了都不去,be7710f60a6a64ca,用***销,1,0,,江苏,1787553491295
7,complete,GK2026D1,6a26c3b50000000015024218,6a2810fd000000002b000f23,6a26fae4000000002a02dc06,1781010686000,还有一个身份证过期的,2f9b4640ef122e7c,沐*,0,0,,湖南,1787553612801
7,complete,GK2026D1,6a26c3b50000000015024218,6a281157000000002b0267a5,,1781010776000,高考最爽的一点是，我家附近新来的邻居 每天晚上都吵，哈哈哈他们在高考晚上开paty被人警告罚款了哈哈哈哈！,25be8c34eb3c200c,千*,0,0,,湖北,1787553391800
7,complete,GK2026D1,6a26c3b50000000015024218,6a28120c000000002803e097,,1781010956000,我们老师就在那个办公室里面讲这个[色色R]另一个老师还讲一个学生学了三年的地理，然后家长给他报了科学。说让他赶紧三天以内学完科学[色色R][色色R][色色R],7a390690c20a7a5e,初***萌,0,0,,湖南,1787553424863
7,complete,GK2026D1,6a26c3b50000000015024218,6a2812470000000029036da1,6a27432f000000002a0320af,1781011015000,全班孩子和家长都要骂死吧,6dc00440098126bb,m***o,1,0,,福建,1787553056499
7,complete,GK2026D1,6a26c3b50000000015024218,6a2814bb0000000028039d07,,1781011644000,@（尺v尺） @混晓澜,73e7a5d0e6a9fea0,-***）,1,0,,新疆,1787553662624
7,complete,GK2026D1,6a26c3b50000000015024218,6a2815e40000000027029f41,6a280077000000002803cc2b,1781011941000,原来每个省是不一样的啊！我还以为都是自己打印的，我们都多打印几张备用。,ea748db99e155544,黄***桃,0,0,http://sns-webpic-qc.xhscdn.com/202608241430/18a445822bacd80c27fe01c8f32a29a9/comment/1040g2h03216qtbdq74005o2qgse087mfmuv2l2g!nd_whgt34_webp_wm_1,浙江,1787553056500
7,complete,GK2026D1,6a26c3b50000000015024218,6a281a49000000002803a05c,6a2815e40000000027029f41,1781013066000,[捂脸R]这玩意就是身份证。居然还能自己打印[捂脸R],29e94500f4d2c127,慕***i,0,0,,广东,1787553073556
7,complete,GK2026D1,6a26c3b50000000015024218,6a281af5000000002701f262,,1781013237000,冷知识考试的门课老师提前一个月会被送进学校。不拿手机,5ba13ab3b78372b3,颍*,0,0,,辽宁,1787553341929
7,complete,GK2026D1,6a26c3b50000000015024218,6a281b020000000027014a7c,6a26fae4000000002a02dc06,1781013251000,还有被蜜蜂蛰的,0fe788804545900f,张***）,0,0,,广西,1787553612802
7,complete,GK2026D1,6a26c3b50000000015024218,6a281b5b000000002803545b,,1781013339000,@三分糖,cab1a99cc5259f38,幸***🐚,0,0,,广东,1787553662623
7,complete,GK2026D1,6a26c3b50000000015024218,6a281cab000000002702b949,,1781013676000,浙江高考4天。,b86163d2b5254367,一***。,0,0,,浙江,1787553424866
7,complete,GK2026D1,6a26c3b50000000015024218,6a281caf000000002701410d,,1781013679000,有一说一，我高考考化学时候全考场两人，我也算包考场吗？[笑哭R],3936d095c4f70fa1,老***处,0,0,,江苏,1787553391804
7,complete,GK2026D1,6a26c3b50000000015024218,6a281cc2000000002a0279a9,,1781013699000,我们老师今天给我们讲的那个下巴脱臼的那个,e4f8aa4060e9953f,用***销,0,0,,湖南,1787553424864
7,complete,GK2026D1,6a26c3b50000000015024218,6a2822910000000027015835,,1781015186000,我上个视频刚好看的是第一个事件,f4c380121b179ff2,灬*,0,0,,广东,1787553408356
7,complete,GK2026D1,6a26c3b50000000015024218,6a2824f8000000002702b327,6a26fae4000000002a02dc06,1781015802000,还有一个，上厕所不小心把身份证掉马桶里冲走的,ab4bea23e659ad04,维***莱,0,0,http://sns-webpic-qc.xhscdn.com/202608241440/c3dc8bce003f31adf79a6f9267120a2d/comment/1040g4b83216so8ll70d05q488vf3dnh3chp5bio!nd_whgt34_webp_wm_1,辽宁,1787553612803
7,complete,GK2026D1,6a26c3b50000000015024218,6a28283d000000002a02706c,6a26fae4000000002a02dc06,1781016637000,在我们这全都不存在，因为全市都住校，要不就大巴接送，住校的占大多数,3e6d8e416ad36297,K***n,0,0,,广东,1787553612803
7,complete,GK2026D1,6a26c3b50000000015024218,6a282a1b000000002a02c082,,1781017115000,今天在考场驻场，早晨全校只来了一个学生因为只有他考化学。下午有中暑的监考老师，有突然肚子疼的考生还有紧张到腿抽筋的考生,27fa67667957ed3d,星***特,0,0,,四川,1787553375289
7,complete,GK2026D1,6a26c3b50000000015024218,6a282df7000000002702b2de,,1781018103000,确实是福利了，家门口那个破工地终于强制停工！感谢尊贵高考生,b29e4cc39a355967,苓*,21,1,,云南,1787553308340
7,complete,GK2026D1,6a26c3b50000000015024218,6a282e030000000028008e2e,6a282df7000000002702b2de,1781018116000,,b29e4cc39a355967,苓*,0,0,http://sns-webpic-qc.xhscdn.com/202608241435/ed24db3643e0e2e82d05a2fc28c0e732/comment/1040g4b83216triqi6ud05phtlqt1oo4n0oc0kc0!nd_whgt34_webp_wm_1,云南,1787553340335
7,complete,GK2026D1,6a26c3b50000000015024218,6a282efb000000002900d93e,6a281032000000002702e991,1781018364000,没招了,a2f714f1de963f8a,蓝***泡,0,0,,山西,1787553491297
7,complete,GK2026D1,6a26c3b50000000015024218,6a2831f4000000002803f7cd,,1781019125000,@Flechazo,e93712cd89949b4e,晚***念,0,0,,河南,1787553662622
7,complete,GK2026D1,6a26c3b50000000015024218,6a28343d000000002803eb35,,1781019710000,@Apathy.^留白 @无能的小画师 [捂脸R],3bd128825bdd6ede,藏***。,0,0,,陕西,1787553662621
7,complete,GK2026D1,6a26c3b50000000015024218,6a283b26000000002803b4e0,6a27db4c000000002b000393,1781021478000,是你学校的老师吗？,c83aa7417d947ba8,一***蟹,1,0,,广东,1787553291276
7,complete,GK2026D1,6a26c3b50000000015024218,6a283c81000000002a005b40,6a27acab00000000270224db,1781021826000,哈哈哈哈哈哈哈 一个变两个[派对R][派对R][派对R][派对R],478e47d3506b7538,m***o,1,0,,四川,1787553023216
7,complete,GK2026D1,6a26c3b50000000015024218,6a283c8f00000000290191b3,6a27bca4000000002900f847,1781021839000,啥意思？,478e47d3506b7538,m***o,1,0,,四川,1787553222629
7,complete,GK2026D1,6a26c3b50000000015024218,6a283dc6000000002800bac4,6a26dd850000000029024a52,1781022151000,该不会是南阳的吧，我考完出来，听他们说有个穿绿色旗袍的男孩[微笑R],fb7f02a7e5537f5f,玖***冷,0,0,,河南,1787553240926
7,complete,GK2026D1,6a26c3b50000000015024218,6a2842d0000000002800a5ad,6a278f7d000000002a005b5d,1781023440000,会打印好多份，老师留一份备用,9859ce8f808e6514,*,0,0,,山东,1787553140651
7,complete,GK2026D1,6a26c3b50000000015024218,6a2847b7000000002803373e,6a26ef82000000002a005018,1781024696000,自己去的呀，我早上还碰到一个监考老师开着他的小毛驴咻一下就从边上过去了,6b02f4d667813524,L***R,0,0,,福建,1787553190931
7,complete,GK2026D1,6a26c3b50000000015024218,6a284886000000002b0282ac,6a280077000000002803cc2b,1781024903000,浙江的真能打印……,406ef7aeec38b712,S***e,1,0,,浙江,1787553073557
7,complete,GK2026D1,6a26c3b50000000015024218,6a2848bf000000000d021400,,1781024959000,香港和內地不一样，老師家長不會送考，老師也不會丟準考证，因為在上课或该学校考场监考，那怕当屆考生任教的老師，那都是提前一個月給了考生的，在毕业礼前給了，毕业礼后的补课你回不回都不確定，所以考的那天的準考证如何了都和该老師无关了,e3b1f96ef03a3aeb,下***神,0,0,,广东,1787553391804
7,complete,GK2026D1,6a26c3b50000000015024218,6a284c360000000027022fd8,,1781025846000,单人考场真的可以坐累了站起来走走吗[笑哭R],e9913da73f8489ad,脆***汁,0,0,,浙江,1787553408352
7,complete,GK2026D1,6a26c3b50000000015024218,6a284c8b000000002a0311f3,,1781025932000,一个人一考场这个选的是什么专业啊这么小众吗,38c9a6bd3f4a1218,L***t,3,1,,上海,1787553308345
7,complete,GK2026D1,6a26c3b50000000015024218,6a2857c80000000028038cf8,6a284c8b000000002a0311f3,1781028809000,选小语言就会单独考场,b4b9c8f888c89825,L***）,8,0,,湖北,1787553340340
7,complete,GK2026D1,6a26c3b50000000015024218,6a285962000000002803a249,6a27432f000000002a0320af,1781029220000,,fd38178cbe6fee5e,*,0,0,http://sns-webpic-qc.xhscdn.com/202608241431/48cc871ad01380ddd120229667180ef4/comment/1040g2h03217350ed7e605pptv9973629k5oct30!nd_whgt34_webp_wm_1,广东,1787553073558
7,complete,GK2026D1,6a26c3b50000000015024218,6a285b3400000000280086ae,,1781029685000,[doge]高考最大的福利就是没有扰民装修,06a6451c8c33cffa,刀*,0,0,,浙江,1787553375287
7,complete,GK2026D1,6a26c3b50000000015024218,6a286055000000002803dfb0,6a27432f000000002a0320af,1781030997000,这就是让丢准考证的人去高考的后果,e5db8967b03f369b,愿***梦,1,0,,安徽,1787553073559
7,complete,GK2026D1,6a26c3b50000000015024218,6a287fe1000000002a033da5,6a27e091000000002800834e,1781039073000,[偷笑R]所有同班学生都在一个考场或考点么？,138f5ecc3a34e5f2,小*,0,0,,北京,1787553140652
7,complete,GK2026D1,6a26c3b50000000015024218,6a28807b000000002902dbec,6a279111000000002803fb68,1781039228000,唉，这把个体概率变成了集体概率[笑哭R],138f5ecc3a34e5f2,小*,0,0,,北京,1787553140652
7,complete,GK2026D1,6a26c3b50000000015024218,6a289a8b000000002a007684,,1781045900000,.表示他应该会很兴奋出来的。[捂脸R],558b96ee37c6cf16,咦***旦,0,0,,广东,1787553375288
7,complete,GK2026D1,6a26c3b50000000015024218,6a289d98000000002702919f,6a26fae4000000002a02dc06,1781046680000,[笑哭R]我只是想知道那个地理报成生物的考怎么样了[萌萌哒R],1148cb254312600e,溯***`,0,0,,新加坡,1787553629308
7,complete,GK2026D1,6a26c3b50000000015024218,6a28a45e0000000029034224,,1781048415000,@Moon,dbc645fa35391008,小***户,0,0,,北京,1787553662620
7,complete,GK2026D1,6a26c3b50000000015024218,6a28adcd00000000270149f7,,1781050829000,除了打哈欠下巴脱臼的那个，其他都挺难评的[doge],d50575c3f7986dad,飞***兔,1,0,,广东,1787553391801
7,complete,GK2026D1,6a26c3b50000000015024218,6a28b902000000002900eace,,1781053699000,这老师也是绝了[笑哭R][笑哭R] 若不是大姐  这一个班的孩子得多惨呀,ad49211f71dc1077,豆***糖,0,0,,云南,1787553375290
7,complete,GK2026D1,6a26c3b50000000015024218,6a28bdf70000000028009091,,1781054968000,[捂脸R][捂脸R][捂脸R][捂脸R][捂脸R][捂脸R][捂脸R]我们考点有个法语考生，一个人一层楼，一个考试，配备了两个监考老师，一个流动监考老师[捂脸R],63f1ed233b3dfca9,小***喵,3,0,,湖南,1787553308342
7,complete,GK2026D1,6a26c3b50000000015024218,6a28d4be0000000028009add,,1781060798000,云南那个考场图片里的是玉溪一中吗哈哈哈哈,5fe76943bdbb0812,酒***语,0,0,,辽宁,1787553375290
7,complete,GK2026D1,6a26c3b50000000015024218,6a28d740000000002803c47f,,1781061440000,我去考场路上，听到了有个女生上厕所的时候眼镜掉坑里了，还有第一天考数学的时候，隔壁教室门打不开了，直接电锯，蛙趣。,67b5dc9e8a5c92a5,随*,0,0,,湖北,1787553525654
7,complete,GK2026D1,6a26c3b50000000015024218,6a28ee0b00000000270156cb,6a27432f000000002a0320af,1781067275000,考场可以打印准考证,f1921275ee34ffb1,运***务,0,0,,四川,1787553073560
7,complete,GK2026D1,6a26c3b50000000015024218,6a28f05a0000000029036213,,1781067867000,老师讲也是他监考那个考场只有一个人还缺考了，然后他们两个老师还不准走，就在那里大眼瞪小眼。,cdcd41ee074b7cf6,稻***花,0,0,,江西,1787553341928
7,complete,GK2026D1,6a26c3b50000000015024218,6a28f428000000002a02c738,,1781068841000,坏消息：高考考语文的时候低血糖晕过去了[完啦R]好消息：我是监考老师[捂脸R],8ff03fc4f0b953e3,m***o,3,1,,广西,1787553341925
7,complete,GK2026D1,6a26c3b50000000015024218,6a28f706000000002800953d,6a28f428000000002a02c738,1781069575000,明日头条：一考生为高考作弊竟把监考老师打晕,34b229e5c604589c,宙***✨,3,0,,湖北,1787553356933
7,complete,GK2026D1,6a26c3b50000000015024218,6a2909ef000000002a031e71,6a27432f000000002a0320af,1781074415000,山东不是直接打印吗[暗中观察R],59726ca759cddf46,一***刘,0,0,,山东,1787553090445
7,complete,GK2026D1,6a26c3b50000000015024218,6a2935320000000029011a1a,,1781085491000,[害羞R][哇R]有没有同样是准大一的同学一起，大学真的不能太摆烂，真的要学点真东西不至于毕业即失业[失望R]，想找个同级准大一或大二的搭子一起相互督促。本人超绝enfj人，会规划，现阶段打算暑假把英语技能学好过四六级。[哇R]我们可以每天相互打卡，一起进步[喝奶茶R],6bb96cdc29f16a9e,发***呆,0,0,,浙江,1787553525653
7,complete,GK2026D1,6a26c3b50000000015024218,6a293895000000002901241e,,1781086358000,@Aimer @7ieoo,9976c5ab1dd15691,还***中,1,0,,江苏,1787553662619
7,complete,GK2026D1,6a26c3b50000000015024218,6a293a020000000029018c42,6a280077000000002803cc2b,1781086722000,我黑龙江的 22年高考 准考证就是一张纸 我打印了四张 考完一科丢一张,13c1422349f3b9d9,M***C,0,0,,陕西,1787553090447
7,complete,GK2026D1,6a26c3b50000000015024218,6a293a34000000002b028c2a,6a281a49000000002803a05c,1781086772000,我黑龙江的 22年高考 准考证就是一张纸 我打印了四张 考完一科丢一张,13c1422349f3b9d9,M***C,0,0,,陕西,1787553090447
7,complete,GK2026D1,6a26c3b50000000015024218,6a29432c000000002a033e84,,1781089068000,@晚棠 @栀祎.^🎧 @恋祎琦. 🎀 [石化R],1b98ecf1eacbd850,🆔***🍙,0,0,,江西,1787553662619
7,complete,GK2026D1,6a26c3b50000000015024218,6a29549a000000002702ce94,,1781093530000,@孤狼2号 ,e74b2e5abdaad312,不***雨,0,0,,山东,1787553662618
7,complete,GK2026D1,6a26c3b50000000015024218,6a2958aa000000002701d556,,1781094571000,你别说我真别说，我还真看到了一个猫咪咪拍这个的。,72af139afcbf91b9,宁***芝,0,0,,湖南,1787553358690
7,complete,GK2026D1,6a26c3b50000000015024218,6a2963aa000000002902d3b9,,1781097387000,@😶,d6edd1d0c838bc35,m***u,1,0,,福建,1787553662617
7,complete,GK2026D1,6a26c3b50000000015024218,6a2968350000000028037bf5,,1781098549000,@落魄的告白诗 我去笑死我了,ad4162ce1c58e889,6***A,0,2,,云南,1787553424867
7,complete,GK2026D1,6a26c3b50000000015024218,6a29685b0000000029010def,,1781098588000,@誰同你恨海情天、,0d500a53618edfae,红***z,0,0,,广东,1787553662616
7,complete,GK2026D1,6a26c3b50000000015024218,6a29696f000000002a026787,6a2968350000000028037bf5,1781098863000,笑死我了。,83f1a4fef6e29498,落***诗,0,0,,云南,1787553439876
7,complete,GK2026D1,6a26c3b50000000015024218,6a2969a0000000002902e528,6a2968350000000028037bf5,1781098913000,那个旗袍真的是看一次笑一次,83f1a4fef6e29498,落***诗,0,0,,云南,1787553441388
7,complete,GK2026D1,6a26c3b50000000015024218,6a296e20000000002701644a,,1781100064000,如果老师真把那些准考证弄丢的话，那他的教师证也会如奶油一般化开,ade83f9082ec76a6,可***檬,0,0,,四川,1787553391802
7,complete,GK2026D1,6a26c3b50000000015024218,6a2988be000000002701735e,,1781106878000,@丹辰辰辰,e8638cd14c2799b4,柰*,1,0,,四川,1787553646106
7,complete,GK2026D1,6a26c3b50000000015024218,6a298b51000000002a007507,,1781107537000,不建议，但是事实。昨天带着提前接出来的小学闺女去接高考结束的老弟，学校附近没有车位，把车停在别的小区，带闺女骑小黄车去考场，交警蜀黍都不拦，搁平时，没带头盔都得把你抓着，别说没带头盔前面还蹲个成人高的孩子[笑哭R]不是故意违规，主要路还有点远，怕来不及接孩子。,2cdf7e183fd67cbf,芒*,0,0,,江苏,1787553375285
7,complete,GK2026D1,6a26c3b50000000015024218,6a298dce000000002803fc15,,1781108175000,说实话今年那个旗袍配裤子的男生还真不错[笑哭R],40345f9bd7ff000d,玛***🐉,0,0,,上海,1787553408354
7,complete,GK2026D1,6a26c3b50000000015024218,6a29b743000000002702857a,6a27ac810000000027021da0,1781118787000,同学，你果真是理科生呀，我需要认真读才明白[捂脸R],f8e0fda3fff84d80,彤***仔,0,0,,广西,1787553023217
7,complete,GK2026D1,6a26c3b50000000015024218,6a29e608000000002800afa4,,1781130760000,我们这今天昨个中午有个等着下午考地理的，吃中饭吃一半癫痫了,d523a8ec40fe6e2b,珀***魇,0,0,,浙江,1787553375286
7,complete,GK2026D1,6a26c3b50000000015024218,6a2a06b600000000290356fd,,1781139126000,这个老师也太不靠谱了[汗颜R],fd99f6ab9b644cc6,B***k,0,0,,河南,1787553525652
7,complete,GK2026D1,6a26c3b50000000015024218,6a2a135a000000002803025e,6a26c9f000000000290346b9,1781142363000,社会考生也是高考生,e98c9a726d6be5f6,绍*,0,0,,北京,1787553257396
7,complete,GK2026D1,6a26c3b50000000015024218,6a2a265d00000000280348b6,,1781147230000,@凉城昔忆i 哈哈哈,8f76b9ba05b43dee,挽*,0,1,,广东,1787553424869
7,complete,GK2026D1,6a26c3b50000000015024218,6a2a3cab0000000027020f26,,1781152940000,让他应该会,aeacdfa144f74449,晚*,0,0,,上海,1787553358692
7,complete,GK2026D1,6a26c3b50000000015024218,6a2a45ad0000000027028ab4,,1781155245000,@酱香饼 @闪电 @酱多多,a9f44e4022ea7658,理***）,1,0,,山东,1787553646105
7,complete,GK2026D1,6a26c3b50000000015024218,6a2a555e00000000290375d6,,1781159263000,@天边云卷云舒 [笑哭R],eb29ec70b7430f88,V***a,0,0,,江苏,1787553646105
7,complete,GK2026D1,6a26c3b50000000015024218,6a2a5b2a000000002900c8d4,6a2a265d00000000280348b6,1781160747000,笑不活了要[偷笑R],fe3479967cafc7de,凉***i,0,0,,广东,1787553456391
7,complete,GK2026D1,6a26c3b50000000015024218,6a2a8080000000002702d2da,6a27dcfd000000002903603a,1781170305000,,6b09ef16b8899f35,乱***魔,1,0,http://sns-webpic-qc.xhscdn.com/202608241437/145a621cb89de81ea4def44ad42d55f4/comment/1040g2h03218jv0con2105p3ggcrk6tghu8iugmg!nd_whgt34_webp_wm_1,江苏,1787553472963
7,complete,GK2026D1,6a26c3b50000000015024218,6a2a91c9000000002900e6a0,,1781174729000,这老师要不不收，收了就别丢,e8d6ddd193e15f25,ᅠ***ᅠ,0,0,,辽宁,1787553391805
7,complete,GK2026D1,6a26c3b50000000015024218,6a2a9e5c000000002701d841,,1781177949000,最后一个，那个穿旗袍的男生，右边白色衣服的是他爸在那里假装路人[笑哭R][笑哭R],871fd9c2e1155253,琀*,0,0,,江西,1787553408353
7,complete,GK2026D1,6a26c3b50000000015024218,6a2aa270000000002702a3fc,6a27432f000000002a0320af,1781178992000,@邬柠⭐🥕,af00f1a5309dd0fa,明***🥕,0,0,,天津,1787553090448
7,complete,GK2026D1,6a26c3b50000000015024218,6a2c057d00000000270223c7,,1781269885000,穿旗袍那个真的太过了,c06f5870ec415b11,随***吧,0,0,,北京,1787553358692
7,complete,GK2026D1,6a26c3b50000000015024218,6a2c9fa10000000028036b57,6a27432f000000002a0320af,1781309346000,即便即使找到了，已经在网上造成舆情，估计也会被处分[汗颜R],ba59079462c8bcd2,木***西,0,0,,河南,1787553090449
7,complete,GK2026D1,6a26c3b50000000015024218,6a2ceb8c0000000029036b81,6a283b26000000002803b4e0,1781328780000,我妈学校我妈学校,d94d0aaa5731183f,责*,0,0,,云南,1787553291277
7,complete,GK2026D1,6a26c3b50000000015024218,6a2e5fa7000000002b003e89,,1781424039000,[害羞R][哇R]有没有同样是准大一的同学一起，大学真的不能太摆烂，真的要学点真东西不至于毕业即失业[失望R]，想找个同级准大一或大二的搭子一起相互督促。本人超绝enfj人，会规划，现阶段打算暑假把英语技能学好过四六级。[哇R]我们可以每天相互打卡，一起进步[喝奶茶R],ab37c2c76666d152,太***了,0,0,,浙江,1787553525651
7,complete,GK2026D1,6a26c3b50000000015024218,6a2eb657000000002701cb64,6a287fe1000000002a033da5,1781446231000,对呀我们都在同一个考点，一个学校的人都在一个考点，除非一些寄读生,012d5119de41235e,汤***圆,0,0,,福建,1787553140653
7,complete,GK2026D1,6a26c3b50000000015024218,6a2f2d30000000002902fd60,6a2eb657000000002701cb64,1781476656000,厉害！不怕考生们串通作弊么？,138f5ecc3a34e5f2,小*,0,0,,北京,1787553157808
7,complete,GK2026D1,6a26c3b50000000015024218,6a2f47bb0000000027017470,6a2f2d30000000002902fd60,1781483451000,不是啊[笑哭R]考点里面不止我们学校，还有其他很多学校[笑哭R]都打乱分考场的，考场里面也多是其他不同校的学生,012d5119de41235e,汤***圆,0,0,,福建,1787553157807
7,complete,GK2026D1,6a26c3b50000000015024218,6a2f62df000000002701cb1d,,1781490399000,[害羞R][哇R]有没有同样是准大一的同学一起，大学真的不能太摆烂，真的要学点真东西不至于毕业即失业[失望R]，想找个搭子一起相互督促。本人超绝enfj人，会规划，现阶段打算暑假把英语技能学好过四六级。[哇R]我们可以每天相互打卡，一起进步[喝奶茶R],ab63f0ae036ecc7a,羊***流,0,0,,浙江,1787553525650
8,complete,GK2026D1,6a26ac1d000000001503ccce,6a26ada70000000029012a89,,1780919719000,对啊，我就愿意陪，孩子也觉得我在外面他安心，又不麻烦别人陪[笑哭R],2612b4876a20b706,氤***熏,2,8,,山东,1787554350194
8,complete,GK2026D1,6a26ac1d000000001503ccce,6a26ca2e00000000290263a8,6a26ada70000000029012a89,1780927022000,请问你们陪考是从送考到结束回家一直在外面等吗？应该不会吧？途中回个家，临结束再回去等孩子出来。我觉得比较合理。(打错字了，删了两遍),b3155ae9a076dc12,K***℡,0,0,,广东,1787554365199
8,complete,GK2026D1,6a26ac1d000000001503ccce,6a26e24a000000002803124d,6a26ca2e00000000290263a8,1780933195000,离家近的中间回家，离家远点的直接带把折叠凳，路边凉阴地等一会刷刷手机聊聊天很快就过去了啊,2612b4876a20b706,氤***熏,0,0,,山东,1787554367162
8,complete,GK2026D1,6a26ac1d000000001503ccce,6a26e2ee000000002a0279b9,6a26e24a000000002803124d,1780933359000,好吧。你们很伟大。我觉得挺久的说实话。当然，作为考生的时候在里面就更觉得时间久了。(ps。我不是家长，纯好奇),b3155ae9a076dc12,K***℡,0,0,,广东,1787554367163
8,complete,GK2026D1,6a26ac1d000000001503ccce,6a26fdf5000000002a03065a,,1780940277000,非本地的能理解，本地的陪考理解不了一点,03665ec31663d891,中***萝,0,0,,云南,1787554350195
8,complete,GK2026D1,6a26ac1d000000001503ccce,6a27250e000000002800a8c7,,1780950287000,單純覺得成年人考個試還要父母在外面接自己就挺誇張的,12c745eadc7b50a9,小*,1,0,,上海,1787554350198
8,complete,GK2026D1,6a26ac1d000000001503ccce,6a2732d90000000028030477,6a26e2ee000000002a0279b9,1780953817000,我们这边都陪，我们也没有学校统一安排，都得家长送，我上午场送完孩子会回去做午饭，到点再接，下午场就在考场附近等着，跟其他家长聊天，孩子出来会第一时间找自己的家长，我也想第一眼看到孩子，看她表情，判断一下考得怎么样,7fde05b53950c5ca,忙***闲,0,0,,辽宁,1787554367164
8,complete,GK2026D1,6a26ac1d000000001503ccce,6a2749790000000028035a0a,6a26e2ee000000002a0279b9,1780959610000,这有啥伟大的，家里就一个孩子，作为亲属都跟着激动的想去学校门口看看，何况孩子家长[微笑R],2612b4876a20b706,氤***熏,0,0,,山东,1787554367165
8,complete,GK2026D1,6a26ac1d000000001503ccce,6a275b2a000000002702f58b,,1780964139000,攀比呗，我东北小县城，一个省内最差重点高中，每年过600分就十多个，大多数都是400多分，这架势的，家长朋友圈都发，每节课下来人手一个向日葵，各种花束，各种礼物，一共这点分，要是我都上火，家长们乐此不疲,5cc461c560c9b998,随*,1,4,,辽宁,1787554350197
8,complete,GK2026D1,6a26ac1d000000001503ccce,6a2764a40000000029027e48,6a2749790000000028035a0a,1780966565000,因为我不愿意，所以觉得很伟大。广东天气很热，出不了一点门，我本人又很懒，再者我没孩子，没办法感受的那种感觉。另外，我觉得你配的表情包很不友好，你是这个意思吗,b3155ae9a076dc12,K***℡,1,0,,广东,1787554383640
8,complete,GK2026D1,6a26ac1d000000001503ccce,6a276551000000002a032ccf,6a2732d90000000028030477,1780966737000,难怪。那其实你们这应该叫送考，不算陪考呀。我以为一直在考场外陪着呢。考场附近等，我觉得算陪。我们好像是住校生统一接送，走读生自己去，还是回到本校一起跟车来着。不记得了,b3155ae9a076dc12,K***℡,0,0,,广东,1787554367165
8,complete,GK2026D1,6a26ac1d000000001503ccce,6a277dfa00000000280367e8,6a2764a40000000029027e48,1780973050000,那个表情包不是普通的微笑吗。。。你是不是太多心,2612b4876a20b706,氤***熏,1,0,,山东,1787554383641
8,complete,GK2026D1,6a26ac1d000000001503ccce,6a2923f3000000002a0312f5,,1781081076000,人家陪是人家的事，碍着啥了,f34a0f259be14240,再***y,0,0,,江苏,1787554350196
8,complete,GK2026D1,6a26ac1d000000001503ccce,6a296769000000002901105f,6a275b2a000000002702f58b,1781098345000,这有啥的 不管考多少分都是家里的宝贝啊,41ed0dd13aa42dad,小***鸟,1,0,,吉林,1787554400742
8,complete,GK2026D1,6a26ac1d000000001503ccce,6a2983a80000000027028e10,6a296769000000002901105f,1781105576000,是宝贝呀，考完一起庆祝呗，不影响心情吗,5cc461c560c9b998,随*,0,0,,辽宁,1787554400743
8,complete,GK2026D1,6a26ac1d000000001503ccce,6a298ba9000000002803a8ab,6a2983a80000000027028e10,1781107625000,我觉得还好吧，都有自己的过法，咱身为外人就别评价了吧,41ed0dd13aa42dad,小***鸟,0,0,,吉林,1787554400744
8,complete,GK2026D1,6a26ac1d000000001503ccce,6a299625000000002701c36c,6a298ba9000000002803a8ab,1781110309000,没对人，就说这么个事,5cc461c560c9b998,随*,0,0,,辽宁,1787554398645
9,complete,GK2026D1,6a24d092000000001700ac5c,6a24d932000000002a0064b4,,1780799795000,加油加油加油，必胜必胜必胜[派对R][派对R][派对R],dc265af12c709b77,恬***,0,0,,江苏,1787555053576
9,complete,GK2026D1,6a24d092000000001700ac5c,6a250e10000000002803e357,,1780813328000,加油。太高了，社会把这场人生历程扮演成人生巅峰时刻,33ad34a213634f47,德***8,0,0,,广东,1787555053574
10,complete,GK2026D1,6a10357f000000000803178c,6a103ec900000000280388aa,,1779449546000,装啥,32842c6b5403d002,抓***火,0,1,,广东,1787555842356
10,complete,GK2026D1,6a10357f000000000803178c,6a1042270000000029011a81,,1779450407000,一眼省实[微笑R],6df2b66f01b02b7e,我***的,0,0,,广东,1787555842355
10,complete,GK2026D1,6a10357f000000000803178c,6a10429e000000002900d856,,1779450527000,这个入湿了一周[笑哭R],22a5729c169acc7c,P***了,0,2,,广东,1787555707167
10,complete,GK2026D1,6a10357f000000000803178c,6a104a6e0000000027021408,,1779452527000,帮你洗,0aa3f3cbf7a7ce27,同***1,0,0,,广东,1787555842354
10,complete,GK2026D1,6a10357f000000000803178c,6a104fae00000000290343cc,6a103ec900000000280388aa,1779453871000,,378d827b2e6d860d,長***眠,0,0,http://sns-webpic-qc.xhscdn.com/202608241517/ab994555d409b06a4ccd0e0212a02bb9/comment/1040g4b8320fjv32e5md05okhuasocc5tad8s6pg!nd_whlt34_webp_wm_1,广东,1787555857362
10,complete,GK2026D1,6a10357f000000000803178c,6a104fbf0000000029025649,6a10429e000000002900d856,1779453888000,同时天涯沦落人[睡觉R],378d827b2e6d860d,長***眠,0,0,,广东,1787555722175
10,complete,GK2026D1,6a10357f000000000803178c,6a104fe600000000280324e9,,1779453926000,表情很拽的样子,409da86728a9c24a,夜***浅,0,0,,广东,1787555707172
10,complete,GK2026D1,6a10357f000000000803178c,6a10518d0000000029026e61,,1779454350000,这个帅,a47c54da62fec1d6,太***！,0,0,,广东,1787555808926
10,complete,GK2026D1,6a10357f000000000803178c,6a10544700000000270155e0,,1779455047000,[哇R],72e27f9093548fee,不***_,0,0,,辽宁,1787555825548
10,complete,GK2026D1,6a10357f000000000803178c,6a105600000000002701dcd6,,1779455489000,哥哥,d6583cfcbd462dde,卷*,0,0,,广东,1787555842353
10,complete,GK2026D1,6a10357f000000000803178c,6a10624a000000002803d6b7,,1779458634000,你流量咋那么好？,774257438c88d995,y***n,1,2,,广东,1787555707168
10,complete,GK2026D1,6a10357f000000000803178c,6a106268000000002901b177,6a10624a000000002803d6b7,1779458664000,你流量咋那么好？,378d827b2e6d860d,長***眠,0,0,,广东,1787555740213
10,complete,GK2026D1,6a10357f000000000803178c,6a10648700000000280392be,,1779459207000,P3贡献两只手的我来了,f017a27c466b8567,这***真,0,1,,广东,1787555707170
10,complete,GK2026D1,6a10357f000000000803178c,6a10671d0000000029019427,6a10648700000000280392be,1779459870000,,378d827b2e6d860d,長***眠,0,0,http://sns-webpic-qc.xhscdn.com/202608241515/326800820d0e6eb6f6569a92d5ab7a7c/comment/1040g4b8320fjv32e5mcg5okhuasocc5t2uk05ag!nd_whgt34_webp_wm_1,广东,1787555771734
10,complete,GK2026D1,6a10357f000000000803178c,6a10680f000000002902c51f,,1779460111000,好帅😍,f393a65f9a4bacd8,蒹*,0,0,,广东,1787555808920
10,complete,GK2026D1,6a10357f000000000803178c,6a107188000000002b02b8a0,,1779462536000,广实的大佬,bdf545b67856b425,囧***g,0,0,,广东,1787555808921
10,complete,GK2026D1,6a10357f000000000803178c,6a107409000000002a02d246,,1779463178000,我这有的是[心心眼R],6b1951c47311d04c,咚***次,0,0,,广东,1787555808921
10,complete,GK2026D1,6a10357f000000000803178c,6a1081e50000000029027058,,1779466725000,太惨了[睡觉R],d139deff09b9793f,你***星,0,0,,广东,1787555808923
10,complete,GK2026D1,6a10357f000000000803178c,6a1083be0000000029018b8f,,1779467199000,恨死这个天气了，我是一朵蘑菇。,a759b36a23dde1ec,P***n,0,0,,广东,1787555808923
10,complete,GK2026D1,6a10357f000000000803178c,6a109549000000002902ce7c,,1779471690000,好看[暗中观察R],3144d5ce62ad0794,M***w,1,0,,北京,1787555707172
10,complete,GK2026D1,6a10357f000000000803178c,6a10ceb500000000280399b0,,1779486390000,标题[doge],890b2c48415d1d3b,路***e,0,0,,北京,1787555808919
10,complete,GK2026D1,6a10357f000000000803178c,6a10f1dd000000002902d8ff,,1779495390000,竟然是9批[doge],9eb9ce10114238f8,六***许,1,0,,江苏,1787555707169
10,complete,GK2026D1,6a10357f000000000803178c,6a1108ee000000002702e5c1,,1779501295000,帅刷到了[吧唧R][派对R],5f1f3bfc8a6437c7,m***o,0,0,,江西,1787555825545
10,complete,GK2026D1,6a10357f000000000803178c,6a111096000000002b0004d0,,1779503255000,好帅,fd6fe46d6d4f2aad,Y***H,0,0,,广东,1787555808925
10,complete,GK2026D1,6a10357f000000000803178c,6a112881000000002a005da5,,1779509377000,主播是省实本部的嘛,dafff20be150657d,小***梦,0,0,,广东,1787555825544
10,complete,GK2026D1,6a10357f000000000803178c,6a112e54000000002a02df89,,1779510868000,现在男高这么帅了？唉男大已经老掉了,029abcf73765b04d,J***6,0,1,,广东,1787555825548
10,complete,GK2026D1,6a10357f000000000803178c,6a112e6b000000002a02e3e6,6a10429e000000002900d856,1779510892000,这个入不是有烘干机吗,67e569c087395e7f,y***b,0,0,,广东,1787555723645
10,complete,GK2026D1,6a10357f000000000803178c,6a112e7a000000002902f11d,6a112e54000000002a02df89,1779510907000,怎么还有鹭鸶剪的小纸人[偷笑R],029abcf73765b04d,J***6,1,0,,广东,1787555840555
10,complete,GK2026D1,6a10357f000000000803178c,6a113264000000002701f7f2,,1779511909000,想要清华的吗[doge],7c401d86346717b4,q***m,0,2,,湖北,1787555707169
10,complete,GK2026D1,6a10357f000000000803178c,6a113380000000002902d3dd,6a113264000000002701f7f2,1779512192000,可以辅导我学习吗[哇R],378d827b2e6d860d,長***眠,0,0,,广东,1787555755222
10,complete,GK2026D1,6a10357f000000000803178c,6a1133ec000000002702ecdf,6a113380000000002902d3dd,1779512300000,可以呀，我高中选科物化生,7c401d86346717b4,q***m,0,0,,湖北,1787555756727
10,complete,GK2026D1,6a10357f000000000803178c,6a113e9f000000002803fc50,,1779515039000,纯好奇是坑口那间吗！,6c99c561d6535589,*,0,2,,广东,1787555707171
10,complete,GK2026D1,6a10357f000000000803178c,6a113f3a0000000029018b56,6a113e9f000000002803fc50,1779515194000,是的,378d827b2e6d860d,長***眠,0,0,,广东,1787555771736
10,complete,GK2026D1,6a10357f000000000803178c,6a11434a000000002701ec9e,,1779516235000,一开始还以为是二中，校服像,d8479a592f0cad5b,郑***合,0,0,,广东,1787555825546
10,complete,GK2026D1,6a10357f000000000803178c,6a114c7d00000000290264d1,,1779518590000,画面渣，但不影响帅,0022a9ecd1eb1f45,I***n,0,0,,广西,1787555825547
10,complete,GK2026D1,6a10357f000000000803178c,6a11594b0000000028009c52,,1779521867000,我也要打球🏸,95bae10fe6fff697,鱼***星,0,0,,广东,1787555825541
10,complete,GK2026D1,6a10357f000000000803178c,6a115d3b0000000027022973,,1779522875000,学弟[哇R],d06844156741656c,辽*,0,0,,广东,1787555825543
10,complete,GK2026D1,6a10357f000000000803178c,6a130ff2000000002a006b87,,1779634162000,滴个对象,c8d6a2f9b35a6669,s***d,0,0,,内蒙古,1787555825547
10,complete,GK2026D1,6a10357f000000000803178c,6a13307f000000002a02f68a,,1779642496000,奥林巴斯的相机吗[doge],4e5dd43ebeca048a,有***我,0,0,,贵州,1787555825546
10,complete,GK2026D1,6a10357f000000000803178c,6a1870690000000027014c7a,6a113f3a0000000029018b56,1779986537000,煮波，可以回复我一下私信嘛,3e84824c1ef9a4f1,R***l,0,0,,贵州,1787555774890
10,complete,GK2026D1,6a10357f000000000803178c,6a2595fd000000002b026ea4,,1780848126000,白省嗎,2e552ad04cb81370,m***o,0,1,,广东,1787555707171
10,complete,GK2026D1,6a10357f000000000803178c,6a2596f8000000002a00662c,6a2595fd000000002b026ea4,1780848376000,荔湾的,378d827b2e6d860d,長***眠,0,0,,广东,1787555807200
10,complete,GK2026D1,6a10357f000000000803178c,6a2cc6c90000000029010d53,,1781319369000,爱就没了，希望被告白了，你寂寞了，袜子当被子，好好休息，明天，就有了,0c99bf49d4a3ce26,小***C,0,2,,广东,1787555707171
10,complete,GK2026D1,6a10357f000000000803178c,6a2d35db000000002b02b95c,6a2cc6c90000000029010d53,1781347804000,说的啥呢,378d827b2e6d860d,長***眠,0,0,,广东,1787555792197
10,complete,GK2026D1,6a10357f000000000803178c,6a2d3667000000002803cd10,6a2d35db000000002b02b95c,1781347943000,广州的下雨天，这个月都在下雨，天气预报说的,0c99bf49d4a3ce26,小***C,0,0,,广东,1787555789895
10,complete,GK2026D1,6a10357f000000000803178c,6a2d6442000000002701e39f,,1781359683000,可以穿拖鞋去上课吗？,1e2c115bbf19ebf0,西***k,4,1,,广东,1787555808922
10,complete,GK2026D1,6a10357f000000000803178c,6a2d648a000000002b0003d5,6a2d6442000000002701e39f,1781359755000,会被老师骂的[扯脸H],378d827b2e6d860d,長***眠,2,0,,广东,1787555823931
10,complete,GK2026D1,6a10357f000000000803178c,6a43c45b000000002a02fec5,,1782826075000,lg,09a984c868eea253,维***C,0,0,,广东,1787555808924
10,complete,GK2026D1,6a10357f000000000803178c,6a54d9390000000015007416,,1783945529000,空想主义[笑哭R],db5e4927f30811ac,陶*,0,1,,广东,1787555842356
10,complete,GK2026D1,6a10357f000000000803178c,6a54d961000000002b028726,6a54d9390000000015007416,1783945570000,[生气R],378d827b2e6d860d,長***眠,0,0,,广东,1787555857361
10,complete,GK2026D1,6a10357f000000000803178c,6a63919200000000150080c8,6a10624a000000002803d6b7,1784910227000,因为他帅[捂脸R],db5e4927f30811ac,陶*,1,0,,广东,1787555738650
14,complete,GK2026D1,6a2541c50000000035026747,6a2544ad000000002803f6cd,,1780827310000,高考加油[得意R],feabdb85664f56e1,0***0,0,0,,北京,1787560253726
14,complete,GK2026D1,6a2541c50000000035026747,6a25a2b1000000002b0037e8,,1780851377000,孩子们冲就完了！,d2354a03aee7888f,乐***🎀,0,0,,天津,1787560253725
17,complete,GK2026D1,6a25582b000000002103c7d0,6a255b3d000000002a0339e1,,1780833086000,待会儿做大题[doge],a758f14348601a98,吸***🐯,1,1,,广东,1787562215462
17,complete,GK2026D1,6a25582b000000002103c7d0,6a2560150000000027028c81,6a255b3d000000002a0339e1,1780834326000,支持主包[黄金薯R],e22ac8ef020ffdc2,无***卒,0,0,http://sns-webpic-qc.xhscdn.com/202608241703/79c1e5db38e0b90ce6cc94977c145d90/comment/1040g2h03214675js6u6g5nst4qc08clgemf55fg!nd_whgt34_webp_wm_1,广东,1787562230467
17,complete,GK2026D1,6a25582b000000002103c7d0,6a260e27000000002702932d,,1780878887000,不错[害羞R]也可以看看我的,eb2e7914c2d787f1,O***厨,0,0,,浙江,1787562215464
18,complete,GK2026D1,6a245327000000002201b874,6a24539a0000000029024096,,1780765595000,加强马可波罗，求你了…,4aacf061c01358c9,我***堂,0,1,,河南,1787562867365
18,complete,GK2026D1,6a245327000000002201b874,6a245450000000002701cc65,6a24539a0000000029024096,1780765776000,这个赛年没怎么玩不知道 但上个赛年的马可很逆天耶[汗颜R]…,7f347845443f4702,一***c,0,0,,海南,1787562882373
18,complete,GK2026D1,6a245327000000002201b874,6a24552c0000000029025eac,,1780765997000,加强桑启[抽泣R],dd61d80e9a1f45e7,m***o,0,0,,广西,1787562867370
18,complete,GK2026D1,6a245327000000002201b874,6a2455820000000028033e2b,,1780766083000,加强所有射手[哭惹R][哭惹R][哭惹R]发育路真的玩不了了,c37dd2f5b34e0f28,折***桔,0,0,,江苏,1787562867370
18,complete,GK2026D1,6a245327000000002201b874,6a2456420000000027016d7e,,1780766275000,加强发育路…,d0cb3d9a3f35b6b2,t***m,0,0,,广东,1787562867369
18,complete,GK2026D1,6a245327000000002201b874,6a245c38000000002702db1e,,1780767801000,加强屠夫。,3492102e4fc6399a,魇***息,0,0,,山东,1787562867369
18,complete,GK2026D1,6a245327000000002201b874,6a24698b000000002702c7dc,,1780771212000,加强弓箭手[泪崩R],17f4d834f465a7cf,雾***.,0,0,,安徽,1787562867369
18,complete,GK2026D1,6a245327000000002201b874,6a24b247000000002a02c855,,1780789831000,加强盲女,14a8d09eb665f94b,L***e,0,0,,辽宁,1787562867368
18,complete,GK2026D1,6a245327000000002201b874,6a2587c6000000002803a093,,1780844486000,把扁鹊那个无用的复活删掉[微笑R]回调普攻叠毒，撤回李信修改,7bfcde8333f825d6,柏***谦,0,0,,黑龙江,1787562867367
19,complete,GK2026D1,6a258ee2000000001603f4a7,6a26005a00000000270212f4,,1780875355000,你经过别人允许了吗就这样放网上,b3cae82073c28826,2*,39,0,,北京,1787565320216
19,complete,GK2026D1,6a258ee2000000001603f4a7,6a2607cd000000002702e251,,1780877261000,没感觉霸气，感觉普通中学生呀，是因为衣服和身份让人觉得霸气吗？,c9e953867c5f10ee,m***o,8,4,,江苏,1787565320214
19,complete,GK2026D1,6a258ee2000000001603f4a7,6a2607d7000000002702a2fa,,1780877271000,何意味？,85e6a0af8059aec6,麦***鱼,1,0,,北京,1787565370227
19,complete,GK2026D1,6a258ee2000000001603f4a7,6a260cef00000000280351e3,,1780878575000,镜头怼着高考的女学生拍叫正能量视频，我要是学生家长直接报警给你抓起来,ce35111299d8c0fe,舒***✨,43,0,,辽宁,1787565320215
19,complete,GK2026D1,6a258ee2000000001603f4a7,6a2610cd0000000023001224,,1780879566000,不是高考不允许穿校服嘛,5c34ff7edabab89a,自***妇,3,4,,江苏,1787565320213
19,complete,GK2026D1,6a258ee2000000001603f4a7,6a261c18000000002903523b,6a2610cd0000000023001224,1780882456000,学校要求穿校服，出了问题，本校老师就直接提供帮助,fbea650098d29ce6,*,12,0,,北京,1787565335221
19,complete,GK2026D1,6a258ee2000000001603f4a7,6a2635f3000000002b028cb1,6a2607cd000000002702e251,1780889076000,人大附里的普通人也不少，不见得都是学霸……,74a056d70b745c57,m***o,4,0,,北京,1787565351700
19,complete,GK2026D1,6a258ee2000000001603f4a7,6a263b780000000029010d22,6a2610cd0000000023001224,1780890489000,北京不太敢区别对待或者考场闹事,b0431434e9d894c3,陈***参,5,0,,荷兰,1787565336695
19,complete,GK2026D1,6a258ee2000000001603f4a7,6a268e96000000002701eb69,,1780911766000,处级考生,226653cfae39f5c1,噗***亲,1,0,,湖北,1787565320215
19,complete,GK2026D1,6a258ee2000000001603f4a7,6a269f8c000000002b0293f5,,1780916109000,無聊至極,e779d6897d340ef2,A***洪,3,0,,中国澳门,1787565320218
19,complete,GK2026D1,6a258ee2000000001603f4a7,6a26a921000000002b027dfc,,1780918562000,看到我娃的同学了,592136fa9509cdee,Q***2,0,0,,北京,1787565320216
19,complete,GK2026D1,6a258ee2000000001603f4a7,6a26acba000000002701ea7c,,1780919483000,这不就是普通走路吗？莫名其妙的追捧。难道你自己不是这么走的？[doge],d574c23a82e50676,小***9,1,0,,加拿大,1787565370226
19,complete,GK2026D1,6a258ee2000000001603f4a7,6a26bfec000000002701c53a,,1780924396000,删帖吧,3d1d75fdc589a08f,m***o,3,0,,北京,1787565320217
19,complete,GK2026D1,6a258ee2000000001603f4a7,6a26c0010000000029024520,,1780924417000,能别随便拍摄别人发到网上吗,170e7a22a2ca7d40,蓝***蛋,10,0,,山东,1787565320217
19,complete,GK2026D1,6a258ee2000000001603f4a7,6a26cdaf0000000028032fc2,6a2607cd000000002702e251,1780927919000,都是好学校的普通高考生 人家也不想曝光 媒体乱拍,c0b5a86b9a285e42,k***h,3,0,,北京,1787565353207
19,complete,GK2026D1,6a258ee2000000001603f4a7,6a27d754000000002b0012d8,6a2607cd000000002702e251,1780995925000,能穿上这身衣服 起点就比90%的中国人高了,fa776ebd610d3052,你***是,2,0,,甘肃,1787565353209
19,complete,GK2026D1,6a258ee2000000001603f4a7,6a27d84b0000000027020d5f,6a27d754000000002b0012d8,1780996172000,也许高中生和高中生其实差别不大。让人觉得有距离的、产生滤镜的其实外在的背景、圈层、人设、资源。,c9e953867c5f10ee,m***o,0,0,,江苏,1787565353208
19,complete,GK2026D1,6a258ee2000000001603f4a7,6a28cd6000000000290345fa,6a2610cd0000000023001224,1781058913000,为什么啊？我们这里可以穿啊,43a123ca02b296a5,C***脂,1,0,,广东,1787565336696
19,complete,GK2026D1,6a258ee2000000001603f4a7,6a29028f00000000290240bb,6a2610cd0000000023001224,1781072527000,不是,9f49385653827d85,小***E,0,0,,北京,1787565336697
19,complete,GK2026D1,6a258ee2000000001603f4a7,6a294740000000002a02c0cb,,1781090112000,穿个校服就觉得霸气，我说的这句话不代表他们学习不好,29bbfa3e5268d585,小***子,0,0,,安徽,1787565370225
19,complete,GK2026D1,6a258ee2000000001603f4a7,6a2a8695000000002a00783b,,1781171861000,不需要过度神化这群学生，你现在是侵犯肖像知道吗？人家有权告你[微笑R],a61c358a3fe9a202,小***5,0,0,,新加坡,1787565370224
19,complete,GK2026D1,6a258ee2000000001603f4a7,6a2bb1d00000000029026bf9,,1781248465000,人大附中被吹来吹去，有什么杰出校友吗？目前国内顶尖大佬，没有一个人大附中毕业的。 这帮人去山东河南考试，能上985就谢天谢地吧。这叫学霸？,211d6a244cd4e16a,h***e,0,0,,广西,1787565370222
19,complete,GK2026D1,6a258ee2000000001603f4a7,6a2e5b26000000002701f694,,1781422887000,怼着孩子拍，有意思吗,c1b5f3e4245cb63e,佛***🐱,0,0,,浙江,1787565320218
