recorded_at,kind,note_id,root_comment_id,status,stop_reason,pages,observed_comments,declared_comments,collection_egress_region,collection_egress_id,collection_account_id,collection_cdp_port,chunk_index,collection_status,event_id,unlimited,error
2026-08-24T12:54:58,top_level,6a2386530000000017009bd9,,complete,endpoint_exhausted,1,0,,beijing,ssh_eip_beijing,deep_beijing,9342,1,complete,GK2026D1,True,
2026-08-24T13:05:53,reply,6a24efcb000000001c02405f,6a261c190000000028008e23,complete,endpoint_exhausted,0,0,0,beijing,ssh_eip_beijing,deep_beijing,9342,2,complete,GK2026D1,,
2026-08-24T13:05:53,reply,6a24efcb000000001c02405f,6a24fcc8000000002903699a,complete,endpoint_exhausted,0,0,0,beijing,ssh_eip_beijing,deep_beijing,9342,2,complete,GK2026D1,,
2026-08-24T13:05:53,reply,6a24efcb000000001c02405f,6a24f08c000000002803830d,complete,endpoint_exhausted,0,0,0,beijing,ssh_eip_beijing,deep_beijing,9342,2,complete,GK2026D1,,
2026-08-24T13:05:53,reply,6a24efcb000000001c02405f,6a24f07e000000002803d18f,complete,endpoint_exhausted,0,0,0,beijing,ssh_eip_beijing,deep_beijing,9342,2,complete,GK2026D1,,
2026-08-24T13:05:53,top_level,6a24efcb000000001c02405f,,complete,endpoint_exhausted,1,4,,beijing,ssh_eip_beijing,deep_beijing,9342,2,complete,GK2026D1,True,
2026-08-24T13:16:46,top_level,6a24c8ee000000002101638a,,complete,endpoint_exhausted,1,0,,beijing,ssh_eip_beijing,deep_beijing,9342,3,complete,GK2026D1,True,
2026-08-24T13:27:40,top_level,6a23f0e5000000002100b2a9,,complete,endpoint_exhausted,1,0,,beijing,ssh_eip_beijing,deep_beijing,9342,4,complete,GK2026D1,True,
2026-08-24T13:38:36,reply,6a24ca37000000002202acb2,6a24e4c90000000029013689,complete,endpoint_exhausted,0,0,0,beijing,ssh_eip_beijing,deep_beijing,9342,5,complete,GK2026D1,,
2026-08-24T13:38:36,reply,6a24ca37000000002202acb2,6a24cdc4000000002203c00e,complete,endpoint_exhausted,0,0,0,beijing,ssh_eip_beijing,deep_beijing,9342,5,complete,GK2026D1,,
2026-08-24T13:38:36,top_level,6a24ca37000000002202acb2,,complete,endpoint_exhausted,1,2,,beijing,ssh_eip_beijing,deep_beijing,9342,5,complete,GK2026D1,True,
2026-08-24T13:49:29,top_level,6a25b454000000002100af8c,,complete,endpoint_exhausted,1,0,,beijing,ssh_eip_beijing,deep_beijing,9342,6,complete,GK2026D1,True,
2026-08-24T14:30:38,reply,6a26c3b50000000015024218,6a27ac810000000027021da0,complete,endpoint_exhausted,1,3,3,beijing,ssh_eip_beijing,deep_beijing,9342,7,complete,GK2026D1,,
2026-08-24T14:32:02,reply,6a26c3b50000000015024218,6a27432f000000002a0320af,complete,endpoint_exhausted,5,23,23,beijing,ssh_eip_beijing,deep_beijing,9342,7,complete,GK2026D1,,
2026-08-24T14:32:52,reply,6a26c3b50000000015024218,6a278f7d000000002a005b5d,complete,endpoint_exhausted,3,13,13,beijing,ssh_eip_beijing,deep_beijing,9342,7,complete,GK2026D1,,
2026-08-24T14:33:25,reply,6a26c3b50000000015024218,6a26ef82000000002a005018,complete,endpoint_exhausted,2,9,9,beijing,ssh_eip_beijing,deep_beijing,9342,7,complete,GK2026D1,,
2026-08-24T14:33:42,reply,6a26c3b50000000015024218,6a26e5a4000000002a0318e3,complete,endpoint_exhausted,1,4,4,beijing,ssh_eip_beijing,deep_beijing,9342,7,complete,GK2026D1,,
2026-08-24T14:33:42,reply,6a26c3b50000000015024218,6a27bca4000000002900f847,complete,endpoint_exhausted,0,1,1,beijing,ssh_eip_beijing,deep_beijing,9342,7,complete,GK2026D1,,
2026-08-24T14:34:15,reply,6a26c3b50000000015024218,6a26dd850000000029024a52,complete,endpoint_exhausted,2,11,11,beijing,ssh_eip_beijing,deep_beijing,9342,7,complete,GK2026D1,,
2026-08-24T14:34:32,reply,6a26c3b50000000015024218,6a26c9f000000000290346b9,complete,endpoint_exhausted,1,6,6,beijing,ssh_eip_beijing,deep_beijing,9342,7,complete,GK2026D1,,
2026-08-24T14:34:49,reply,6a26c3b50000000015024218,6a278f6b000000002a030106,complete,endpoint_exhausted,1,2,2,beijing,ssh_eip_beijing,deep_beijing,9342,7,complete,GK2026D1,,
2026-08-24T14:35:06,reply,6a26c3b50000000015024218,6a27db4c000000002b000393,complete,endpoint_exhausted,1,3,3,beijing,ssh_eip_beijing,deep_beijing,9342,7,complete,GK2026D1,,
2026-08-24T14:35:40,reply,6a26c3b50000000015024218,6a26f596000000002900db0a,complete,endpoint_exhausted,1,5,5,beijing,ssh_eip_beijing,deep_beijing,9342,7,complete,GK2026D1,,
2026-08-24T14:35:40,reply,6a26c3b50000000015024218,6a282df7000000002702b2de,complete,endpoint_exhausted,0,1,1,beijing,ssh_eip_beijing,deep_beijing,9342,7,complete,GK2026D1,,
2026-08-24T14:35:40,reply,6a26c3b50000000015024218,6a276a65000000002701630f,complete,endpoint_exhausted,0,1,1,beijing,ssh_eip_beijing,deep_beijing,9342,7,complete,GK2026D1,,
2026-08-24T14:35:40,reply,6a26c3b50000000015024218,6a26e0d60000000028035eb3,complete,endpoint_exhausted,0,0,0,beijing,ssh_eip_beijing,deep_beijing,9342,7,complete,GK2026D1,,
2026-08-24T14:35:40,reply,6a26c3b50000000015024218,6a26f7cf000000002b003417,complete,endpoint_exhausted,0,0,0,beijing,ssh_eip_beijing,deep_beijing,9342,7,complete,GK2026D1,,
2026-08-24T14:35:40,reply,6a26c3b50000000015024218,6a28bdf70000000028009091,complete,endpoint_exhausted,0,0,0,beijing,ssh_eip_beijing,deep_beijing,9342,7,complete,GK2026D1,,
2026-08-24T14:35:40,reply,6a26c3b50000000015024218,6a26e001000000002803cb7b,complete,endpoint_exhausted,0,0,0,beijing,ssh_eip_beijing,deep_beijing,9342,7,complete,GK2026D1,,
2026-08-24T14:35:40,reply,6a26c3b50000000015024218,6a277094000000002a027f63,complete,endpoint_exhausted,0,0,0,beijing,ssh_eip_beijing,deep_beijing,9342,7,complete,GK2026D1,,
2026-08-24T14:35:40,reply,6a26c3b50000000015024218,6a284c8b000000002a0311f3,complete,endpoint_exhausted,0,1,1,beijing,ssh_eip_beijing,deep_beijing,9342,7,complete,GK2026D1,,
2026-08-24T14:35:40,reply,6a26c3b50000000015024218,6a278ca9000000002900f22c,complete,endpoint_exhausted,0,0,0,beijing,ssh_eip_beijing,deep_beijing,9342,7,complete,GK2026D1,,
2026-08-24T14:35:56,reply,6a26c3b50000000015024218,6a26cb19000000002702df5e,complete,endpoint_exhausted,0,0,0,beijing,ssh_eip_beijing,deep_beijing,9342,7,complete,GK2026D1,,
2026-08-24T14:35:56,reply,6a26c3b50000000015024218,6a26e2f9000000002902ebbc,complete,endpoint_exhausted,0,0,0,beijing,ssh_eip_beijing,deep_beijing,9342,7,complete,GK2026D1,,
2026-08-24T14:35:56,reply,6a26c3b50000000015024218,6a28f428000000002a02c738,complete,endpoint_exhausted,0,1,1,beijing,ssh_eip_beijing,deep_beijing,9342,7,complete,GK2026D1,,
2026-08-24T14:35:56,reply,6a26c3b50000000015024218,6a280837000000002803c7ab,complete,endpoint_exhausted,0,1,1,beijing,ssh_eip_beijing,deep_beijing,9342,7,complete,GK2026D1,,
2026-08-24T14:35:56,reply,6a26c3b50000000015024218,6a27633f000000002803ee49,complete,endpoint_exhausted,0,1,1,beijing,ssh_eip_beijing,deep_beijing,9342,7,complete,GK2026D1,,
2026-08-24T14:35:56,reply,6a26c3b50000000015024218,6a27de01000000002a0079f9,complete,endpoint_exhausted,0,0,0,beijing,ssh_eip_beijing,deep_beijing,9342,7,complete,GK2026D1,,
2026-08-24T14:35:56,reply,6a26c3b50000000015024218,6a28f05a0000000029036213,complete,endpoint_exhausted,0,0,0,beijing,ssh_eip_beijing,deep_beijing,9342,7,complete,GK2026D1,,
2026-08-24T14:35:56,reply,6a26c3b50000000015024218,6a281af5000000002701f262,complete,endpoint_exhausted,0,0,0,beijing,ssh_eip_beijing,deep_beijing,9342,7,complete,GK2026D1,,
2026-08-24T14:35:56,reply,6a26c3b50000000015024218,6a27c8ec0000000028031a25,complete,endpoint_exhausted,0,0,0,beijing,ssh_eip_beijing,deep_beijing,9342,7,complete,GK2026D1,,
2026-08-24T14:35:56,reply,6a26c3b50000000015024218,6a279951000000002a030536,complete,endpoint_exhausted,0,0,0,beijing,ssh_eip_beijing,deep_beijing,9342,7,complete,GK2026D1,,
2026-08-24T14:36:13,reply,6a26c3b50000000015024218,6a27b101000000002702f497,complete,endpoint_exhausted,0,0,0,beijing,ssh_eip_beijing,deep_beijing,9342,7,complete,GK2026D1,,
2026-08-24T14:36:13,reply,6a26c3b50000000015024218,6a26e4bb000000002a02c006,complete,endpoint_exhausted,0,0,0,beijing,ssh_eip_beijing,deep_beijing,9342,7,complete,GK2026D1,,
2026-08-24T14:36:13,reply,6a26c3b50000000015024218,6a2958aa000000002701d556,complete,endpoint_exhausted,0,0,0,beijing,ssh_eip_beijing,deep_beijing,9342,7,complete,GK2026D1,,
2026-08-24T14:36:13,reply,6a26c3b50000000015024218,6a26e54a00000000280326d2,complete,endpoint_exhausted,0,0,0,beijing,ssh_eip_beijing,deep_beijing,9342,7,complete,GK2026D1,,
2026-08-24T14:36:13,reply,6a26c3b50000000015024218,6a27c7a50000000028035ca5,complete,endpoint_exhausted,0,0,0,beijing,ssh_eip_beijing,deep_beijing,9342,7,complete,GK2026D1,,
2026-08-24T14:36:13,reply,6a26c3b50000000015024218,6a2a3cab0000000027020f26,complete,endpoint_exhausted,0,0,0,beijing,ssh_eip_beijing,deep_beijing,9342,7,complete,GK2026D1,,
2026-08-24T14:36:13,reply,6a26c3b50000000015024218,6a2c057d00000000270223c7,complete,endpoint_exhausted,0,0,0,beijing,ssh_eip_beijing,deep_beijing,9342,7,complete,GK2026D1,,
2026-08-24T14:36:13,reply,6a26c3b50000000015024218,6a276d0500000000290114c8,complete,endpoint_exhausted,0,0,0,beijing,ssh_eip_beijing,deep_beijing,9342,7,complete,GK2026D1,,
2026-08-24T14:36:13,reply,6a26c3b50000000015024218,6a27435c000000002701db8d,complete,endpoint_exhausted,0,0,0,beijing,ssh_eip_beijing,deep_beijing,9342,7,complete,GK2026D1,,
2026-08-24T14:36:13,reply,6a26c3b50000000015024218,6a27b267000000002a025acc,complete,endpoint_exhausted,0,0,0,beijing,ssh_eip_beijing,deep_beijing,9342,7,complete,GK2026D1,,
2026-08-24T14:36:30,reply,6a26c3b50000000015024218,6a26f0a4000000002a0243ea,complete,endpoint_exhausted,0,0,0,beijing,ssh_eip_beijing,deep_beijing,9342,7,complete,GK2026D1,,
2026-08-24T14:36:30,reply,6a26c3b50000000015024218,6a298b51000000002a007507,complete,endpoint_exhausted,0,0,0,beijing,ssh_eip_beijing,deep_beijing,9342,7,complete,GK2026D1,,
2026-08-24T14:36:30,reply,6a26c3b50000000015024218,6a29e608000000002800afa4,complete,endpoint_exhausted,0,0,0,beijing,ssh_eip_beijing,deep_beijing,9342,7,complete,GK2026D1,,
2026-08-24T14:36:30,reply,6a26c3b50000000015024218,6a285b3400000000280086ae,complete,endpoint_exhausted,0,0,0,beijing,ssh_eip_beijing,deep_beijing,9342,7,complete,GK2026D1,,
2026-08-24T14:36:30,reply,6a26c3b50000000015024218,6a289a8b000000002a007684,complete,endpoint_exhausted,0,0,0,beijing,ssh_eip_beijing,deep_beijing,9342,7,complete,GK2026D1,,
2026-08-24T14:36:30,reply,6a26c3b50000000015024218,6a282a1b000000002a02c082,complete,endpoint_exhausted,0,0,0,beijing,ssh_eip_beijing,deep_beijing,9342,7,complete,GK2026D1,,
2026-08-24T14:36:30,reply,6a26c3b50000000015024218,6a28b902000000002900eace,complete,endpoint_exhausted,0,0,0,beijing,ssh_eip_beijing,deep_beijing,9342,7,complete,GK2026D1,,
2026-08-24T14:36:30,reply,6a26c3b50000000015024218,6a28d4be0000000028009add,complete,endpoint_exhausted,0,0,0,beijing,ssh_eip_beijing,deep_beijing,9342,7,complete,GK2026D1,,
2026-08-24T14:36:30,reply,6a26c3b50000000015024218,6a26e5c4000000002a031dba,complete,endpoint_exhausted,0,0,0,beijing,ssh_eip_beijing,deep_beijing,9342,7,complete,GK2026D1,,
2026-08-24T14:36:30,reply,6a26c3b50000000015024218,6a2799ed000000002900c017,complete,endpoint_exhausted,0,0,0,beijing,ssh_eip_beijing,deep_beijing,9342,7,complete,GK2026D1,,
2026-08-24T14:36:46,reply,6a26c3b50000000015024218,6a27bc0e0000000029034ad0,complete,endpoint_exhausted,0,0,0,beijing,ssh_eip_beijing,deep_beijing,9342,7,complete,GK2026D1,,
2026-08-24T14:36:46,reply,6a26c3b50000000015024218,6a281157000000002b0267a5,complete,endpoint_exhausted,0,0,0,beijing,ssh_eip_beijing,deep_beijing,9342,7,complete,GK2026D1,,
2026-08-24T14:36:46,reply,6a26c3b50000000015024218,6a28adcd00000000270149f7,complete,endpoint_exhausted,0,0,0,beijing,ssh_eip_beijing,deep_beijing,9342,7,complete,GK2026D1,,
2026-08-24T14:36:46,reply,6a26c3b50000000015024218,6a274ed6000000002902c4c4,complete,endpoint_exhausted,0,0,0,beijing,ssh_eip_beijing,deep_beijing,9342,7,complete,GK2026D1,,
2026-08-24T14:36:46,reply,6a26c3b50000000015024218,6a296e20000000002701644a,complete,endpoint_exhausted,0,0,0,beijing,ssh_eip_beijing,deep_beijing,9342,7,complete,GK2026D1,,
2026-08-24T14:36:46,reply,6a26c3b50000000015024218,6a27e5400000000027021b21,complete,endpoint_exhausted,0,0,0,beijing,ssh_eip_beijing,deep_beijing,9342,7,complete,GK2026D1,,
2026-08-24T14:36:46,reply,6a26c3b50000000015024218,6a2848bf000000000d021400,complete,endpoint_exhausted,0,0,0,beijing,ssh_eip_beijing,deep_beijing,9342,7,complete,GK2026D1,,
2026-08-24T14:36:46,reply,6a26c3b50000000015024218,6a281caf000000002701410d,complete,endpoint_exhausted,0,0,0,beijing,ssh_eip_beijing,deep_beijing,9342,7,complete,GK2026D1,,
2026-08-24T14:36:46,reply,6a26c3b50000000015024218,6a2a91c9000000002900e6a0,complete,endpoint_exhausted,0,0,0,beijing,ssh_eip_beijing,deep_beijing,9342,7,complete,GK2026D1,,
2026-08-24T14:36:46,reply,6a26c3b50000000015024218,6a26cb1900000000280085d6,complete,endpoint_exhausted,0,0,0,beijing,ssh_eip_beijing,deep_beijing,9342,7,complete,GK2026D1,,
2026-08-24T14:37:03,reply,6a26c3b50000000015024218,6a275f860000000027022bd8,complete,endpoint_exhausted,0,0,0,beijing,ssh_eip_beijing,deep_beijing,9342,7,complete,GK2026D1,,
2026-08-24T14:37:03,reply,6a26c3b50000000015024218,6a284c360000000027022fd8,complete,endpoint_exhausted,0,0,0,beijing,ssh_eip_beijing,deep_beijing,9342,7,complete,GK2026D1,,
2026-08-24T14:37:03,reply,6a26c3b50000000015024218,6a2a9e5c000000002701d841,complete,endpoint_exhausted,0,0,0,beijing,ssh_eip_beijing,deep_beijing,9342,7,complete,GK2026D1,,
2026-08-24T14:37:03,reply,6a26c3b50000000015024218,6a298dce000000002803fc15,complete,endpoint_exhausted,0,0,0,beijing,ssh_eip_beijing,deep_beijing,9342,7,complete,GK2026D1,,
2026-08-24T14:37:03,reply,6a26c3b50000000015024218,6a27e9b800000000290354f8,complete,endpoint_exhausted,0,0,0,beijing,ssh_eip_beijing,deep_beijing,9342,7,complete,GK2026D1,,
2026-08-24T14:37:03,reply,6a26c3b50000000015024218,6a2822910000000027015835,complete,endpoint_exhausted,0,0,0,beijing,ssh_eip_beijing,deep_beijing,9342,7,complete,GK2026D1,,
2026-08-24T14:37:03,reply,6a26c3b50000000015024218,6a277fe5000000002a032ae6,complete,endpoint_exhausted,0,0,0,beijing,ssh_eip_beijing,deep_beijing,9342,7,complete,GK2026D1,,
2026-08-24T14:37:03,reply,6a26c3b50000000015024218,6a27a61d000000002b02429e,complete,endpoint_exhausted,0,0,0,beijing,ssh_eip_beijing,deep_beijing,9342,7,complete,GK2026D1,,
2026-08-24T14:37:03,reply,6a26c3b50000000015024218,6a276bac000000002a02ce00,complete,endpoint_exhausted,0,0,0,beijing,ssh_eip_beijing,deep_beijing,9342,7,complete,GK2026D1,,
2026-08-24T14:37:03,reply,6a26c3b50000000015024218,6a27de92000000002a02f8a7,complete,endpoint_exhausted,0,0,0,beijing,ssh_eip_beijing,deep_beijing,9342,7,complete,GK2026D1,,
2026-08-24T14:37:19,reply,6a26c3b50000000015024218,6a27bfa2000000002800bae4,complete,endpoint_exhausted,0,0,0,beijing,ssh_eip_beijing,deep_beijing,9342,7,complete,GK2026D1,,
2026-08-24T14:37:19,reply,6a26c3b50000000015024218,6a28120c000000002803e097,complete,endpoint_exhausted,0,0,0,beijing,ssh_eip_beijing,deep_beijing,9342,7,complete,GK2026D1,,
2026-08-24T14:37:19,reply,6a26c3b50000000015024218,6a281cc2000000002a0279a9,complete,endpoint_exhausted,0,0,0,beijing,ssh_eip_beijing,deep_beijing,9342,7,complete,GK2026D1,,
2026-08-24T14:37:19,reply,6a26c3b50000000015024218,6a273724000000002803b7ac,complete,endpoint_exhausted,0,0,0,beijing,ssh_eip_beijing,deep_beijing,9342,7,complete,GK2026D1,,
2026-08-24T14:37:19,reply,6a26c3b50000000015024218,6a281cab000000002702b949,complete,endpoint_exhausted,0,0,0,beijing,ssh_eip_beijing,deep_beijing,9342,7,complete,GK2026D1,,
2026-08-24T14:37:36,reply,6a26c3b50000000015024218,6a2968350000000028037bf5,complete,endpoint_exhausted,1,2,2,beijing,ssh_eip_beijing,deep_beijing,9342,7,complete,GK2026D1,,
2026-08-24T14:37:36,reply,6a26c3b50000000015024218,6a26e6b4000000002a027911,complete,endpoint_exhausted,0,0,0,beijing,ssh_eip_beijing,deep_beijing,9342,7,complete,GK2026D1,,
2026-08-24T14:37:36,reply,6a26c3b50000000015024218,6a2a265d00000000280348b6,complete,endpoint_exhausted,0,1,1,beijing,ssh_eip_beijing,deep_beijing,9342,7,complete,GK2026D1,,
2026-08-24T14:37:36,reply,6a26c3b50000000015024218,6a280efa000000002a007c1f,complete,endpoint_exhausted,0,0,0,beijing,ssh_eip_beijing,deep_beijing,9342,7,complete,GK2026D1,,
2026-08-24T14:37:36,reply,6a26c3b50000000015024218,6a280d7a000000002902c10d,complete,endpoint_exhausted,0,0,0,beijing,ssh_eip_beijing,deep_beijing,9342,7,complete,GK2026D1,,
2026-08-24T14:37:52,reply,6a26c3b50000000015024218,6a280cd7000000002702ff79,complete,endpoint_exhausted,0,0,0,beijing,ssh_eip_beijing,deep_beijing,9342,7,complete,GK2026D1,,
2026-08-24T14:37:52,reply,6a26c3b50000000015024218,6a27fbc6000000002a0061a6,complete,endpoint_exhausted,0,0,0,beijing,ssh_eip_beijing,deep_beijing,9342,7,complete,GK2026D1,,
2026-08-24T14:37:52,reply,6a26c3b50000000015024218,6a27e56e0000000029025840,complete,endpoint_exhausted,0,0,0,beijing,ssh_eip_beijing,deep_beijing,9342,7,complete,GK2026D1,,
2026-08-24T14:37:52,reply,6a26c3b50000000015024218,6a27dcfd000000002903603a,complete,endpoint_exhausted,0,1,1,beijing,ssh_eip_beijing,deep_beijing,9342,7,complete,GK2026D1,,
2026-08-24T14:37:52,reply,6a26c3b50000000015024218,6a27d8c0000000002a00495a,complete,endpoint_exhausted,0,0,0,beijing,ssh_eip_beijing,deep_beijing,9342,7,complete,GK2026D1,,
2026-08-24T14:37:52,reply,6a26c3b50000000015024218,6a27d47200000000270146e4,complete,endpoint_exhausted,0,0,0,beijing,ssh_eip_beijing,deep_beijing,9342,7,complete,GK2026D1,,
2026-08-24T14:37:52,reply,6a26c3b50000000015024218,6a27ce14000000002803c34a,complete,endpoint_exhausted,0,0,0,beijing,ssh_eip_beijing,deep_beijing,9342,7,complete,GK2026D1,,
2026-08-24T14:37:52,reply,6a26c3b50000000015024218,6a27c99a00000000270162d9,complete,endpoint_exhausted,0,0,0,beijing,ssh_eip_beijing,deep_beijing,9342,7,complete,GK2026D1,,
2026-08-24T14:37:52,reply,6a26c3b50000000015024218,6a27b0ec000000002b028308,complete,endpoint_exhausted,0,0,0,beijing,ssh_eip_beijing,deep_beijing,9342,7,complete,GK2026D1,,
2026-08-24T14:37:52,reply,6a26c3b50000000015024218,6a27a04d0000000028032b0e,complete,endpoint_exhausted,0,0,0,beijing,ssh_eip_beijing,deep_beijing,9342,7,complete,GK2026D1,,
2026-08-24T14:38:09,reply,6a26c3b50000000015024218,6a279e6d000000002702ee55,complete,endpoint_exhausted,0,0,0,beijing,ssh_eip_beijing,deep_beijing,9342,7,complete,GK2026D1,,
2026-08-24T14:38:09,reply,6a26c3b50000000015024218,6a279c1600000000290372dc,complete,endpoint_exhausted,0,0,0,beijing,ssh_eip_beijing,deep_beijing,9342,7,complete,GK2026D1,,
2026-08-24T14:38:09,reply,6a26c3b50000000015024218,6a279a3d000000002900d275,complete,endpoint_exhausted,0,0,0,beijing,ssh_eip_beijing,deep_beijing,9342,7,complete,GK2026D1,,
2026-08-24T14:38:26,reply,6a26c3b50000000015024218,6a2783c6000000002702cdfa,complete,endpoint_exhausted,1,3,3,beijing,ssh_eip_beijing,deep_beijing,9342,7,complete,GK2026D1,,
2026-08-24T14:38:26,reply,6a26c3b50000000015024218,6a277a2d000000002b001ae4,complete,endpoint_exhausted,0,0,0,beijing,ssh_eip_beijing,deep_beijing,9342,7,complete,GK2026D1,,
2026-08-24T14:38:26,reply,6a26c3b50000000015024218,6a2778a9000000002901ac1c,complete,endpoint_exhausted,0,0,0,beijing,ssh_eip_beijing,deep_beijing,9342,7,complete,GK2026D1,,
2026-08-24T14:38:26,reply,6a26c3b50000000015024218,6a2774b3000000002b02b0b9,complete,endpoint_exhausted,0,0,0,beijing,ssh_eip_beijing,deep_beijing,9342,7,complete,GK2026D1,,
2026-08-24T14:38:26,reply,6a26c3b50000000015024218,6a276313000000002701dc87,complete,endpoint_exhausted,0,0,0,beijing,ssh_eip_beijing,deep_beijing,9342,7,complete,GK2026D1,,
2026-08-24T14:38:26,reply,6a26c3b50000000015024218,6a2754b8000000002b003f0c,complete,endpoint_exhausted,0,0,0,beijing,ssh_eip_beijing,deep_beijing,9342,7,complete,GK2026D1,,
2026-08-24T14:38:26,reply,6a26c3b50000000015024218,6a27516d0000000029011222,complete,endpoint_exhausted,0,0,0,beijing,ssh_eip_beijing,deep_beijing,9342,7,complete,GK2026D1,,
2026-08-24T14:38:43,reply,6a26c3b50000000015024218,6a270b4b00000000290192aa,complete,endpoint_exhausted,0,0,0,beijing,ssh_eip_beijing,deep_beijing,9342,7,complete,GK2026D1,,
2026-08-24T14:38:43,reply,6a26c3b50000000015024218,6a26fb90000000002702898b,complete,endpoint_exhausted,0,0,0,beijing,ssh_eip_beijing,deep_beijing,9342,7,complete,GK2026D1,,
2026-08-24T14:38:43,reply,6a26c3b50000000015024218,6a26ed070000000027017710,complete,endpoint_exhausted,0,0,0,beijing,ssh_eip_beijing,deep_beijing,9342,7,complete,GK2026D1,,
2026-08-24T14:38:43,reply,6a26c3b50000000015024218,6a26e4cf000000002803aa28,complete,endpoint_exhausted,0,0,0,beijing,ssh_eip_beijing,deep_beijing,9342,7,complete,GK2026D1,,
2026-08-24T14:38:43,reply,6a26c3b50000000015024218,6a26e0e7000000002701ee4c,complete,endpoint_exhausted,0,0,0,beijing,ssh_eip_beijing,deep_beijing,9342,7,complete,GK2026D1,,
2026-08-24T14:38:43,reply,6a26c3b50000000015024218,6a26e061000000002b02870c,complete,endpoint_exhausted,0,0,0,beijing,ssh_eip_beijing,deep_beijing,9342,7,complete,GK2026D1,,
2026-08-24T14:38:43,reply,6a26c3b50000000015024218,6a26cc7300000000280351bb,complete,endpoint_exhausted,0,0,0,beijing,ssh_eip_beijing,deep_beijing,9342,7,complete,GK2026D1,,
2026-08-24T14:38:43,reply,6a26c3b50000000015024218,6a26cb2d0000000027028f0e,complete,endpoint_exhausted,0,0,0,beijing,ssh_eip_beijing,deep_beijing,9342,7,complete,GK2026D1,,
2026-08-24T14:38:43,reply,6a26c3b50000000015024218,6a26cac0000000002902efe9,complete,endpoint_exhausted,0,0,0,beijing,ssh_eip_beijing,deep_beijing,9342,7,complete,GK2026D1,,
2026-08-24T14:38:43,reply,6a26c3b50000000015024218,6a26ca3b0000000029010821,complete,endpoint_exhausted,0,0,0,beijing,ssh_eip_beijing,deep_beijing,9342,7,complete,GK2026D1,,
2026-08-24T14:40:44,reply,6a26c3b50000000015024218,6a26fae4000000002a02dc06,complete,endpoint_exhausted,6,27,27,beijing,ssh_eip_beijing,deep_beijing,9342,7,complete,GK2026D1,,
2026-08-24T14:40:44,reply,6a26c3b50000000015024218,6a2f62df000000002701cb1d,complete,endpoint_exhausted,0,0,0,beijing,ssh_eip_beijing,deep_beijing,9342,7,complete,GK2026D1,,
2026-08-24T14:40:44,reply,6a26c3b50000000015024218,6a2e5fa7000000002b003e89,complete,endpoint_exhausted,0,0,0,beijing,ssh_eip_beijing,deep_beijing,9342,7,complete,GK2026D1,,
2026-08-24T14:40:44,reply,6a26c3b50000000015024218,6a2a06b600000000290356fd,complete,endpoint_exhausted,0,0,0,beijing,ssh_eip_beijing,deep_beijing,9342,7,complete,GK2026D1,,
2026-08-24T14:40:44,reply,6a26c3b50000000015024218,6a2935320000000029011a1a,complete,endpoint_exhausted,0,0,0,beijing,ssh_eip_beijing,deep_beijing,9342,7,complete,GK2026D1,,
2026-08-24T14:40:44,reply,6a26c3b50000000015024218,6a28d740000000002803c47f,complete,endpoint_exhausted,0,0,0,beijing,ssh_eip_beijing,deep_beijing,9342,7,complete,GK2026D1,,
2026-08-24T14:40:44,reply,6a26c3b50000000015024218,6a280d6a000000002a006de8,complete,endpoint_exhausted,0,0,0,beijing,ssh_eip_beijing,deep_beijing,9342,7,complete,GK2026D1,,
2026-08-24T14:40:44,reply,6a26c3b50000000015024218,6a27ff6d000000002701f88b,complete,endpoint_exhausted,0,0,0,beijing,ssh_eip_beijing,deep_beijing,9342,7,complete,GK2026D1,,
2026-08-24T14:40:44,reply,6a26c3b50000000015024218,6a27f6c1000000002901abfc,complete,endpoint_exhausted,0,0,0,beijing,ssh_eip_beijing,deep_beijing,9342,7,complete,GK2026D1,,
2026-08-24T14:40:44,reply,6a26c3b50000000015024218,6a27e7d6000000002b0038c5,complete,endpoint_exhausted,0,0,0,beijing,ssh_eip_beijing,deep_beijing,9342,7,complete,GK2026D1,,
2026-08-24T14:41:01,reply,6a26c3b50000000015024218,6a27c8f2000000002900e0b6,complete,endpoint_exhausted,0,0,0,beijing,ssh_eip_beijing,deep_beijing,9342,7,complete,GK2026D1,,
2026-08-24T14:41:01,reply,6a26c3b50000000015024218,6a278622000000002300f537,complete,endpoint_exhausted,0,0,0,beijing,ssh_eip_beijing,deep_beijing,9342,7,complete,GK2026D1,,
2026-08-24T14:41:01,reply,6a26c3b50000000015024218,6a2762b200000000280359d1,complete,endpoint_exhausted,0,0,0,beijing,ssh_eip_beijing,deep_beijing,9342,7,complete,GK2026D1,,
2026-08-24T14:41:01,reply,6a26c3b50000000015024218,6a26f1ad000000002b029df1,complete,endpoint_exhausted,0,0,0,beijing,ssh_eip_beijing,deep_beijing,9342,7,complete,GK2026D1,,
2026-08-24T14:41:01,reply,6a26c3b50000000015024218,6a26f17f0000000028008e4b,complete,endpoint_exhausted,0,0,0,beijing,ssh_eip_beijing,deep_beijing,9342,7,complete,GK2026D1,,
2026-08-24T14:41:01,reply,6a26c3b50000000015024218,6a26ef680000000028038596,complete,endpoint_exhausted,0,0,0,beijing,ssh_eip_beijing,deep_beijing,9342,7,complete,GK2026D1,,
2026-08-24T14:41:01,reply,6a26c3b50000000015024218,6a26e3e2000000002702bbaf,complete,endpoint_exhausted,0,0,0,beijing,ssh_eip_beijing,deep_beijing,9342,7,complete,GK2026D1,,
2026-08-24T14:41:01,reply,6a26c3b50000000015024218,6a2a555e00000000290375d6,complete,endpoint_exhausted,0,0,0,beijing,ssh_eip_beijing,deep_beijing,9342,7,complete,GK2026D1,,
2026-08-24T14:41:01,reply,6a26c3b50000000015024218,6a2a45ad0000000027028ab4,complete,endpoint_exhausted,0,0,0,beijing,ssh_eip_beijing,deep_beijing,9342,7,complete,GK2026D1,,
2026-08-24T14:41:01,reply,6a26c3b50000000015024218,6a2988be000000002701735e,complete,endpoint_exhausted,0,0,0,beijing,ssh_eip_beijing,deep_beijing,9342,7,complete,GK2026D1,,
2026-08-24T14:41:17,reply,6a26c3b50000000015024218,6a29685b0000000029010def,complete,endpoint_exhausted,0,0,0,beijing,ssh_eip_beijing,deep_beijing,9342,7,complete,GK2026D1,,
2026-08-24T14:41:17,reply,6a26c3b50000000015024218,6a2963aa000000002902d3b9,complete,endpoint_exhausted,0,0,0,beijing,ssh_eip_beijing,deep_beijing,9342,7,complete,GK2026D1,,
2026-08-24T14:41:17,reply,6a26c3b50000000015024218,6a29549a000000002702ce94,complete,endpoint_exhausted,0,0,0,beijing,ssh_eip_beijing,deep_beijing,9342,7,complete,GK2026D1,,
2026-08-24T14:41:17,reply,6a26c3b50000000015024218,6a29432c000000002a033e84,complete,endpoint_exhausted,0,0,0,beijing,ssh_eip_beijing,deep_beijing,9342,7,complete,GK2026D1,,
2026-08-24T14:41:17,reply,6a26c3b50000000015024218,6a293895000000002901241e,complete,endpoint_exhausted,0,0,0,beijing,ssh_eip_beijing,deep_beijing,9342,7,complete,GK2026D1,,
2026-08-24T14:41:17,reply,6a26c3b50000000015024218,6a28a45e0000000029034224,complete,endpoint_exhausted,0,0,0,beijing,ssh_eip_beijing,deep_beijing,9342,7,complete,GK2026D1,,
2026-08-24T14:41:17,reply,6a26c3b50000000015024218,6a28343d000000002803eb35,complete,endpoint_exhausted,0,0,0,beijing,ssh_eip_beijing,deep_beijing,9342,7,complete,GK2026D1,,
2026-08-24T14:41:17,reply,6a26c3b50000000015024218,6a2831f4000000002803f7cd,complete,endpoint_exhausted,0,0,0,beijing,ssh_eip_beijing,deep_beijing,9342,7,complete,GK2026D1,,
2026-08-24T14:41:17,reply,6a26c3b50000000015024218,6a281b5b000000002803545b,complete,endpoint_exhausted,0,0,0,beijing,ssh_eip_beijing,deep_beijing,9342,7,complete,GK2026D1,,
2026-08-24T14:41:17,reply,6a26c3b50000000015024218,6a2814bb0000000028039d07,complete,endpoint_exhausted,0,0,0,beijing,ssh_eip_beijing,deep_beijing,9342,7,complete,GK2026D1,,
2026-08-24T14:41:34,reply,6a26c3b50000000015024218,6a27ef42000000002902fb46,complete,endpoint_exhausted,0,0,0,beijing,ssh_eip_beijing,deep_beijing,9342,7,complete,GK2026D1,,
2026-08-24T14:41:34,reply,6a26c3b50000000015024218,6a27ed6d000000002902ec11,complete,endpoint_exhausted,0,0,0,beijing,ssh_eip_beijing,deep_beijing,9342,7,complete,GK2026D1,,
2026-08-24T14:41:34,reply,6a26c3b50000000015024218,6a27ea1b00000000270203e4,complete,endpoint_exhausted,0,0,0,beijing,ssh_eip_beijing,deep_beijing,9342,7,complete,GK2026D1,,
2026-08-24T14:41:34,reply,6a26c3b50000000015024218,6a27e0900000000027015ca6,complete,endpoint_exhausted,0,0,0,beijing,ssh_eip_beijing,deep_beijing,9342,7,complete,GK2026D1,,
2026-08-24T14:41:34,reply,6a26c3b50000000015024218,6a27c461000000002b003645,complete,endpoint_exhausted,0,0,0,beijing,ssh_eip_beijing,deep_beijing,9342,7,complete,GK2026D1,,
2026-08-24T14:41:34,reply,6a26c3b50000000015024218,6a27646c000000002701cc5e,complete,endpoint_exhausted,0,0,0,beijing,ssh_eip_beijing,deep_beijing,9342,7,complete,GK2026D1,,
2026-08-24T14:41:34,reply,6a26c3b50000000015024218,6a275794000000002902cd54,complete,endpoint_exhausted,0,0,0,beijing,ssh_eip_beijing,deep_beijing,9342,7,complete,GK2026D1,,
2026-08-24T14:41:34,reply,6a26c3b50000000015024218,6a26f40b000000002900efa3,complete,endpoint_exhausted,0,0,0,beijing,ssh_eip_beijing,deep_beijing,9342,7,complete,GK2026D1,,
2026-08-24T14:41:34,reply,6a26c3b50000000015024218,6a26f200000000002902e929,complete,endpoint_exhausted,0,0,0,beijing,ssh_eip_beijing,deep_beijing,9342,7,complete,GK2026D1,,
2026-08-24T14:41:34,reply,6a26c3b50000000015024218,6a26e919000000002a02cfaa,complete,endpoint_exhausted,0,0,0,beijing,ssh_eip_beijing,deep_beijing,9342,7,complete,GK2026D1,,
2026-08-24T14:41:50,reply,6a26c3b50000000015024218,6a26e267000000002701697d,complete,endpoint_exhausted,0,0,0,beijing,ssh_eip_beijing,deep_beijing,9342,7,complete,GK2026D1,,
2026-08-24T14:41:50,reply,6a26c3b50000000015024218,6a26df7f000000002800b6fc,complete,endpoint_exhausted,0,0,0,beijing,ssh_eip_beijing,deep_beijing,9342,7,complete,GK2026D1,,
2026-08-24T14:41:50,top_level,6a26c3b50000000015024218,,complete,endpoint_exhausted,16,152,,beijing,ssh_eip_beijing,deep_beijing,9342,7,complete,GK2026D1,True,
2026-08-24T14:53:18,reply,6a26ac1d000000001503ccce,6a26ada70000000029012a89,complete,endpoint_exhausted,2,8,8,beijing,ssh_eip_beijing,deep_beijing,9342,8,complete,GK2026D1,,
2026-08-24T14:53:18,reply,6a26ac1d000000001503ccce,6a26fdf5000000002a03065a,complete,endpoint_exhausted,0,0,0,beijing,ssh_eip_beijing,deep_beijing,9342,8,complete,GK2026D1,,
2026-08-24T14:53:18,reply,6a26ac1d000000001503ccce,6a2923f3000000002a0312f5,complete,endpoint_exhausted,0,0,0,beijing,ssh_eip_beijing,deep_beijing,9342,8,complete,GK2026D1,,
2026-08-24T14:53:35,reply,6a26ac1d000000001503ccce,6a275b2a000000002702f58b,complete,endpoint_exhausted,1,4,4,beijing,ssh_eip_beijing,deep_beijing,9342,8,complete,GK2026D1,,
2026-08-24T14:53:35,reply,6a26ac1d000000001503ccce,6a27250e000000002800a8c7,complete,endpoint_exhausted,0,0,0,beijing,ssh_eip_beijing,deep_beijing,9342,8,complete,GK2026D1,,
2026-08-24T14:53:35,top_level,6a26ac1d000000001503ccce,,complete,endpoint_exhausted,1,5,,beijing,ssh_eip_beijing,deep_beijing,9342,8,complete,GK2026D1,True,
2026-08-24T15:04:28,reply,6a24d092000000001700ac5c,6a250e10000000002803e357,complete,endpoint_exhausted,0,0,0,beijing,ssh_eip_beijing,deep_beijing,9342,9,complete,GK2026D1,,
2026-08-24T15:04:28,reply,6a24d092000000001700ac5c,6a24d932000000002a0064b4,complete,endpoint_exhausted,0,0,0,beijing,ssh_eip_beijing,deep_beijing,9342,9,complete,GK2026D1,,
2026-08-24T15:04:28,top_level,6a24d092000000001700ac5c,,complete,endpoint_exhausted,1,2,,beijing,ssh_eip_beijing,deep_beijing,9342,9,complete,GK2026D1,True,
2026-08-24T15:15:38,reply,6a10357f000000000803178c,6a10429e000000002900d856,complete,endpoint_exhausted,1,2,2,beijing,ssh_eip_beijing,deep_beijing,9342,10,complete,GK2026D1,,
2026-08-24T15:15:55,reply,6a10357f000000000803178c,6a10624a000000002803d6b7,complete,endpoint_exhausted,1,2,2,beijing,ssh_eip_beijing,deep_beijing,9342,10,complete,GK2026D1,,
2026-08-24T15:15:55,reply,6a10357f000000000803178c,6a10f1dd000000002902d8ff,complete,endpoint_exhausted,0,0,0,beijing,ssh_eip_beijing,deep_beijing,9342,10,complete,GK2026D1,,
2026-08-24T15:16:11,reply,6a10357f000000000803178c,6a113264000000002701f7f2,complete,endpoint_exhausted,1,2,2,beijing,ssh_eip_beijing,deep_beijing,9342,10,complete,GK2026D1,,
2026-08-24T15:16:11,reply,6a10357f000000000803178c,6a10648700000000280392be,complete,endpoint_exhausted,0,1,1,beijing,ssh_eip_beijing,deep_beijing,9342,10,complete,GK2026D1,,
2026-08-24T15:16:29,reply,6a10357f000000000803178c,6a113e9f000000002803fc50,complete,endpoint_exhausted,1,2,2,beijing,ssh_eip_beijing,deep_beijing,9342,10,complete,GK2026D1,,
2026-08-24T15:16:47,reply,6a10357f000000000803178c,6a2cc6c90000000029010d53,complete,endpoint_exhausted,1,2,2,beijing,ssh_eip_beijing,deep_beijing,9342,10,complete,GK2026D1,,
2026-08-24T15:16:47,reply,6a10357f000000000803178c,6a2595fd000000002b026ea4,complete,endpoint_exhausted,0,1,1,beijing,ssh_eip_beijing,deep_beijing,9342,10,complete,GK2026D1,,
2026-08-24T15:16:47,reply,6a10357f000000000803178c,6a109549000000002902ce7c,complete,endpoint_exhausted,0,0,0,beijing,ssh_eip_beijing,deep_beijing,9342,10,complete,GK2026D1,,
2026-08-24T15:16:47,reply,6a10357f000000000803178c,6a104fe600000000280324e9,complete,endpoint_exhausted,0,0,0,beijing,ssh_eip_beijing,deep_beijing,9342,10,complete,GK2026D1,,
2026-08-24T15:17:03,reply,6a10357f000000000803178c,6a10ceb500000000280399b0,complete,endpoint_exhausted,0,0,0,beijing,ssh_eip_beijing,deep_beijing,9342,10,complete,GK2026D1,,
2026-08-24T15:17:03,reply,6a10357f000000000803178c,6a10680f000000002902c51f,complete,endpoint_exhausted,0,0,0,beijing,ssh_eip_beijing,deep_beijing,9342,10,complete,GK2026D1,,
2026-08-24T15:17:03,reply,6a10357f000000000803178c,6a107409000000002a02d246,complete,endpoint_exhausted,0,0,0,beijing,ssh_eip_beijing,deep_beijing,9342,10,complete,GK2026D1,,
2026-08-24T15:17:03,reply,6a10357f000000000803178c,6a107188000000002b02b8a0,complete,endpoint_exhausted,0,0,0,beijing,ssh_eip_beijing,deep_beijing,9342,10,complete,GK2026D1,,
2026-08-24T15:17:03,reply,6a10357f000000000803178c,6a2d6442000000002701e39f,complete,endpoint_exhausted,0,1,1,beijing,ssh_eip_beijing,deep_beijing,9342,10,complete,GK2026D1,,
2026-08-24T15:17:03,reply,6a10357f000000000803178c,6a1081e50000000029027058,complete,endpoint_exhausted,0,0,0,beijing,ssh_eip_beijing,deep_beijing,9342,10,complete,GK2026D1,,
2026-08-24T15:17:03,reply,6a10357f000000000803178c,6a1083be0000000029018b8f,complete,endpoint_exhausted,0,0,0,beijing,ssh_eip_beijing,deep_beijing,9342,10,complete,GK2026D1,,
2026-08-24T15:17:03,reply,6a10357f000000000803178c,6a43c45b000000002a02fec5,complete,endpoint_exhausted,0,0,0,beijing,ssh_eip_beijing,deep_beijing,9342,10,complete,GK2026D1,,
2026-08-24T15:17:03,reply,6a10357f000000000803178c,6a111096000000002b0004d0,complete,endpoint_exhausted,0,0,0,beijing,ssh_eip_beijing,deep_beijing,9342,10,complete,GK2026D1,,
2026-08-24T15:17:03,reply,6a10357f000000000803178c,6a10518d0000000029026e61,complete,endpoint_exhausted,0,0,0,beijing,ssh_eip_beijing,deep_beijing,9342,10,complete,GK2026D1,,
2026-08-24T15:17:20,reply,6a10357f000000000803178c,6a11594b0000000028009c52,complete,endpoint_exhausted,0,0,0,beijing,ssh_eip_beijing,deep_beijing,9342,10,complete,GK2026D1,,
2026-08-24T15:17:20,reply,6a10357f000000000803178c,6a115d3b0000000027022973,complete,endpoint_exhausted,0,0,0,beijing,ssh_eip_beijing,deep_beijing,9342,10,complete,GK2026D1,,
2026-08-24T15:17:20,reply,6a10357f000000000803178c,6a112881000000002a005da5,complete,endpoint_exhausted,0,0,0,beijing,ssh_eip_beijing,deep_beijing,9342,10,complete,GK2026D1,,
2026-08-24T15:17:20,reply,6a10357f000000000803178c,6a1108ee000000002702e5c1,complete,endpoint_exhausted,0,0,0,beijing,ssh_eip_beijing,deep_beijing,9342,10,complete,GK2026D1,,
2026-08-24T15:17:20,reply,6a10357f000000000803178c,6a11434a000000002701ec9e,complete,endpoint_exhausted,0,0,0,beijing,ssh_eip_beijing,deep_beijing,9342,10,complete,GK2026D1,,
2026-08-24T15:17:20,reply,6a10357f000000000803178c,6a13307f000000002a02f68a,complete,endpoint_exhausted,0,0,0,beijing,ssh_eip_beijing,deep_beijing,9342,10,complete,GK2026D1,,
2026-08-24T15:17:20,reply,6a10357f000000000803178c,6a114c7d00000000290264d1,complete,endpoint_exhausted,0,0,0,beijing,ssh_eip_beijing,deep_beijing,9342,10,complete,GK2026D1,,
2026-08-24T15:17:20,reply,6a10357f000000000803178c,6a130ff2000000002a006b87,complete,endpoint_exhausted,0,0,0,beijing,ssh_eip_beijing,deep_beijing,9342,10,complete,GK2026D1,,
2026-08-24T15:17:20,reply,6a10357f000000000803178c,6a112e54000000002a02df89,complete,endpoint_exhausted,0,1,1,beijing,ssh_eip_beijing,deep_beijing,9342,10,complete,GK2026D1,,
2026-08-24T15:17:20,reply,6a10357f000000000803178c,6a10544700000000270155e0,complete,endpoint_exhausted,0,0,0,beijing,ssh_eip_beijing,deep_beijing,9342,10,complete,GK2026D1,,
2026-08-24T15:17:37,reply,6a10357f000000000803178c,6a105600000000002701dcd6,complete,endpoint_exhausted,0,0,0,beijing,ssh_eip_beijing,deep_beijing,9342,10,complete,GK2026D1,,
2026-08-24T15:17:37,reply,6a10357f000000000803178c,6a104a6e0000000027021408,complete,endpoint_exhausted,0,0,0,beijing,ssh_eip_beijing,deep_beijing,9342,10,complete,GK2026D1,,
2026-08-24T15:17:37,reply,6a10357f000000000803178c,6a1042270000000029011a81,complete,endpoint_exhausted,0,0,0,beijing,ssh_eip_beijing,deep_beijing,9342,10,complete,GK2026D1,,
2026-08-24T15:17:37,reply,6a10357f000000000803178c,6a54d9390000000015007416,complete,endpoint_exhausted,0,1,1,beijing,ssh_eip_beijing,deep_beijing,9342,10,complete,GK2026D1,,
2026-08-24T15:17:37,reply,6a10357f000000000803178c,6a103ec900000000280388aa,complete,endpoint_exhausted,0,1,1,beijing,ssh_eip_beijing,deep_beijing,9342,10,complete,GK2026D1,,
2026-08-24T15:17:37,top_level,6a10357f000000000803178c,,complete,endpoint_exhausted,4,35,,beijing,ssh_eip_beijing,deep_beijing,9342,10,complete,GK2026D1,True,
2026-08-24T15:28:29,top_level,6a2692bf000000001503f437,,complete,endpoint_exhausted,1,0,,beijing,ssh_eip_beijing,deep_beijing,9342,11,complete,GK2026D1,True,
2026-08-24T15:39:22,top_level,6a257904000000001702e6dc,,complete,endpoint_exhausted,1,0,,beijing,ssh_eip_beijing,deep_beijing,9342,12,complete,GK2026D1,True,
2026-08-24T16:20:14,top_level,6a258840000000002100aac8,,complete,endpoint_exhausted,1,0,,beijing,ssh_eip_beijing,deep_beijing,9342,13,complete,GK2026D1,True,
2026-08-24T16:31:08,reply,6a2541c50000000035026747,6a25a2b1000000002b0037e8,complete,endpoint_exhausted,0,0,0,beijing,ssh_eip_beijing,deep_beijing,9342,14,complete,GK2026D1,,
2026-08-24T16:31:08,reply,6a2541c50000000035026747,6a2544ad000000002803f6cd,complete,endpoint_exhausted,0,0,0,beijing,ssh_eip_beijing,deep_beijing,9342,14,complete,GK2026D1,,
2026-08-24T16:31:08,top_level,6a2541c50000000035026747,,complete,endpoint_exhausted,1,2,,beijing,ssh_eip_beijing,deep_beijing,9342,14,complete,GK2026D1,True,
2026-08-24T16:42:02,top_level,6a2381fc00000000220228b6,,complete,endpoint_exhausted,1,0,,beijing,ssh_eip_beijing,deep_beijing,9342,15,complete,GK2026D1,True,
2026-08-24T16:52:57,top_level,6a26e13c000000003502367e,,complete,endpoint_exhausted,1,0,,beijing,ssh_eip_beijing,deep_beijing,9342,16,complete,GK2026D1,True,
2026-08-24T17:03:50,reply,6a25582b000000002103c7d0,6a255b3d000000002a0339e1,complete,endpoint_exhausted,0,1,1,beijing,ssh_eip_beijing,deep_beijing,9342,17,complete,GK2026D1,,
2026-08-24T17:03:50,reply,6a25582b000000002103c7d0,6a260e27000000002702932d,complete,endpoint_exhausted,0,0,0,beijing,ssh_eip_beijing,deep_beijing,9342,17,complete,GK2026D1,,
2026-08-24T17:03:50,top_level,6a25582b000000002103c7d0,,complete,endpoint_exhausted,1,2,,beijing,ssh_eip_beijing,deep_beijing,9342,17,complete,GK2026D1,True,
2026-08-24T17:14:42,reply,6a245327000000002201b874,6a24539a0000000029024096,complete,endpoint_exhausted,0,1,1,beijing,ssh_eip_beijing,deep_beijing,9342,18,complete,GK2026D1,,
2026-08-24T17:14:42,reply,6a245327000000002201b874,6a2587c6000000002803a093,complete,endpoint_exhausted,0,0,0,beijing,ssh_eip_beijing,deep_beijing,9342,18,complete,GK2026D1,,
2026-08-24T17:14:42,reply,6a245327000000002201b874,6a24b247000000002a02c855,complete,endpoint_exhausted,0,0,0,beijing,ssh_eip_beijing,deep_beijing,9342,18,complete,GK2026D1,,
2026-08-24T17:14:42,reply,6a245327000000002201b874,6a24698b000000002702c7dc,complete,endpoint_exhausted,0,0,0,beijing,ssh_eip_beijing,deep_beijing,9342,18,complete,GK2026D1,,
2026-08-24T17:14:42,reply,6a245327000000002201b874,6a245c38000000002702db1e,complete,endpoint_exhausted,0,0,0,beijing,ssh_eip_beijing,deep_beijing,9342,18,complete,GK2026D1,,
2026-08-24T17:14:42,reply,6a245327000000002201b874,6a2456420000000027016d7e,complete,endpoint_exhausted,0,0,0,beijing,ssh_eip_beijing,deep_beijing,9342,18,complete,GK2026D1,,
2026-08-24T17:14:42,reply,6a245327000000002201b874,6a2455820000000028033e2b,complete,endpoint_exhausted,0,0,0,beijing,ssh_eip_beijing,deep_beijing,9342,18,complete,GK2026D1,,
2026-08-24T17:14:42,reply,6a245327000000002201b874,6a24552c0000000029025eac,complete,endpoint_exhausted,0,0,0,beijing,ssh_eip_beijing,deep_beijing,9342,18,complete,GK2026D1,,
2026-08-24T17:14:42,top_level,6a245327000000002201b874,,complete,endpoint_exhausted,1,8,,beijing,ssh_eip_beijing,deep_beijing,9342,18,complete,GK2026D1,True,
2026-08-24T17:55:51,reply,6a258ee2000000001603f4a7,6a2610cd0000000023001224,complete,endpoint_exhausted,1,4,4,beijing,ssh_eip_beijing,deep_beijing,9342,19,complete,GK2026D1,,
2026-08-24T17:56:08,reply,6a258ee2000000001603f4a7,6a2607cd000000002702e251,complete,endpoint_exhausted,1,4,4,beijing,ssh_eip_beijing,deep_beijing,9342,19,complete,GK2026D1,,
2026-08-24T17:56:08,reply,6a258ee2000000001603f4a7,6a260cef00000000280351e3,complete,endpoint_exhausted,0,0,0,beijing,ssh_eip_beijing,deep_beijing,9342,19,complete,GK2026D1,,
2026-08-24T17:56:08,reply,6a258ee2000000001603f4a7,6a268e96000000002701eb69,complete,endpoint_exhausted,0,0,0,beijing,ssh_eip_beijing,deep_beijing,9342,19,complete,GK2026D1,,
2026-08-24T17:56:08,reply,6a258ee2000000001603f4a7,6a26a921000000002b027dfc,complete,endpoint_exhausted,0,0,0,beijing,ssh_eip_beijing,deep_beijing,9342,19,complete,GK2026D1,,
2026-08-24T17:56:08,reply,6a258ee2000000001603f4a7,6a26005a00000000270212f4,complete,endpoint_exhausted,0,0,0,beijing,ssh_eip_beijing,deep_beijing,9342,19,complete,GK2026D1,,
2026-08-24T17:56:08,reply,6a258ee2000000001603f4a7,6a26c0010000000029024520,complete,endpoint_exhausted,0,0,0,beijing,ssh_eip_beijing,deep_beijing,9342,19,complete,GK2026D1,,
2026-08-24T17:56:08,reply,6a258ee2000000001603f4a7,6a26bfec000000002701c53a,complete,endpoint_exhausted,0,0,0,beijing,ssh_eip_beijing,deep_beijing,9342,19,complete,GK2026D1,,
2026-08-24T17:56:08,reply,6a258ee2000000001603f4a7,6a269f8c000000002b0293f5,complete,endpoint_exhausted,0,0,0,beijing,ssh_eip_beijing,deep_beijing,9342,19,complete,GK2026D1,,
2026-08-24T17:56:08,reply,6a258ee2000000001603f4a7,6a2e5b26000000002701f694,complete,endpoint_exhausted,0,0,0,beijing,ssh_eip_beijing,deep_beijing,9342,19,complete,GK2026D1,,
2026-08-24T17:56:25,reply,6a258ee2000000001603f4a7,6a2bb1d00000000029026bf9,complete,endpoint_exhausted,0,0,0,beijing,ssh_eip_beijing,deep_beijing,9342,19,complete,GK2026D1,,
2026-08-24T17:56:25,reply,6a258ee2000000001603f4a7,6a2a8695000000002a00783b,complete,endpoint_exhausted,0,0,0,beijing,ssh_eip_beijing,deep_beijing,9342,19,complete,GK2026D1,,
2026-08-24T17:56:25,reply,6a258ee2000000001603f4a7,6a294740000000002a02c0cb,complete,endpoint_exhausted,0,0,0,beijing,ssh_eip_beijing,deep_beijing,9342,19,complete,GK2026D1,,
2026-08-24T17:56:25,reply,6a258ee2000000001603f4a7,6a26acba000000002701ea7c,complete,endpoint_exhausted,0,0,0,beijing,ssh_eip_beijing,deep_beijing,9342,19,complete,GK2026D1,,
2026-08-24T17:56:25,reply,6a258ee2000000001603f4a7,6a2607d7000000002702a2fa,complete,endpoint_exhausted,0,0,0,beijing,ssh_eip_beijing,deep_beijing,9342,19,complete,GK2026D1,,
2026-08-24T17:56:25,top_level,6a258ee2000000001603f4a7,,complete,endpoint_exhausted,2,15,,beijing,ssh_eip_beijing,deep_beijing,9342,19,complete,GK2026D1,True,
2026-08-24T18:07:17,top_level,6a243b8d000000001c0250b0,,complete,endpoint_exhausted,1,0,,beijing,ssh_eip_beijing,deep_beijing,9342,20,complete,GK2026D1,True,
