chunk_index,collection_status,event_id,event_name,phase_id,phase_name,note_id,note_url,type,title,desc,time,last_update_time,creator_hash,nickname,liked_count,collected_count,comment_count,share_count,image_list,tag_list,source_keyword,public_ip_location,last_modify_ts
1,complete,GK2026D1,2026高考第一天,GK2026D1,2026高考第一天,6a2454d00000000021019dce,https://www.xiaohongshu.com/explore/6a2454d00000000021019dce,normal,今天高考，我想对那些低头写字的孩子说句话,"今天高考，我也曾经高考。
	
照片里那些低着头的孩子，让我们想起自己的考场。没有空调，没有电扇，知了在窗外叫个不停，手心全是汗，笔尖在答题纸上沙沙响。
	
那时候不知道，那两天会改变什么。父母不在身边，感受不到他们是不是紧张。老师就在面前，他们比学生还紧张，却一个劲地对我们说""别慌""。
	
我想对那些低头写字的孩子说句话：高考最珍贵的不仅是那张录取通知书，还有那种""全村人都在为你加油""的温暖，那种十八岁那年，全世界都在给你让路的感觉。
	
孩子们，笔握稳，心放平。你们写的每一个字，都有人在默默祝福。
	
#江南旧事录#录取通知书[话题]# #高考 #青春 #考场记忆 #加油少年 #旧时光",1780786827000,1780765904000,1b4c9e047fc6297c,阿*,10,,1,,http://sns-webpic-qc.xhscdn.com/202608202206/7dde243b1562c7f77c2abe52a2f04d4b/spectrum/1040g34o32135elahn0105nkfqgm08gvp20l1a8g!nd_dft_wlteh_webp_3,录取通知书,,,1787234828180
2,complete,GK2026D1,2026高考第一天,GK2026D1,2026高考第一天,6a269cdf0000000017028bf9,https://www.xiaohongshu.com/explore/6a269cdf0000000017028bf9,normal,高考结束时的考场外,"考生的高考
全社会的赶考
大家脸上都洋溢着笑容
希望大家都能取得理想的成绩
#小红书影像激励计划[话题]# #青春正澎湃[话题]# #小红书毕业摄影季[话题]# #高考不是结束而是新的开始[话题]# #一分钟摄影故事[话题]#",1780915423000,1780915423000,488a37295546ff32,乌***）,7,4,,,"http://sns-webpic-qc.xhscdn.com/202608202208/ce8f90105125980a8799d7c0322132fd/notes_pre_post/1040g3k03215cpub67a005p53h89k3u6igd5s5ng!nd_dft_wgth_webp_3,http://sns-webpic-qc.xhscdn.com/202608202208/516a158c3079e00a655000114fe6bf2f/notes_pre_post/1040g3k03215cpub67a0g5p53h89k3u6i2fjhn4g!nd_dft_wgth_webp_3,http://sns-webpic-qc.xhscdn.com/202608202208/36d089ea6a4b476c0e64bb133e136c08/notes_pre_post/1040g3k03215cpub67a105p53h89k3u6i939n1ig!nd_dft_wgth_webp_3,http://sns-webpic-qc.xhscdn.com/202608202208/6531f4eb4e3da10239eb4a533c9f770c/notes_pre_post/1040g3k03215cpub67a1g5p53h89k3u6ilofqspg!nd_dft_wgth_webp_3,http://sns-webpic-qc.xhscdn.com/202608202208/5e35c70bb5c4d81cd6a204c6b8da3e92/notes_pre_post/1040g3k03215cpub67a205p53h89k3u6ik5jdd78!nd_dft_wgth_webp_3,http://sns-webpic-qc.xhscdn.com/202608202208/fa74a2785283c87666e60368bed66562/notes_pre_post/1040g3k03215cpub67a2g5p53h89k3u6ikbl05l0!nd_dft_wgth_webp_3,http://sns-webpic-qc.xhscdn.com/202608202208/9316f5787afff1137651779454ab6649/notes_pre_post/1040g3k03215cpub67a305p53h89k3u6ipkhah08!nd_dft_wgth_webp_3,http://sns-webpic-qc.xhscdn.com/202608202208/4e702a399d295dd7d9a45640e1f3fc49/notes_pre_post/1040g3k03215cpub67a3g5p53h89k3u6ib1hnc30!nd_dft_wgth_webp_3,http://sns-webpic-qc.xhscdn.com/202608202208/4790caac808dfcae25a9f8212ccc9501/notes_pre_post/1040g3k03215cpub67a405p53h89k3u6ikke0njg!nd_dft_wgth_webp_3,http://sns-webpic-qc.xhscdn.com/202608202208/c0efb81e2a019384da89ff57b8e7e821/notes_pre_post/1040g3k03215cpub67a4g5p53h89k3u6il2g0n5g!nd_dft_wgth_webp_3,http://sns-webpic-qc.xhscdn.com/202608202208/4fbcbe0631d774addabc07641fc0b8ff/notes_pre_post/1040g3k03215cpub67a505p53h89k3u6ibnjhleo!nd_dft_wgth_webp_3,http://sns-webpic-qc.xhscdn.com/202608202208/92cd012b278a9c70d9d6acc22fa9d67a/notes_pre_post/1040g3k03215cpub67a5g5p53h89k3u6ic18jqdo!nd_dft_wgth_webp_3","小红书影像激励计划,青春正澎湃,小红书毕业摄影季,高考不是结束而是新的开始,一分钟摄影故事",,,1787234966672
3,complete,GK2026D1,2026高考第一天,GK2026D1,2026高考第一天,6a228f580000000006034a43,https://www.xiaohongshu.com/explore/6a228f580000000006034a43,normal,2026全国高考时间表🔥3种考试模式一览,"26届高考生&家长速存！全国高考分3种考试模式，考试天数、科目时间不一样，别记错考试时间‼️
	
✅模式1｜传统老高考（语数外+文综/理综）
📅考试2天｜适用：新疆、西藏
6.7上午9:00-11:30语文｜下午15:00-17:00数学
6.8上午文综/理综｜下午外语（含听力）
	
✅模式2｜新高考3+1+2（国内主流）
📅考试3天｜山西/河北/广东/江苏等多省在用
6.7：上午语文｜下午数学
6.8：上午物理/历史｜下午外语
6.9：上午化学、地理｜下午政治、生物
	
✅模式3｜新高考3+3
📅考3-4天｜北京/上海/山东/浙江/天津/海南
6.7-6.8统考语数外，6.9-10陆续考选考科目
⚠️浙江额外考技术科目
	
💡关键提醒
开考15分钟后禁止进考场！
英语大多14:45就停止入场，千万别卡点！
咱们山西高考实行的是“新高考3+1+3～[飞吻R]
#2026高考[话题]# #高考时间[话题]# #高三备考[话题]# #新高考[话题]# #2026高考季[话题]# #高考倒计时[话题]#",1780711247000,1780649817000,e6d558997e221a29,新***福,10,9,,9,"http://sns-webpic-qc.xhscdn.com/202608202220/4b6e9be561c9fcd7e27ff29106ec4878/notes_pre_post/1040g3k03211dre9k7k305q311a57927pp4qf3u0!nd_dft_wlteh_webp_3,http://sns-webpic-qc.xhscdn.com/202608202220/fb48afc5c09b7989e19912b428ed71f7/notes_pre_post/1040g3k03211dre9k7k3g5q311a57927pb1okc58!nd_dft_wlteh_webp_3","2026高考,高考时间,高三备考,新高考,2026高考季,高考倒计时",,,1787235661755
4,complete,GK2026D1,2026高考第一天,GK2026D1,2026高考第一天,6a1cf8010000000035024d58,https://www.xiaohongshu.com/explore/6a1cf8010000000035024d58,normal,北京高考数学试卷考察点🧐,"基础题：选择 前8题、填空 前3题、解答 前3题，是中等生提分的关键
区分题：选择 后2题、填空 后2题、解答 后3题是尖子生拉开差距的核心
	
我觉君非池中物，咫尺蛟龙云雨‌  ☘️
	
#北京高考数学[话题]# #北京高考[话题]# [氛围感R] #北京高考数学试卷[话题]# #高考数学考察点[话题]#",1780283393000,1780734730000,778843fa94e52239,M***n,23,22,,3,http://sns-webpic-qc.xhscdn.com/202608202232/f59f3fbaa2c7985772cb0fa8c1d66d24/notes_pre_post/1040g3k0320rv86esle0041rin30me8spvtclaoo!nd_dft_wlteh_webp_3,"北京高考数学,北京高考,北京高考数学试卷,高考数学考察点",,,1787236356861
5,complete,GK2026D1,2026高考第一天,GK2026D1,2026高考第一天,6a26c977000000001c0251ac,https://www.xiaohongshu.com/explore/6a26c977000000001c0251ac,normal,重庆｜青年意气风发向远方,"2026.6.8 高考考场
匆匆
真是匆匆
每个少年脸上都写着意气风发
自己高考也过去了将近10年
原来直面十年前的自己是这种感觉
不过高中三年＋复读一年
这四年的纯粹程度，是往后复杂生活所不能企及的
拍照的人群中还有马拉西亚友人，也有其他国家的朋友，也许他们一生也无法理解中国人这两天为什么如此紧张哈哈哈
	
最后更要祝高考考生考试顺利，未来皆坦途[黄金薯R]
	
出镜：高考
摄影：俺
#重庆旅游[话题]# #高考祝福[话题]# #26高考[话题]# #重庆高考[话题]# #二十九中[话题]# #重庆[话题]# #高考祝福[话题]# #分享每一天[话题]# #摄影[话题]#",1780926839000,1780926840000,fb96720d993570e3,极***波,32,8,8,2,"http://sns-webpic-qc.xhscdn.com/202608202243/d5415ecc6dc9cead795aa59b848287d5/1040g0083215i4bte7k405n9lqet4maip3acdq20!nd_dft_wlteh_webp_3,http://sns-webpic-qc.xhscdn.com/202608202243/61b9fb7c434c3d5b43d83c6f3309fc13/1040g0083215i4bte7k4g5n9lqet4maipsatkod0!nd_dft_wlteh_webp_3,http://sns-webpic-qc.xhscdn.com/202608202243/1ac77ba507f5ef77bbf2aa4061facbd9/1040g0083215i4bte7k505n9lqet4maiphjq36f0!nd_dft_wlteh_webp_3,http://sns-webpic-qc.xhscdn.com/202608202243/945da0449f6653e2eab8e3917300bfb6/1040g0083215i4bte7k5g5n9lqet4maipl98he48!nd_dft_wlteh_webp_3,http://sns-webpic-qc.xhscdn.com/202608202243/71e0fa9f8899aab7584c840a0185db3b/1040g0083215i4bte7k605n9lqet4maipmrngeq8!nd_dft_wlteh_webp_3,http://sns-webpic-qc.xhscdn.com/202608202243/a5579d854aae5f1414c8e30454b6e447/1040g0083215i4bte7k6g5n9lqet4maip054pkj0!nd_dft_wgth_webp_3,http://sns-webpic-qc.xhscdn.com/202608202243/e91be347c3c16a69500c9c39560f798e/1040g0083215i4bte7k705n9lqet4maipfqbl8n0!nd_dft_wgth_webp_3","重庆旅游,高考祝福,26高考,重庆高考,二十九中,重庆,高考祝福,分享每一天,摄影",,,1787237051768
6,complete,GK2026D1,2026高考第一天,GK2026D1,2026高考第一天,6a2418590000000008033399,https://www.xiaohongshu.com/explore/6a2418590000000008033399,normal,2026北京高考我来了,种桃道士归何处，前度刘郎今又来！！！,1780750425000,1780750426000,208de5ca7113bac3,D***n,197,24,72,14,http://sns-webpic-qc.xhscdn.com/202608202255/8db0ec6260e70b154701155eca4ba4d5/notes_pre_post/1040g3k03212u6gianu005q8cjj8sl0nil0coqg0!nd_dft_wgth_webp_3,,,,1787237777011
7,complete,GK2026D1,2026高考第一天,GK2026D1,2026高考第一天,6a24d9ae000000000702bf31,https://www.xiaohongshu.com/explore/6a24d9ae000000000702bf31,video,"985开路，舞狮助阵
新锐高中送考仪式感拉满
#送考的仪式感有多强[话题]# #送考[话题]# #高考加油[话题]# #办胖东来式的民办教育[话题]#","985开路，舞狮助阵
新锐高中送考仪式感拉满
#送考的仪式感有多强[话题]# #送考[话题]# #高考加油[话题]# #办胖东来式的民办教育[话题]#",1780799918000,1780799918000,897ef4cb2e448ab3,滁***司,11,1,,2,http://sns-webpic-qc.xhscdn.com/202608202340/c83baaef672df277f73f81a5ebbcad9d/110/0/01ea24d9ad70c21b0010000000019e9ff25a5a_0.jpg!nd_dft_wlteh_webp_3,"送考的仪式感有多强,送考,高考加油,办胖东来式的民办教育",,,1787240484142
8,complete,GK2026D1,2026高考第一天,GK2026D1,2026高考第一天,6a1e68bc0000000022023e21,https://www.xiaohongshu.com/explore/6a1e68bc0000000022023e21,video,2026高考加油！旗开得胜！金榜题名高考顺利,#全小红书为高考加油[话题]# #2026高考季[话题]# #高考祝福[话题]# #高考不是结束而是新的开始[话题]#  #2026高考加油[话题]# #金榜题名[话题]# #2026高考必胜[话题]# #直击2026高考现场[话题]# ##花式应援高考生[话题]# #直击高考第二天[话题]#,1780377788000,1780893913000,a16d858285af87b7,U***然,281,25,97,2,http://sns-webpic-qc.xhscdn.com/202608202352/2468ca36bf942e40b30e6de3b2d16445/1040g0083213hnqd9n2105pln7727e84gjfltf60!nd_dft_wlteh_webp_3,"全小红书为高考加油,2026高考季,高考祝福,高考不是结束而是新的开始,2026高考加油,金榜题名,2026高考必胜,直击2026高考现场,花式应援高考生,直击高考第二天",,,1787241178482
9,complete,GK2026D1,2026高考第一天,GK2026D1,2026高考第一天,6a2693f10000000007021743,https://www.xiaohongshu.com/explore/6a2693f10000000007021743,normal,🏃‍♀️💨冲出考场那一秒，梦回我高考的那年,"今天是高考第二天
看到他们冲出考场的那一瞬间💥
直接秒回十几年前的今天😳🌧️
	
依旧是在下雨☔️
和我的高考那年一模一样😲
但那一年
我的高考就在今天结束✅
没有第三天🚫📅
而现在，9号也要考
	
第一个冲出考场的男生🏃‍♂️💨
笑得特别开心😄
门一打开，他就冲出来了🎉”
那种轻松😌✨
隔着雨丝都能感觉到💧👀
	
在外等候的妈妈们早就开始讨论🗣️👩‍👩‍👧：
“看他们样子，好像不难？🤔”
“昨天考完数学出来，那脸臭得呀……😤💢”
“上午语文作文也太大太宽了，一不小心就跑题💨📝😩”
	
我站在旁边听着👂
没忍住偷偷笑了一下😏
又突然有点鼻子酸🥺
	
都说家长比考生还紧张😰💦
真的一点不骗人🙅‍♀️
送进去之后🚪
有一位妈妈转过身🙍‍♀️
偷偷拿手背抹眼泪💧😢
	
她说：“送她第一次大考，我竟然有点舍不得💔”
“不敢相信，一下就长这么大了😭✨”
	
🫠💗我都完全不敢想未来我送考会是什么样子🤯
可能还没进考场🚪
自己就先哭出来了😭😭😭
	
---
	
对了❗还有一个特别大的不一样⚠️⚠️
6月9日的首场考试⏰
比前两日提前了半小时😲🕢
当天上午先考化学🧪
再考地理🌍
下午接着考思想政治📚
最后考生物学🔬🧬
一科接一科，节奏有点快呀
	
今天的雨打在脸上💧💦
依旧凉凉的❄️
突然发现长大就是这样的——
一场雨☔️
一次考试📝
一个再也回不去的夏天☀️😔
	
#高考[话题]##考场外的真实一幕[话题]# #突然就长大了[话题]# #湖北高考[话题]# #我与高考的难忘经历[话题]# #青春正澎湃[话题]# #金榜题名前程似锦未来可期[话题]# #青春正当时[话题]#",1780914721000,1780913138000,ff8321f754fe475a,武***士,12,1,9,3,"http://sns-webpic-qc.xhscdn.com/202608210008/959817433601ac51b87ef5bba48f37bb/1040g2sg3215bpdqc7ueg5pcmj9coil45ocjjhdo!nd_dft_wlteh_webp_3,http://sns-webpic-qc.xhscdn.com/202608210008/37f0448327800053b768aa1035e655f0/1040g2sg3215bpdqc7uf05pcmj9coil45b2momt8!nd_dft_wlteh_webp_3,http://sns-webpic-qc.xhscdn.com/202608210008/16d80762824d10e1a98494f8e938c3f9/1040g2sg3215bpdqc7ufg5pcmj9coil454kttrkg!nd_dft_wlteh_webp_3,http://sns-webpic-qc.xhscdn.com/202608210008/40788e00251823195290bd7438d9fcad/1040g2sg3215bpdqc7ug05pcmj9coil45mqe5jto!nd_dft_wlteh_webp_3,http://sns-webpic-qc.xhscdn.com/202608210008/40c4c2505a00a249b5795162727b6588/1040g2sg3215bpdqc7ugg5pcmj9coil457eajl48!nd_dft_wlteh_webp_3,http://sns-webpic-qc.xhscdn.com/202608210008/72b69ebeec312675182939d8382683d2/1040g2sg3215bpdqc7uh05pcmj9coil454o0c790!nd_dft_wlteh_webp_3,http://sns-webpic-qc.xhscdn.com/202608210008/c78f0c7d07d4a9b3e037f169d89c8da9/1040g2sg3215bpdqc7uhg5pcmj9coil45mrrgnug!nd_dft_wlteh_webp_3,http://sns-webpic-qc.xhscdn.com/202608210008/143ebaa80f6b173848a65b9a4c0d2202/1040g2sg3215bpdqc7ui05pcmj9coil45lituvp8!nd_dft_wlteh_webp_3,http://sns-webpic-qc.xhscdn.com/202608210008/2d84643035065093a7700b55333057a8/1040g2sg3215bpdqc7uig5pcmj9coil45hvb2740!nd_dft_wlteh_webp_3,http://sns-webpic-qc.xhscdn.com/202608210008/71e51072a33cc287d3d0a41241aea64d/1040g2sg3215bpdqc7uj05pcmj9coil454i6g3n0!nd_dft_wlteh_webp_3,http://sns-webpic-qc.xhscdn.com/202608210008/a9401fa94fd3bfb382046dc689d85646/1040g2sg3215bpdqc7ujg5pcmj9coil45ff7p3mg!nd_dft_wlteh_webp_3,http://sns-webpic-qc.xhscdn.com/202608210008/c7a45c7e5242ea62d3e3fe7bfb458d98/1040g2sg3215bpdqc7uk05pcmj9coil459e33sm8!nd_dft_wlteh_webp_3,http://sns-webpic-qc.xhscdn.com/202608210008/81442bd00aa2947980bd5bfca2e58508/1040g2sg3215bpdqc7ukg5pcmj9coil45do42bgg!nd_dft_wlteh_webp_3,http://sns-webpic-qc.xhscdn.com/202608210008/72a8d841530578bf4693cd955b1bd030/1040g2sg3215bpdqc7ul05pcmj9coil450jadhj8!nd_dft_wlteh_webp_3,http://sns-webpic-qc.xhscdn.com/202608210008/333217d7ba4c21d7ab03c16eb88657f3/1040g0083215bpdqc7u0g5pcmj9coil45ki60kk0!nd_dft_wlteh_webp_3,http://sns-webpic-qc.xhscdn.com/202608210008/91ad78c4c245f841c3b8a2bb48f4cb39/1040g0083215bpdqc7u105pcmj9coil45iia8coo!nd_dft_wlteh_webp_3,http://sns-webpic-qc.xhscdn.com/202608210008/b8026b471181bf2aafbacf822f23fabb/1040g0083215bpdqc7u1g5pcmj9coil45k9mvg88!nd_dft_wlteh_webp_3","考场外的真实一幕,突然就长大了,小红书风格💖,湖北高考,我与高考的难忘经历,青春正澎湃,金榜题名前程似锦未来可期,青春正当时,高考",,,1787242146167
10,complete,GK2026D1,2026高考第一天,GK2026D1,2026高考第一天,6a24a1930000000035026aea,https://www.xiaohongshu.com/explore/6a24a1930000000035026aea,normal,今天开考！2026高考首日，考场外一幕看哭千,,1780785555000,1780785556000,5547501cde6451eb,韦*,4,1,4,,"http://sns-webpic-qc.xhscdn.com/202608210020/7e210444edae978c0940ad8b240ea0c6/1040g2sg3213etej8n0d05o0mrlbgbuhk60l7q30!nd_dft_wlteh_webp_3,http://sns-webpic-qc.xhscdn.com/202608210020/6a2cfe25b4574b0676a56be8b1fd47ea/1040g2sg3213etej8n0a05o0mrlbgbuhk95ms4i0!nd_dft_wlteh_webp_3,http://sns-webpic-qc.xhscdn.com/202608210020/e9cf45e2f704cdbefd58272cdea85271/1040g2sg3213etej8n0b05o0mrlbgbuhksupdcc8!nd_dft_wlteh_webp_3,http://sns-webpic-qc.xhscdn.com/202608210020/7e04249e3f48c08a4164ad9edd9d8aa7/1040g2sg3213etej8n0c05o0mrlbgbuhkn2n9gb0!nd_dft_wlteh_webp_3",,,,1787242872221
11,complete,GK2026D1,2026高考第一天,GK2026D1,2026高考第一天,6a24f56f0000000008031cd5,https://www.xiaohongshu.com/explore/6a24f56f0000000008031cd5,normal,2026高考第一天 双丰园缅怀张雪峰老师,2026.6.7高考第一天，来双丰园缅怀张雪峰老师#高考祝福[话题]# #缅怀张雪峰老师[话题]# #双丰园饺子[话题]#,1780807023000,1780807023000,41d29088f8b6a6b9,渔***云,4,1,,2,"http://sns-webpic-qc.xhscdn.com/202608210032/897a17771add7d79c5c2926b71f05afb/1040g0083213p5ecv7o5g5o10ed5087q5lloemio!nd_dft_wgth_webp_3,http://sns-webpic-qc.xhscdn.com/202608210032/373439b6ff537120abda8a2d1ef745c2/1040g0083213p5ecv7o6g5o10ed5087q5opccq5o!nd_dft_wgth_webp_3,http://sns-webpic-qc.xhscdn.com/202608210032/4185e00631a7218123389a3b39cee278/1040g0083213p5ecv7o2g5o10ed5087q5ghdehm0!nd_dft_wgth_webp_3,http://sns-webpic-qc.xhscdn.com/202608210032/e5e7fe5745489955af484055e38472e1/1040g0083213p5ecv7o305o10ed5087q5mhi7llo!nd_dft_wgth_webp_3,http://sns-webpic-qc.xhscdn.com/202608210032/93505d9a1272a01e25c0c365c5fd9464/1040g0083213p5ecv7o3g5o10ed5087q5br0c6o0!nd_dft_wgth_webp_3,http://sns-webpic-qc.xhscdn.com/202608210032/d37d13c4747b16a1ee011e0b45e4dc58/1040g0083213p5ecv7o205o10ed5087q5l4kk4e8!nd_dft_wgth_webp_3,http://sns-webpic-qc.xhscdn.com/202608210032/357b98560e1d6a504da52c3fadac8b38/1040g0083213p5ecv7o405o10ed5087q5stbuhl0!nd_dft_wgth_webp_3","高考祝福,缅怀张雪峰老师,双丰园饺子",,,1787243600868
12,complete,GK2026D1,2026高考第一天,GK2026D1,2026高考第一天,6a2548ec000000003501fa4f,https://www.xiaohongshu.com/explore/6a2548ec000000003501fa4f,video,高中生参加高考的一天,#高中生[话题]# #高考[话题]# #校园[话题]# #vlog[话题]# #高考生[话题]##我的高考记忆[话题]# #2026高考季[话题]#,1780828396000,1780836232000,94c8d7bf7f0087c0,D***l,10万+,5.1万,8560,2.1万,http://sns-webpic-qc.xhscdn.com/202608211242/c0b9992aff8554a070e38b87cf2e0bcf/spectrum/1040g34o32143ch97n4105nt7inrg80idji1aovo!nd_dft_wgth_webp_3,"高中生,高考,校园,vlog,高考生,我的高考记忆,2026高考季",,,1787287369968
13,complete,GK2026D1,2026高考第一天,GK2026D1,2026高考第一天,6a25838b000000002200b0d0,https://www.xiaohongshu.com/explore/6a25838b000000002200b0d0,video,高考第一天,"2026年6月7号高考第一天，也是视频号更新的第三天。
早上七点二十分，我跟着四面八方赶来的考生和家长，走进永城市一高考点。随着我的镜头，看看你们是否能找到当年考试的感受吧。
现场人山人海，被人流裹挟着几乎寸步难行。执勤的公安干警忙着疏导人群，划分考生和家长的专用通道。广播里反复提醒家长及时离场，给孩子们让出通行空间。
细雨绵绵，不少家长纷纷走上天桥，迟迟不愿离开。大家举着手机，想定格下这珍贵的瞬间。天桥往下走一两步的拐角处，是绝佳的取景位，考生们排成长长的队伍，一路走向学校正门，有序通过安检步入考场，这里也成了家长们争相拍摄的地方。
七点半左右，我留意到一位满脸沧桑的长辈，他是来送孙子参加高考的。老人神情焦灼，时不时低头看表，满心牵挂。
七点五十分，考点广播响起，请考生核对答题卡。这一刻，在场的家长们神情复杂，既有尘埃落定的释然，又藏着满心忐忑。一场考试，牵动着无数家庭的心，也期待孩子们奔赴属于自己的远方。#2026高考季[话题]# #高考不是结束而是新的开始[话题]# #高考加油[话题]# #高考冲刺[话题]# #我与高考的难忘经历[话题]# #迎接新的一天[话题]#",1780843404000,1780843404000,69adc3fb4963d0cf,净***师,11,6,,,http://sns-webpic-qc.xhscdn.com/202608211944/182a1d8a5b091cd5421f85e129b84e03/1040g2sg3214agmainkd05ooepi4jorlu2plebb8!nd_dft_wlteh_webp_3,"2026高考季,高考不是结束而是新的开始,高考加油,高考冲刺,我与高考的难忘经历,迎接新的一天",,,1787312700831
14,complete,GK2026D1,2026高考第一天,GK2026D1,2026高考第一天,6a23f442000000002103f6c5,https://www.xiaohongshu.com/explore/6a23f442000000002103f6c5,normal,看考场啦,"踩点完毕，考场就位。
放平心态，静待开考，全力以赴就好。#2026高考季[话题]# #高考速通卡[话题]# #高考祝福[话题]#",1780741186000,1780741186000,7048eada1c9bd6b3,小***5,2,,3,1,"http://sns-webpic-qc.xhscdn.com/202608211956/0b82e103c9f8de2a90ef2dc44c109a71/notes_uhdr/1040g3qo3212pppus7o705pcv6m18ijrgjfk66jo!nd_dft_wgth_webp_3,http://sns-webpic-qc.xhscdn.com/202608211956/097057fb0d468f2f90348ea49ee05c56/notes_uhdr/1040g3qo3212pppus7o7g5pcv6m18ijrgh5i80j0!nd_dft_wgth_webp_3","2026高考季,高考速通卡,高考祝福",,,1787313395495
15,complete,GK2026D1,2026高考第一天,GK2026D1,2026高考第一天,6a24cdb2000000001603f1e3,https://www.xiaohongshu.com/explore/6a24cdb2000000001603f1e3,normal,高考第一天送考,#高考加油[话题]# #金榜题名[话题]# 学校老师都安排的很好，次序井然，警察叔叔也是早早的就围好水马栅栏维持交通，安全送考，看到孩子们青春洋溢的脸庞，听到此起彼落的祝福，心里还是挺感动的。所有人能做的都尽力去做了，祝你上青云，得偿所愿！,1780796850000,1780796851000,9e3ccbe6bb696455,庭*,7,,2,2,"http://sns-webpic-qc.xhscdn.com/202608212007/dd5f1e48f62225b5c2d9294252ab7a63/1040g0083213j91vr7o6g5nqash8g86jmt2c3vbo!nd_dft_wlteh_webp_3,http://sns-webpic-qc.xhscdn.com/202608212007/dbe107a22ca39a52b27f526df12658d2/1040g0083213j91vr7o605nqash8g86jmijldko8!nd_dft_wgth_webp_3,http://sns-webpic-qc.xhscdn.com/202608212007/d0151bd99496a12c63a40aa13427da38/1040g0083213j91vr7o0g5nqash8g86jmgqc1p2g!nd_dft_wlteh_webp_3,http://sns-webpic-qc.xhscdn.com/202608212007/6a288a2e9faa41838621a26bf8ef3344/1040g0083213j91vr7o005nqash8g86jmfk01htg!nd_dft_wgth_webp_3,http://sns-webpic-qc.xhscdn.com/202608212007/134a0582d053eb8497a005651b9cf625/1040g0083213j91vr7o2g5nqash8g86jm2v36iho!nd_dft_wlteh_webp_3,http://sns-webpic-qc.xhscdn.com/202608212007/234635ef6f269a0d40e6bda384681d78/1040g0083213j91vr7o5g5nqash8g86jm6mgsr3o!nd_dft_wlteh_webp_3,http://sns-webpic-qc.xhscdn.com/202608212007/15edc2c7176b8b267c7a4c2570091908/1040g0083213j91vr7o405nqash8g86jmq5n0f30!nd_dft_wlteh_webp_3","高考加油,金榜题名",,,1787314090760
16,complete,GK2026D1,2026高考第一天,GK2026D1,2026高考第一天,6a23906d000000003502f5e0,https://www.xiaohongshu.com/explore/6a23906d000000003502f5e0,normal,"重大变动！广东2026高考人数出炉：物理降温、历史艺体竞争加剧
6月6日，2026年广东高考报名数据正式对外公布，全省报考格局出现多项关键变化，四大要点值得考生与家长重点关注。
第一，全省高考总报名人数达110.3万，对比2025年的109.3万净增1万人，增量主要来源于春季高考，本年度春季高考报考新增近8000人。
第二，夏季普通高考报考78.22万人，相较去年78.4万人小幅回落1800人；其中普通类考生72.41万人，同比减少8300人。普通类整体报考规模缩水，从基数层面看，考生录取压力小幅缓解。
","重大变动！广东2026高考人数出炉：物理降温、历史艺体竞争加剧
6月6日，2026年广东高考报名数据正式对外公布，全省报考格局出现多项关键变化，四大要点值得考生与家长重点关注。
第一，全省高考总报名人数达110.3万，对比2025年的109.3万净增1万人，增量主要来源于春季高考，本年度春季高考报考新增近8000人。
第二，夏季普通高考报考78.22万人，相较去年78.4万人小幅回落1800人；其中普通类考生72.41万人，同比减少8300人。普通类整体报考规模缩水，从基数层面看，考生录取压力小幅缓解。
第三，艺体类报考迎来明显上涨，本年度报名5.81万人，较去年5.16万人大增6500人，艺体赛道报考热度攀升，升学竞争进一步白热化。
第四，选科结构出现明显分化：物理类考生45.6万人，占夏季统考总人数58.30%，相比上一年46.3万人减少7000人，物理类考生竞争难度有所下降；历史类考生32.62万人，占比41.70%，同比增加7200人，历史类报考人数扩容，上岸难度随之抬升。
综合来看，2026年广东夏季高考整体报名小幅下滑，核心诱因是物理类报考人数明显回落，但历史类、艺体类考生逆势增长，两大赛道升学竞争持续收紧。",1780715629000,1780715629000,5ac8ecb6e6a17eb0,乐***考,10,2,8,7,http://sns-webpic-qc.xhscdn.com/202608212019/028dd7d51f836a796733da802a39c20d/notes_pre_post/1040g3k03212dju626u005p4dq3g48fe1p4preg8!nd_dft_wlteh_webp_3,,,,1787314786204
17,complete,GK2026D1,2026高考第一天,GK2026D1,2026高考第一天,6a2676680000000035026659,https://www.xiaohongshu.com/explore/6a2676680000000035026659,normal,预祝大家今年高考顺利，金榜题名,#高考成绩[话题]# #新高考[话题]#,1780905576000,1780905577000,45cb6945b73aa74e,小***懿,157,5,84,2,http://sns-webpic-qc.xhscdn.com/202608212031/26d87792dec9cddd42adca8d62318011/notes_pre_post/1040g3k03215857k2mu0043128tthhaf5afdj3vg!nd_dft_wlteh_webp_3,"高考成绩,新高考",,,1787315542007
18,complete,GK2026D1,2026高考第一天,GK2026D1,2026高考第一天,6a26b5b90000000007013c3f,https://www.xiaohongshu.com/explore/6a26b5b90000000007013c3f,normal,广东高考地理近5年考点分布及得分情况,#高中地理[话题]# #高考地理[话题]# #高考[话题]# #考前救命[话题]# #广东高考[话题]# #地理[话题]#,1780921785000,1780921785000,ee00b730bb3009e5,H***t,103,53,,11,http://sns-webpic-qc.xhscdn.com/202608212047/48836998d9145c230fe7c1c3fc381588/spectrum/1040g34o32157krofn4105onl21anot6b5n2uch8!nd_dft_wlteh_webp_3,"高中地理,高考地理,高考,考前救命,广东高考,地理",,,1787316479826
19,complete,GK2026D1,2026高考第一天,GK2026D1,2026高考第一天,6a26218e00000000220279d8,https://www.xiaohongshu.com/explore/6a26218e00000000220279d8,normal,高考加油 我在中南等你>o<,#高考祝福[话题]# #2026高考季[话题]# #高考加油[话题]# #金榜题名[话题]# #长沙[话题]# #中南大学[话题]#,1780883854000,1780883854000,5a918bf444cfca01,睡***o,27,2,5,1,"http://sns-webpic-qc.xhscdn.com/202608212129/04da95b47bdd0d6733395d941691e893/1040g0083214toqk3720g5o7nqph09fscs80m57g!nd_dft_wgth_webp_3,http://sns-webpic-qc.xhscdn.com/202608212129/ad6c2f8fe42147d4a748b470fee05c9f/1040g0083214toqk372105o7nqph09fscfk66h20!nd_dft_wgth_webp_3,http://sns-webpic-qc.xhscdn.com/202608212129/92ee85488a980f341125e2f54c428275/1040g0083214toqk3721g5o7nqph09fscfc3lhag!nd_dft_wgth_webp_3","高考祝福,2026高考季,高考加油,金榜题名,长沙,中南大学",,,1787318976241
20,complete,GK2026D1,2026高考第一天,GK2026D1,2026高考第一天,6a24ce2c0000000017029fe4,https://www.xiaohongshu.com/explore/6a24ce2c0000000017029fe4,video,2026年全国统一高考今天开考,"#2026年全国统一高考[话题]# 今天开考，今年高考报名总人数为1290万人，全国共设7981个考点，34.8万个考场。#高考首日[话题]# 的考试科目是语文和数学。
	
根据安排，全国统一#高考[话题]# 科目为语文、数学、外语3门，考试时间为6月7日至8日。
	
目前，共有29个省份落地实施高考综合改革，这些地方的考生在结束语数外统考科目后，还将在6月9日、10日进行选考科目考试，各省份选考科目及具体考试时段由各省级招委会根据本地实际确定并发布。
	
为筑牢高考公平底线，各地全面加强考场管理，已实现无线电信号屏蔽全覆盖；针对智能眼镜等违规物品，各地已开展专项部署、配套防范指南，重点防范和打击高科技作弊，全力维护考试公平公正。
	
高考期间，各地将为1.4万余名残障考生提供合理便利，教育部门为5个省份的7名全盲考生命制了#盲文试卷[话题]# 。
	
针对暴雨、洪涝、极端天气等突发事件，教育部要求各地修订完善水灾、公共卫生等专项预案，细化应急处置流程，并指导各地开展模拟演练。目前各地设置#备用考场[话题]# 2.1万个，以有效应对突发状况。@校园薯 #2026年全国统一高考今天开考[话题]# #2026高考季[话题]# #2026高考加油[话题]# （央视新闻）",1780796972000,1780800339000,38c04d4df3fe3744,新***报,67,12,1,5,http://sns-webpic-qc.xhscdn.com/202608212140/6e26cf5e57376a78a375a758a90ad7f8/spectrum/1040g0k03213m0h0u6u005pda5fhhqbofraok3p8!nd_dft_wlteh_webp_3,"2026年全国统一高考,高考首日,高考,盲文试卷,备用考场,2026年全国统一高考今天开考,2026高考季,2026高考加油",,,1787319670954
21,complete,GK2026D1,2026高考第一天,GK2026D1,2026高考第一天,6a2543cd000000003502ac01,https://www.xiaohongshu.com/explore/6a2543cd000000003502ac01,video,2026高考第一天 考生在踏入考场前,把每一秒 都燃成破晓的光#2026高考[话题]#  #汕尾考生[话题]#  #直击高考首日[话题]#,1780827085000,1780827086000,46e908caf7f2a9c3,汕***媒,18,,1,2,http://sns-webpic-qc.xhscdn.com/202608212152/508a0fc93803d3071de4e7df2d6d41e4/spectrum/1040g0k032142oa8872005q00fh2hiamcl53m2j0!nd_dft_wlteh_webp_3,"2026高考,汕尾考生,直击高考首日",,,1787320364989
22,complete,GK2026D1,2026高考第一天,GK2026D1,2026高考第一天,6a24bb730000000008026d89,https://www.xiaohongshu.com/explore/6a24bb730000000008026d89,normal,2026年高考，佛山考场！,星光不问赶路人，时光不负有心人。愿考生们落笔生花，书写佳绩。,1780792179000,1780792179000,400cd5b445794a76,彩***站,11,4,,5,"http://sns-webpic-qc.xhscdn.com/202608212203/d932d6716beadb42364f6a351a3b12f1/notes_pre_post/1040g3k83213i3gvvnadg5oaub5u0krnd8qapt6o!nd_dft_wlteh_webp_3,http://sns-webpic-qc.xhscdn.com/202608212203/dd1945efb65fc1e5e7b6b394470961cd/notes_pre_post/1040g3k83213i3gvvnad05oaub5u0krndmlbctqo!nd_dft_wlteh_webp_3,http://sns-webpic-qc.xhscdn.com/202608212203/bb3c1398b16b0319b545d2aa916ad803/notes_pre_post/1040g3k83213i3gvvnabg5oaub5u0krndefkeg88!nd_dft_wlteh_webp_3",,,,1787321059656
23,complete,GK2026D1,2026高考第一天,GK2026D1,2026高考第一天,6a268d8000000000070137b0,https://www.xiaohongshu.com/explore/6a268d8000000000070137b0,normal,高考陪考，真的南北方差别这么大吗？哈哈哈,"网上刷到国内陪考，南北方差别那么大的吗？
是不是真的？晒出你的图。
在德国🇩🇪主打学习是自己的事情，
陪考，没有听说过[doge] ，
喜欢搞研究去上大学；
不喜欢也没有关系，
去参加双元制培训，
水电工也很受尊重。
#高考[话题]# #高考陪考[话题]# #德国水电工[话题]# #德国双元制[话题]# #柏林大学[话题]#",1780911488000,1780911488000,6ff5ac7a4b1b5ff0,L***☀,6,1,6,1,http://sns-webpic-qc.xhscdn.com/202608212215/5b5d680643f362eafa8235efafa430c8/notes_pre_post/1040g3k03215at3isnu005qev09usug4sh2iu9uo!nd_dft_wlteh_webp_3,"高考,高考陪考,德国水电工,德国双元制,柏林大学",,,1787321755771
24,complete,GK2026D1,2026高考第一天,GK2026D1,2026高考第一天,6a256c840000000017009c80,https://www.xiaohongshu.com/explore/6a256c840000000017009c80,video,直击2026年高考首日，第一科高考语文结束后，考场外殷切的期待，考生第一个冲出考场 #高考第一天[话题]# #高考[话题]# #莆田十中[话题]# #高考加油[话题]#,直击2026年高考首日，第一科高考语文结束后，考场外殷切的期待，考生第一个冲出考场 #高考第一天[话题]# #高考[话题]# #莆田十中[话题]# #高考加油[话题]#,1780837508000,1780837509000,ff6cd8b1b8bd2cae,莆***汉,7,2,,1,http://sns-webpic-qc.xhscdn.com/202608212227/5a6ed7c342b57cda543d06499fdab219/1040g2sg32147nd4a7oe04bmd3cm01t9hobtg4p0!nd_dft_wlteh_webp_3,"高考第一天,高考,莆田十中,高考加油",,,1787322482458
25,complete,GK2026D1,2026高考第一天,GK2026D1,2026高考第一天,6a24e420000000002103e630,https://www.xiaohongshu.com/explore/6a24e420000000002103e630,video,直击高考首日 2026高考第一天，祝福高考生，旗开得胜金榜题名。#2026高考加油[话题]# #每个人都是高考守护者[话题]#,直击高考首日 2026高考第一天，祝福高考生，旗开得胜金榜题名。#2026高考加油[话题]# #每个人都是高考守护者[话题]#,1780802592000,1780802592000,eff0b89ed44ecf3d,雾***庆,192,22,4,3,http://sns-webpic-qc.xhscdn.com/202608212309/268147b49634043792a0cc55d8dec36d/1040g0083213n2b7t7o005nmgcdv08til9fppsv0!nd_dft_wlteh_webp_3,"2026高考加油,每个人都是高考守护者",,,1787324978396
26,complete,GK2026D1,2026高考第一天,GK2026D1,2026高考第一天,6a2569320000000022026096,https://www.xiaohongshu.com/explore/6a2569320000000022026096,normal,TEDx广州 2026 演讲者招募,"报名时间：即日起至2026年6月30日
报名方式：如图
#TED[话题]# #TEDx[话题]#
#TEDx广州[话题]# #TEDxGuangzhou[话题]#
#演讲[话题]# #TEDx演讲[话题]#",1780836658000,1780925946000,3fbd57fc729902a4,T***u,273,218,90,173,"http://sns-webpic-qc.xhscdn.com/202608212320/cf100c0b6ca67bcf542830f2ef876fb4/notes_pre_post/1040g3k03214773khn26041q9tnqh44n7fuvg3eo!nd_dft_wlteh_webp_3,http://sns-webpic-qc.xhscdn.com/202608212320/14c4e47fbb655649515cf0a7608f6118/notes_pre_post/1040g3k03214773khn26g41q9tnqh44n7oi6inng!nd_dft_wlteh_webp_3,http://sns-webpic-qc.xhscdn.com/202608212320/6ad9c7b5c2c849c4f697446d13d330b4/notes_pre_post/1040g3k03214773khn27041q9tnqh44n7jfe4750!nd_dft_wlteh_webp_3,http://sns-webpic-qc.xhscdn.com/202608212320/2c6c979cf1c76ecbc00c240d922fb53f/notes_pre_post/1040g3k8321479npo6u705q9m5oudt45kqp3df5o!nd_dft_wlteh_webp_3,http://sns-webpic-qc.xhscdn.com/202608212320/ca335afdac3a0adaf588b173572d365d/notes_pre_post/1040g3k8321479npo6u7g5q9m5oudt45k9mu6qlo!nd_dft_wlteh_webp_3,http://sns-webpic-qc.xhscdn.com/202608212320/edd8e5ef2690994d0caed10cf18f400d/notes_pre_post/1040g3k8321479npo6u805q9m5oudt45ktrc45fo!nd_dft_wlteh_webp_3,http://sns-webpic-qc.xhscdn.com/202608212320/9e1483d931fe8e41f43f2e5f2aab68bf/notes_pre_post/1040g3k8321479npo6u8g5q9m5oudt45khfo7lm0!nd_dft_wlteh_webp_3,http://sns-webpic-qc.xhscdn.com/202608212320/6affc54692335e8d210d8ca9ff907f27/notes_pre_post/1040g3k8321479npo6u905q9m5oudt45kh01dkro!nd_dft_wlteh_webp_3,http://sns-webpic-qc.xhscdn.com/202608212320/f889be7e2280bcd6aacabd03a1fb0846/notes_pre_post/1040g3k8321479npo6u9g5q9m5oudt45k3ngs140!nd_dft_wlteh_webp_3,http://sns-webpic-qc.xhscdn.com/202608212320/babec427d2d2de6411e4802619da9d9a/notes_pre_post/1040g3k03215hsjion0005q9m5oudt45klotlt90!nd_dft_wlteh_webp_3,http://sns-webpic-qc.xhscdn.com/202608212320/3a169621e4b6b076974495802198857c/notes_pre_post/1040g3k8321479npo6uag5q9m5oudt45ki8uk7tg!nd_dft_wlteh_webp_3","TED,TEDx,TEDx广州,TEDxGuangzhou,演讲,TEDx演讲",,,1787325673684
27,complete,GK2026D1,2026高考第一天,GK2026D1,2026高考第一天,6a265f040000000007027b8a,https://www.xiaohongshu.com/explore/6a265f040000000007027b8a,normal,高考生家长,昨天高考第一天，下午我家孩子爸爸看到了高考时间表，然后他问我：物理和历史为什么同一时间考？我：……我家闺女今年高三，正在高考的战场上奋斗，我震惊了半天我老公问出了这个问题。#2026高考季[话题]# #高考冲刺[话题]# #高考生[话题]# #我与高考的难忘经历[话题]# #金榜题名[话题]##高考家长[话题]#,1780899588000,1780899668000,8da2aaf3bfafe836,小***户,52,14,6,17,http://sns-webpic-qc.xhscdn.com/202608212340/61092f9bd3e59a768dd939ea78abd406/1040g008321552au57o005n6rv99lvkpgemqif4o!nd_dft_wlteh_webp_3,"2026高考季,高考冲刺,高考生,我与高考的难忘经历,金榜题名,高考家长",,,1787326852566
28,complete,GK2026D1,2026高考第一天,GK2026D1,2026高考第一天,6a25668d000000001c02675e,https://www.xiaohongshu.com/explore/6a25668d000000001c02675e,video,2026年6月7日高考第一天加油👏,#一起骑行吧[话题]# #用速度感受风[话题]# #奔赴热爱骑车去[话题]# #大男孩[话题]# #高考加油[话题]# #廊坊[话题]# #在热爱的世界里闪闪发光[话题]# #日常[话题]#,1780835981000,1780835981000,72233008bad48ea4,开*,40,8,12,1,http://sns-webpic-qc.xhscdn.com/202608212352/db1fa687015d222e4176dcd029ce1d9b/1040g2sg32146q6737ue05nfb2cv0978mtm94pfo!nd_dft_wlteh_webp_3,"一起骑行吧,用速度感受风,奔赴热爱骑车去,大男孩,高考加油,廊坊,在热爱的世界里闪闪发光,日常",,,1787327577960
29,complete,GK2026D1,2026高考第一天,GK2026D1,2026高考第一天,6a255864000000002003ba01,https://www.xiaohongshu.com/explore/6a255864000000002003ba01,video,《人大附中考场》第一个出考场的考生🔥🔥🔥,"北京《人大附中考场》提前23分交卷，超自信状态！目标：清华大学！
转自京张学堂～
#北京升学规划[话题]# #北京升学咨询[话题]# #德谦树人的择校笔记[话题]# #人大附中[话题]##北京高考[话题]# #人大附中高考出考场[话题]# #人大附中学霸[话题]#",1780832356000,1780832356000,ac35a9544f682ba3,德***记,177,40,55,31,http://sns-webpic-qc.xhscdn.com/202608220004/787a1de237718c1241acfee98baac3dc/1040g008321454kpi7e005ognqa6415qpt1s3fn8!nd_dft_wlteh_webp_3,"北京升学规划,北京升学咨询,德谦树人的择校笔记,人大附中,北京高考,人大附中高考出考场,人大附中学霸",,,1787328303326
30,complete,GK2026D1,2026高考第一天,GK2026D1,2026高考第一天,6a2424aa0000000008003a1e,https://www.xiaohongshu.com/explore/6a2424aa0000000008003a1e,normal,今天是2026年6月6日星期六,祝各位高考考生旗开得胜金榜题名,1780753578000,1780753609000,4c0f0da044d52ed2,江***寿,2062,263,36,54,http://sns-webpic-qc.xhscdn.com/202608220021/76825e3938e1e1779f48c1b23f61848b/1040g2sg3212vmdn97ee05npksq0g82rf6poadpg!nd_dft_wlteh_webp_3,,,,1787329300515
31,complete,GK2026D1,2026高考第一天,GK2026D1,2026高考第一天,6a2519120000000016024277,https://www.xiaohongshu.com/explore/6a2519120000000016024277,normal,实拍2026上海高考第一天 魔都升学,"2026.06.07上海高考第一天考试日程 图5
[一R]上午语文
[二R]下午数学
祝同学们历尽千帆  终得所愿[红色心形R][红色心形R][红色心形R]
#2026高考季[话题]# #高考[话题]# #高考冲刺[话题]# #高考志愿[话题]##上海高考[话题]#",1780816146000,1780816146000,647cfddd166c1e9c,M***欧,15,2,2,,"http://sns-webpic-qc.xhscdn.com/202608220104/60627e0f6f9c28c63419e0ac3ef61838/1040g0083213tho8bna605p2ou0kqa9b3201an6g!nd_dft_wlteh_webp_3,http://sns-webpic-qc.xhscdn.com/202608220104/86667a25878b67ac461d67bae49d8668/1040g0083213tho8bna505p2ou0kqa9b3sr4l63g!nd_dft_wlteh_webp_3,http://sns-webpic-qc.xhscdn.com/202608220104/fbbd4246b24c1a36b0c600314538718a/1040g0083213tho8bna3g5p2ou0kqa9b34k0mv9g!nd_dft_wlteh_webp_3,http://sns-webpic-qc.xhscdn.com/202608220104/33500423b68cdf710a4a11dd81593a08/1040g0083213tho8bna005p2ou0kqa9b3o65dae0!nd_dft_wlteh_webp_3,http://sns-webpic-qc.xhscdn.com/202608220104/e0e0e5035802a77c5b9177ce87702e3f/1040g0083213tho8bna305p2ou0kqa9b3mtqn3g8!nd_dft_wlteh_webp_3,http://sns-webpic-qc.xhscdn.com/202608220104/dab02e69e5773ea569faa36754569064/1040g0083213tho8bna4g5p2ou0kqa9b35a1m578!nd_dft_wlteh_webp_3","2026高考季,高考,高考冲刺,高考志愿,上海高考",,,1787331886268
32,complete,GK2026D1,2026高考第一天,GK2026D1,2026高考第一天,6a24b956000000001602778a,https://www.xiaohongshu.com/explore/6a24b956000000001602778a,video,2026高考首日,高考第一天，深圳学子自信走进考场。评论区留下一句祝福，为考生加油！#2026[话题]# 高考 #高考首日[话题]# #为高考学子加油[话题]# #青春圆梦[话题]##探校记[话题]##教育大事[话题]#,1780791638000,1780791639000,aabbf05dd090d322,探***记,1570,165,198,226,http://sns-webpic-qc.xhscdn.com/202608220115/70ca3ed78d818002ee9be4ce814305e7/1040g2sg3213hr1du7e005p01og5jq59so1ehtug!nd_dft_wlteh_webp_3,"2026,高考首日,为高考学子加油,青春圆梦,探校记,教育大事",,,1787332580757
33,complete,GK2026D1,2026高考第一天,GK2026D1,2026高考第一天,6a2503ec0000000021021f74,https://www.xiaohongshu.com/explore/6a2503ec0000000021021f74,video,2026高考第一天考试，首位走出考场的同学自信离场。#儋州高考[话题]# #第一出考场的人[话题]# #民族中学[话题]#,2026高考第一天考试，首位走出考场的同学自信离场。#儋州高考[话题]# #第一出考场的人[话题]# #民族中学[话题]#,1780810733000,1780810733000,bb9718ca95e1f77a,海***弟,11,2,3,1,http://sns-webpic-qc.xhscdn.com/202608220149/f127ec61ce0882be639eaf194d1e8938/1040g2sg3213quo8u7k704burbfttc99hr2j4qe0!nd_dft_wlteh_webp_3,"儋州高考,第一出考场的人,民族中学",,,1787334573499
34,complete,GK2026D1,2026高考第一天,GK2026D1,2026高考第一天,6a2698d4000000001702f7be,https://www.xiaohongshu.com/explore/6a2698d4000000001702f7be,normal,26-24新高考数学1卷考点分析及难度对比,高考数学题型是变化的，但万变不离其宗，实质是不变的，就意味着更注重活学活用[微笑R],1780914388000,1780914389000,c15b840136dddc79,舟***师,120,89,1,23,http://sns-webpic-qc.xhscdn.com/202608220200/a28e55529d5e7808c1d8b50d9f9a403c/1040g2sg3215casjm7uf05njn6vl08c6pp12c100!nd_dft_wgth_webp_3,,,,1787335268905
35,complete,GK2026D1,2026高考第一天,GK2026D1,2026高考第一天,6a2517fa000000001702e52e,https://www.xiaohongshu.com/explore/6a2517fa000000001702e52e,video,2026高考第一天,2026年高考第一天建瓯第一中学考场门口#2026级考生[话题]# #高考场地实拍[话题]# #高考学校门口[话题]# #理学名城[话题]# #建瓯[话题]#,1780815866000,1780815866000,0b47b68bf4cdf5d1,吴***影,78,13,4,15,http://sns-webpic-qc.xhscdn.com/202608220212/de9f8ba5c2696f4dc9242313672414d0/1040g2sg3213tcvv1nkjg5opg99kov6f5q5u8luo!nd_dft_wgth_webp_3,"2026级考生,高考场地实拍,高考学校门口,理学名城,建瓯",,,1787335963594
36,complete,GK2026D1,2026高考第一天,GK2026D1,2026高考第一天,6a24c2b7000000003501c0e7,https://www.xiaohongshu.com/explore/6a24c2b7000000003501c0e7,video,提笔有锋芒 落笔皆荣光！2026高考开考！厦门超3万少年从容赴考,提笔有锋芒 落笔皆荣光！2026高考开考！厦门超3万少年从容赴考,1780794039000,1780794040000,64aefa6f236d08f4,厦***报,30,1,,3,http://sns-webpic-qc.xhscdn.com/202608220224/57fb8359fc8f1a8821cb036f4c968e88/1040g2sg3213j00a2n4705ourpcjpibidmkesl1o!nd_dft_wlteh_webp_3,,,,1787336687759
37,complete,GK2026D1,2026高考第一天,GK2026D1,2026高考第一天,6a26763f0000000021020994,https://www.xiaohongshu.com/explore/6a26763f0000000021020994,normal,高考数学迎来史诗级难度,"照这个趋势未来的理科难度肯定会越来越高
	
#高考数学[话题]# #2026高考季[话题]# #高考心态很重要[话题]##高考难度[话题]# #高考数学难度[话题]#",1780905535000,1780905536000,d73e82a264a82e34,望***愿,264,63,205,17,http://sns-webpic-qc.xhscdn.com/202608220305/47f370d420eafec393aa8c47325fcc24/1040g00832157mpltno6g5qfcf3igg503h5rbjn8!nd_dft_wlteh_webp_3,"高考数学,2026高考季,高考心态很重要,高考难度,高考数学难度",,,1787339182817
38,complete,GK2026D1,2026高考第一天,GK2026D1,2026高考第一天,6a2573b5000000002101ae6f,https://www.xiaohongshu.com/explore/6a2573b5000000002101ae6f,video,终于高考了，陪儿子高考第一天,#高考加油[话题]# #小小高考拿下[话题]# #学业有成前程似锦[话题]# #2026国考[话题]#,1780839349000,1780839349000,2136441d1afe76f9,双***间,710,19,40,23,http://sns-webpic-qc.xhscdn.com/202608220334/d2272c03dc4d83006505616ce083e7c9/1040g2sg32148iomq7ke04burbjtp5ehkpnoe828!nd_dft_wlteh_webp_3,"高考加油,小小高考拿下,学业有成前程似锦,2026国考",,,1787340874850
39,complete,GK2026D1,2026高考第一天,GK2026D1,2026高考第一天,6a25394d0000000035039e8b,https://www.xiaohongshu.com/explore/6a25394d0000000035039e8b,normal,高考2026,"路过高考考场，看到校门口那么多家长捧着鲜花、举着向日葵，翘首以盼，突然就红了眼眶。
回想自己高考，已经是十多年前的事了。
那时候觉得，分数就是天。如今才真正明白——爸爸妈妈翘首以盼的，从来不是卷子上那个数字。只要你尽力了就好，只要你平安、健康、快乐地长大就好。
比分数更珍贵的，是经历过。
经历过凌晨的晨读，经历过堆满试卷的书桌，经历过咬着牙没放弃的每一个瞬间。这些，才是时间带不走的。
人生中很多事，经历本身，就已经是结果。
至于去了哪所大学、考了多少分？多年后回头看，真的没那么重要了。重要的，是你认认真真走过了这一段路，是那个十七八岁全力以赴的自己。
高考不是终点，是一朵花刚刚要开。
🌻祝所有考生：好好经历，尽情绽放。
也祝十多年前那个紧张走进考场的自己：嘿，你后来过得还不错。
#高考感悟[话题]# #经历比结果重要[话题]# #向日葵的花语[话题]# #致青春[话题]# #看哭了[话题]# #高考祝福[话题]# #高考加油💪[话题]#",1780824397000,1780824398000,8f468b5d1943c8e6,糖***🌈,7,,,1,"http://sns-webpic-qc.xhscdn.com/202608220347/edf8d9e5610de12bc11e43023b579534/1040g00832141ei0j74004a53g14ie67es1a87o0!nd_dft_wlteh_webp_3,http://sns-webpic-qc.xhscdn.com/202608220347/7714f1d9835dc0814fe91f05a3657642/1040g00832141ei0j740g4a53g14ie67ejv4k58g!nd_dft_wlteh_webp_3,http://sns-webpic-qc.xhscdn.com/202608220347/b9aca281605da2e91ee1f88f8bbe9495/1040g00832141ei0j74104a53g14ie67eab71kho!nd_dft_wlteh_webp_3,http://sns-webpic-qc.xhscdn.com/202608220347/56430f18be465c5b0b5f2b7550d5d7a0/1040g00832141ei0j741g4a53g14ie67ekcgjki0!nd_dft_wlteh_webp_3,http://sns-webpic-qc.xhscdn.com/202608220347/3a446d341bc1f795a68a53d6f59bd250/1040g00832141ei0j74204a53g14ie67epom0aj0!nd_dft_wlteh_webp_3,http://sns-webpic-qc.xhscdn.com/202608220347/ba208632bd2d415ca998575b16d37d38/1040g00832141ei0j742g4a53g14ie67em0nmn60!nd_dft_wlteh_webp_3","高考感悟,经历比结果重要,向日葵的花语,致青春,看哭了,高考祝福,高考加油💪",,,1787341690345
40,complete,GK2026D1,2026高考第一天,GK2026D1,2026高考第一天,6a24d1a30000000006022803,https://www.xiaohongshu.com/explore/6a24d1a30000000006022803,normal,2026高考日程表,"今天是高考第一天，祝考生们金榜提名[哇R]
#2026高考季[话题]# #高考[话题]# #升学规划[话题]# #教育规划[话题]# #高考报名[话题]# #高考分数线[话题]# #重要时间节点[话题]# #考试时间[话题]# #成都教育[话题]#",1780797859000,1780797860000,4ad5a97d611d1a8d,沃***育,88,21,4,36,http://sns-webpic-qc.xhscdn.com/202608221210/f71168dc2ad7e9704f1e5fa2edb5ea9c/spectrum/1040g0k03213kn8b16u005p8rui6gi35v0hp2cso!nd_dft_wlteh_webp_3,"2026高考季,高考,升学规划,教育规划,高考报名,高考分数线,重要时间节点,考试时间,成都教育",,,1787371884234
41,complete,GK2026D1,2026高考第一天,GK2026D1,2026高考第一天,6a24f2120000000008031394,https://www.xiaohongshu.com/explore/6a24f2120000000008031394,video,2026高考第一天 海南三亚第一中学考场 第一,#海南高考[话题]##三亚高考[话题]##海南多机位[话题]# 直播,1780806162000,1780806162000,9ef83282826cdab4,导***宇,9,4,1,7,http://sns-webpic-qc.xhscdn.com/202608221222/fbab6c84a31ff306a010cde795237e54/1040g0083213ooq4ena005nr8nqu092jake0qi4o!nd_dft_wlteh_webp_3,"海南高考,三亚高考,海南多机位",,,1787372580600
42,complete,GK2026D1,2026高考第一天,GK2026D1,2026高考第一天,6a250e86000000001700b157,https://www.xiaohongshu.com/explore/6a250e86000000001700b157,video,直击莆田第六中学高考第一天现场,#高考[话题]#  #莆田第六中学[话题]#  #全国高考首日[话题]#,1780813446000,1780813447000,83b5da831e6b9254,田***摄,26,3,,22,http://sns-webpic-qc.xhscdn.com/202608221234/33de647f557c3f9433d0599121223f86/spectrum/1040g0k03213s85bl72005na27hd5mde6b0pm6f0!nd_dft_wlteh_webp_3,"高考,莆田第六中学,全国高考首日",,,1787373275350
43,complete,GK2026D1,2026高考第一天,GK2026D1,2026高考第一天,6a2626ed000000000803ec7a,https://www.xiaohongshu.com/explore/6a2626ed000000000803ec7a,normal,新闻老照片｜02年的高考没有冲跑和一字马,"2002年7月8日，一年一度的高考落幕。当天下午5时许，长沙市一中考场，参考的学生走出考场，不管考得好不好，从此落得一身轻。
当年的高考落幕后，走出考场的考生既没冲跑，更没有一字马的飞跃。
2002年7月8日，盛夏的长沙暑气蒸腾，下午5时，长沙市一中考场的铃声准时响起，为无数少年的高中岁月画上了句点。
没有声势浩大的奔跑，没有张扬喧闹的欢呼，更没有网络时代层出不穷的花式庆祝与特技表演。
不同于如今高考落幕时精彩纷呈的名场面，二十多年前的这场高考结束，只有独属于那个年代的平和与淡然。
考生们收拾好文具，安静起身，有序走出考场，步履舒缓，褪去了连日的紧绷与焦灼。
走出考场的少年们，脸上没有过度的狂喜，也不见浓重的失落。
10多年的挑灯苦读、无数个刷题的深夜、堆积如山的试卷，都随着最后一场考试的结束悄然落幕。
无论答卷圆满与否，无论心中忐忑或是坦然，所有人都卸下了千斤重担，落得一身轻快自在。
彼时的夏日，简单而热烈。街道上是聒噪的蝉鸣，考场外是等候的家长，没有拥挤的人群，没有漫天的鲜花与横幅，也没有镜头的追逐抓拍。
少年们三五成群，并肩走出考场，轻声聊着考题、聊着未来、聊着漫长的暑假。
有人松弛地舒展双臂，有人笑着吐槽备考的辛苦，有人默默憧憬未知的大学生活，情绪真实又纯粹。
2002年的高考，没有轰轰烈烈的退场仪式，却藏着最质朴的青春模样。
那一代人的毕业，安静、内敛、从容，少了刻意的喧嚣，多了顺其自然的温柔。
岁月流转，如今，高考的场景不断更迭，花样的庆祝方式层出不穷。
可回望二十余年前的那个盛夏，长沙市一中走出的那群少年，那份褪去桎梏、松弛自在的模样，依旧是最动人的青春底色。
平凡的退场，亦是最滚烫的青春收官。
闻老照片凝固的是历史瞬间, 记录的是时代变迁！湘江2号每日发布以长沙为主的新闻老照片，还原新闻老照片背后的故事，传播正能量！敬请关注点赞，留言转发！
湘江2号发布的所有新闻老照片，均为本号原创，未经授权请勿下载使用，一经发现，本号将依法维权。如有需求，可在后台留言联系。",1780885229000,1780885230000,65143ab35e91d567,湘***号,2400,227,277,118,"http://sns-webpic-qc.xhscdn.com/202608221315/a39319b5f4f587f73bc0afb337d17ac0/1040g2sg3214ueo9gnk6g5pjfiiuhoi5uu7oj308!nd_dft_wgth_webp_3,http://sns-webpic-qc.xhscdn.com/202608221315/ee50408f85d5952f60cf46fa9a1b6985/1040g2sg3214ueo9gnk505pjfiiuhoi5uco0s50o!nd_dft_wgth_webp_3,http://sns-webpic-qc.xhscdn.com/202608221315/f6c3b4510c29aebb6fdab29fa80f4568/1040g2sg3214ueo9gnk205pjfiiuhoi5u1r4nam0!nd_dft_wgth_webp_3,http://sns-webpic-qc.xhscdn.com/202608221315/556a4923484d3213924e9cc5e201288d/1040g2sg3214ueo9gnk5g5pjfiiuhoi5u6gp5sr0!nd_dft_wgth_webp_3,http://sns-webpic-qc.xhscdn.com/202608221315/e94a1de67711fda4812ec849c8e96074/1040g2sg3214ueo9gnk2g5pjfiiuhoi5uaff7am8!nd_dft_wgth_webp_3,http://sns-webpic-qc.xhscdn.com/202608221315/35c24f8d17c46db948303ea0950697ac/1040g2sg3214ueo9gnk005pjfiiuhoi5ujhijq6g!nd_dft_wgth_webp_3,http://sns-webpic-qc.xhscdn.com/202608221315/bca155c74a33233d84fc9042994a0453/1040g2sg3214ueo9gnk305pjfiiuhoi5uev2iqo8!nd_dft_wgth_webp_3,http://sns-webpic-qc.xhscdn.com/202608221315/488ae09bde046f41188962ada77da00f/1040g2sg3214ueo9gnk405pjfiiuhoi5unj2qnto!nd_dft_wgth_webp_3",,,,1787375771425
44,complete,GK2026D1,2026高考第一天,GK2026D1,2026高考第一天,6a250761000000002202ac98,https://www.xiaohongshu.com/explore/6a250761000000002202ac98,normal,我与高考：本手入局，妙手收官,"今天是6月7日，是2026年高考的第一天。
四年前的今天，我是坐在考场里的考生；四年后的今天，我站在讲台边，成了监考老师。
时间真快啊。快到我还没来得及反应，就已经换了一个身份，看着另一群人走进命运的关口。
高考教会了我什么呢？我想了很久，大概是那句本手妙手俗手。棋局胜负从来不在一招，而在招招；人生精彩也从不在一朝，而在朝朝。
人生如棋，落子无悔。四年前，我以本手入局，一步一步，走得笨拙却踏实。四年后，回望这段路，竟也觉得每一步都没有白走，算是为自己下出了一记妙手收官。
我们啊，终究还是成为了那个想成为的、最好的自己。
这一局终了，棋盘上的落子——无论本手、妙手还是俗手——都已成过往的棋谱。而新的棋局，已经开始了。
ps：高考一定是你三年来考得最好的一次，请相信自己！语文是我的优势科目，四年前的8:55，我拿到答题卡发现少了三道选择题，心里已经觉得不太对劲了。发试卷时，我习惯性先看作文题，读了一遍题目之后我自我感觉良好，告诉自己这道题很好写，所以最后也是行云流水般写完了。最终好像是错了三道选择题，但却拿了132分，这是我高中三年最高的一次。所以，请相信自己！！高考加油！！
#2026高考季[话题]# #高考语文[话题]# #作文[话题]# #本手妙手俗手[话题]# #2022届[话题]# #毕业照[话题]# #中山大学[话题]#",1780811617000,1780811617000,bc877e2c4176ae23,林***师,166,27,13,4,"http://sns-webpic-qc.xhscdn.com/202608221346/07538e11662f1f8bc62a04dbaa352580/notes_pre_post/1040g3k03213ortjl74005oltn0d6d9e6ukr7p4g!nd_dft_wlteh_webp_3,http://sns-webpic-qc.xhscdn.com/202608221346/09030b6dbdf7d97ac7f374cd93fb64bc/notes_pre_post/1040g3k03213oru46n4005oltn0d6d9e69ofha3o!nd_dft_wlteh_webp_3,http://sns-webpic-qc.xhscdn.com/202608221346/1ecf98f381e4dd6d40585399e68e0c11/notes_pre_post/1040g3k03213os4dan2005oltn0d6d9e6d7297ao!nd_dft_wlteh_webp_3,http://sns-webpic-qc.xhscdn.com/202608221346/d8c68cc9ccaa00fa22df32c49226a798/notes_pre_post/1040g3k03213os3u174005oltn0d6d9e67lrhj98!nd_dft_wlteh_webp_3,http://sns-webpic-qc.xhscdn.com/202608221346/8d734bbf83ff4a5b978913c7e4572eb1/notes_pre_post/1040g3k03213os3f26s005oltn0d6d9e6j8sdq18!nd_dft_wlteh_webp_3,http://sns-webpic-qc.xhscdn.com/202608221346/84869ffad928f19052e4ba7b1637cf3b/notes_pre_post/1040g3k03213os2u0n4005oltn0d6d9e68pscfno!nd_dft_wlteh_webp_3,http://sns-webpic-qc.xhscdn.com/202608221346/865de0b545519599f479603087c5cc90/notes_pre_post/1040g3k03213os2ed70005oltn0d6d9e6v99s6jo!nd_dft_wgth_webp_3,http://sns-webpic-qc.xhscdn.com/202608221346/882e5668d7550528b660dfede3b7302d/notes_pre_post/1040g3k03213os1u074005oltn0d6d9e61o5ivvo!nd_dft_wlteh_webp_3,http://sns-webpic-qc.xhscdn.com/202608221346/7ff3e7a385691c3743dd7a56a53f702b/notes_pre_post/1040g3k03213os1eon0005oltn0d6d9e6juiq5vg!nd_dft_wgth_webp_3,http://sns-webpic-qc.xhscdn.com/202608221346/a61bf605d41e8a3ac28457d0cebf98df/notes_pre_post/1040g3k03213os0s66s005oltn0d6d9e6gq471cg!nd_dft_wlteh_webp_3,http://sns-webpic-qc.xhscdn.com/202608221346/13ec74b6d94bb745acfc5cd378bcef72/notes_pre_post/1040g3k03213os0c66u005oltn0d6d9e6g0lsboo!nd_dft_wlteh_webp_3,http://sns-webpic-qc.xhscdn.com/202608221346/78ac05cdc06ebf17a0cb6075ed121871/notes_pre_post/1040g3k03213orvrs74005oltn0d6d9e6r58j0b0!nd_dft_wlteh_webp_3,http://sns-webpic-qc.xhscdn.com/202608221346/4f398babf2031aedb7d6307f6358b39c/notes_pre_post/1040g3k03213orvbvn4005oltn0d6d9e6cmld1ug!nd_dft_wgth_webp_3,http://sns-webpic-qc.xhscdn.com/202608221346/38046803c6db8ce012def4f918192e0b/notes_pre_post/1040g3k03213oruskms005oltn0d6d9e6pca7cvg!nd_dft_wgth_webp_3,http://sns-webpic-qc.xhscdn.com/202608221346/4fd6d84f14a7a6abea85a2c3db8bb0ba/notes_pre_post/1040g3k03213orucq74105oltn0d6d9e6pkf933g!nd_dft_wlteh_webp_3","2026高考季,高考语文,作文,本手妙手俗手,2022届,毕业照,中山大学",,,1787377647368
45,complete,GK2026D1,2026高考第一天,GK2026D1,2026高考第一天,6a266c09000000000803113f,https://www.xiaohongshu.com/explore/6a266c09000000000803113f,normal,2026高考数学上海版真题与解析,2026高考数学上海版真题与解析﻿#2026高考数学[话题]#﻿ ﻿#2026高考数学上海版[话题]#﻿,1780902921000,1780902922000,418f0b0829496bfa,金***店,3,,,2,http://sns-webpic-qc.xhscdn.com/202608221359/1733aae2f0b0fde0e955b14392b579c8/spectrum/1040g0k032156sp37n0105ohmgr8ode3kpflvrf8!nd_dft_wlteh_webp_3,"2026高考数学,2026高考数学上海版",,,1787378403147
46,complete,GK2026D1,2026高考第一天,GK2026D1,2026高考第一天,6a26c1ab000000003502e7f0,https://www.xiaohongshu.com/explore/6a26c1ab000000003502e7f0,video,26年高考第一天 大田中学考场,#高考[话题]# #浙江省大田中学[话题]# #2026年高考第一天[话题]##2026年高考语文[话题]##高考考场[话题]#,1780924843000,1780924844000,6e1d9d5cb5379de8,陌***开,13,1,,1,http://sns-webpic-qc.xhscdn.com/202608221411/88f87bdf8414137a6b26fa21fce36ce4/1040g0083215h5rovms605p7dl56g9uvbrb4chbo!nd_dft_wgth_webp_3,"高考,浙江省大田中学,2026年高考第一天,2026年高考语文,高考考场",,,1787379098377
47,complete,GK2026D1,2026高考第一天,GK2026D1,2026高考第一天,6a254e7b000000001702a34f,https://www.xiaohongshu.com/explore/6a254e7b000000001702a34f,normal,好懵圈啊。数学不会就是不会,"每年数学都难上热搜
出分还有神能考140+
#2026高考季[话题]# #数学[话题]#",1780829819000,1780831227000,44423323045eee7a,冬***座,44,1,3,16,http://sns-webpic-qc.xhscdn.com/202608221422/c9a61f3e2a0ae633699ea35a8aef3a41/notes_pre_post/1040g3k0321441acrna6g5pb61d8f3vsa4uabjs0!nd_dft_wlteh_webp_3,"2026高考季,数学",,,1787379793671
48,complete,GK2026D1,2026高考第一天,GK2026D1,2026高考第一天,6a2540940000000008026220,https://www.xiaohongshu.com/explore/6a2540940000000008026220,video,最全“谐音梗”祝福！不只是高考必胜！,2026高考第一天！高三老师巧用“谐音梗”为考生送祝福！#2026高考季[话题]# #暖心送考[话题]# #高考加油[话题]# #海亮教育[话题]# #致和部[话题]# #高考祝福[话题]#,1780826261000,1780826261000,24143ec7612f8794,H***部,98,61,1,42,http://sns-webpic-qc.xhscdn.com/202608221434/0e8543ab6fe4dcd236275a907cabd961/1040g2sg32142ae3a7ee05poee1diu8nnds2mc18!nd_dft_wlteh_webp_3,"2026高考季,暖心送考,高考加油,海亮教育,致和部,高考祝福",,,1787380488773
49,complete,GK2026D1,2026高考第一天,GK2026D1,2026高考第一天,6a24a5bd000000000702b013,https://www.xiaohongshu.com/explore/6a24a5bd000000000702b013,normal,2026.6.7高考第一天,"愿你提笔从容自信，
合笔如愿以偿！
宝贝，加油！
#今天的早餐长这样子[话题]# #营养健康早餐[话题]# #高考加油[话题]# #学业有成前程似锦[话题]# #高考不是结束而是新的开始[话题]# #迎接新的一天[话题]# #用美食为高考加油[话题]# #我与高考的难忘经历[话题]# #小小高考拿下[话题]# #元气满满的一天从早餐开始[话题]#",1780786622000,1780786622000,c84540d07cebf97a,舒*,73,10,31,1,"http://sns-webpic-qc.xhscdn.com/202608221515/a413eabfa1153adde6a216c75e6abf04/1040g2sg3213febhn7kk05ns7n9408enqk707dc8!nd_dft_wlteh_webp_3,http://sns-webpic-qc.xhscdn.com/202608221515/5b908b178731a251b354105dd0eeabce/1040g2sg3213febhn7ke05ns7n9408enqtmqi1r0!nd_dft_wlteh_webp_3","今天的早餐长这样子,营养健康早餐,高考加油,学业有成前程似锦,高考不是结束而是新的开始,迎接新的一天,用美食为高考加油,我与高考的难忘经历,小小高考拿下,元气满满的一天从早餐开始",,,1787382984640
50,complete,GK2026D1,2026高考第一天,GK2026D1,2026高考第一天,6a2555780000000008026428,https://www.xiaohongshu.com/explore/6a2555780000000008026428,normal,2026高考开考，祝学子们超常发挥一举夺魁✍️,"高考首日，板写摘抄
明·李梦阳《送人赴举》佳句
“宝剑动连星，金鞍别马鸣。
持将五色笔，夺取锦标名。”
	
宝剑挥舞时仿佛与天上的星星相连，金色的马鞍与即将离别的马匹发出嘶鸣。
拿起手中的笔，书写出一片大好前程。相信自己，一定可以取得理想的名次。
	
书写工具：ipad pro + apple pencil
App：procreate
	
#2026高考加油[话题]# #板写[话题]# #手写字[话题]# #硬笔书法[话题]# #藏在诗词里的国风之美[话题]# #手写[话题]# #写字是一种生活乐趣[话题]# #书法[话题]# #写字是一种乐趣[话题]# #板写约字[话题]#",1780831608000,1780831608000,e29530ab9ae3b20c,悦***书,51,9,14,,"http://sns-webpic-qc.xhscdn.com/202608221528/e56f7604871a7ae53f6851f3a2c55e9c/notes_pre_post/1040g3k832144tb0ina705piogs5gu7a8s95t6m0!nd_dft_wlteh_webp_3,http://sns-webpic-qc.xhscdn.com/202608221528/4b8e2daf330739fb2fb3d88fe597aa4c/notes_pre_post/1040g3k832144tb0ina7g5piogs5gu7a89nk6re0!nd_dft_wlteh_webp_3,http://sns-webpic-qc.xhscdn.com/202608221528/58918e162bf72eb114af5a567187441c/notes_pre_post/1040g3k832144tb0ina805piogs5gu7a8sn3ga5o!nd_dft_wlteh_webp_3,http://sns-webpic-qc.xhscdn.com/202608221528/d1172e51aee096912fea8e933df77d93/notes_pre_post/1040g3k832144tb0ina8g5piogs5gu7a8j8falkg!nd_dft_wlteh_webp_3","2026高考加油,板写,手写字,硬笔书法,藏在诗词里的国风之美,手写,写字是一种生活乐趣,书法,写字是一种乐趣,板写约字",,,1787383710719
51,complete,GK2026D1,2026高考第一天,GK2026D1,2026高考第一天,6a24efa1000000003501c4a2,https://www.xiaohongshu.com/explore/6a24efa1000000003501c4a2,normal,26届高考🔸川中老师&家长送考团上线🔥,"一袭旗袍，一抹红衣
家长们精心装扮，用独有的仪式感默默守护
做孩子身后最温柔的陪伴，不焦虑、不施压
愿宝贝们放平心态，从容应考
尽力就好，每一份努力都值得被肯定
别怕，我们永远是你们最坚实的后盾💛
#2026高考[话题]# #高考送考[话题]# #川中[话题]# #家长暖心瞬间[话题]# #高考加油[话题]#",1780805538000,1780805538000,2d0381bdd09d3099,宓***活,78,7,18,64,"http://sns-webpic-qc.xhscdn.com/202608221811/02cc9f2a1784b6767c1f5132076c27b5/notes_pre_post/1040g3k83212i2d646s905pdqebgjbi19cpdrt5o!nd_dft_wlteh_webp_3,http://sns-webpic-qc.xhscdn.com/202608221811/fc2f5113bf2d0ad2c339fd42b95c02a5/notes_pre_post/1040g3k83212i2d646s805pdqebgjbi19l4fklhg!nd_dft_wlteh_webp_3,http://sns-webpic-qc.xhscdn.com/202608221811/3b0da64166a8f4e38035947a79094c90/notes_pre_post/1040g3k83212i2d646s8g5pdqebgjbi19quld9i0!nd_dft_wlteh_webp_3,http://sns-webpic-qc.xhscdn.com/202608221811/22e58eb6f00c305415717ff8fbb08703/notes_pre_post/1040g3k83212i2d646s7g5pdqebgjbi19t22bs10!nd_dft_wlteh_webp_3,http://sns-webpic-qc.xhscdn.com/202608221811/70715188d16f6677a4ec505973e53b65/notes_pre_post/1040g3k83212i2d646s705pdqebgjbi19i5uupr8!nd_dft_wlteh_webp_3","2026高考,高考送考,川中,家长暖心瞬间,高考加油",,,1787393501596
52,complete,GK2026D1,2026高考第一天,GK2026D1,2026高考第一天,6a250c9100000000350381d4,https://www.xiaohongshu.com/explore/6a250c9100000000350381d4,video,下雨天和考试更配的哦！,2026高考第一天，下起了小雨，下雨天和考试更配的哦！#高考[话题]# 2026高考[话题]# 2026高考季[话题]# 四川高考[话题]# 绵阳高考[话题]# 好视频扶持计划[话题]#,1780812945000,1780812946000,78ba5d4fd56863ad,绵***育,13,1,,,http://sns-webpic-qc.xhscdn.com/202608221823/21f934d3ad11e4f6b6d29adb5f1b6360/spectrum/1040g34o3213s0qvrn4105pr8ohnm3jhiphbvvsg!nd_dft_wlteh_webp_3,"好视频扶持计划,绵阳高考,四川高考,2026高考季,2026高考,高考",,,1787394260403
53,complete,GK2026D1,2026高考第一天,GK2026D1,2026高考第一天,6a262466000000002103ff03,https://www.xiaohongshu.com/explore/6a262466000000002103ff03,normal,高考首日打卡人大附中,"[火R]不愧是传说中的宇宙第一高中，门口人流量直接拉满
	
特意带娃来感受考场氛围，沉浸式体验高考现场
	
[鼓掌R][鼓掌R][鼓掌R]还偶遇了穿黄色旗袍的清华学长，讨个好彩头～
	
祝所有考生旗开得胜，落笔生花，金榜题名✨
	
#高考[话题]##北京高考[话题]##人大附中[话题]##旗袍[话题]#",1780884582000,1780884582000,5f2011817a1e6b13,书***僧,3,1,3,2,"http://sns-webpic-qc.xhscdn.com/202608221835/09639a858231c4a64b3c8a360b6353e2/notes_pre_post/1040g3k03214u2942nkdg5ofd5paod6vi2sg65vg!nd_dft_wlteh_webp_3,http://sns-webpic-qc.xhscdn.com/202608221835/01f0f78c32034cdbba385e43ebfa5c37/notes_pre_post/1040g3k03214u2942nkd05ofd5paod6vidc1bou0!nd_dft_wlteh_webp_3,http://sns-webpic-qc.xhscdn.com/202608221835/751273a67829b43ea125d956449183b8/note_pre_post_uhdr/1040g3r83214u28jo7ob05ofd5paod6vijj6lit8!nd_dft_wlteh_webp_3","高考,北京高考,人大附中,旗袍",,,1787394956302
54,complete,GK2026D1,2026高考第一天,GK2026D1,2026高考第一天,6a26741e000000001602633f,https://www.xiaohongshu.com/explore/6a26741e000000001602633f,video,高考路上的“双重护航”，家人永远为你兜底,高考首日，在去往高考考点的路上，一位广汽埃安车主记录下了暖心一幕：父亲开车送女儿，哥哥悄悄骑电动车跟在后面，这样万一路上堵车，妹妹可以换电动车继续赶路。 “双重护航”，是家人给的满分安全感。愿所有考生一切顺利！#高考[话题]# #高考暖心瞬间[话题]#,1780904990000,1780904990000,c625ba6745ec938d,广***团,160,1,2,1,http://sns-webpic-qc.xhscdn.com/202608221847/4dd7aa049e2c7155d7a0d195d310bee9/spectrum/1040g0k03214vmhvumu005pp8do608dhvhncineo!nd_dft_wlteh_webp_3,"高考,高考暖心瞬间",,,1787395651862
55,complete,GK2026D1,2026高考第一天,GK2026D1,2026高考第一天,6a24f582000000000803fe98,https://www.xiaohongshu.com/explore/6a24f582000000000803fe98,normal,,,1780807042000,1780807043000,8c28ed64f57cb6cd,老***人,5,3,,2,http://sns-webpic-qc.xhscdn.com/202608221928/12760cd1c81a28a80b462915ef19373b/notes_pre_post/1040g3k03212lej797a605pi5d6t0uehqsdf1000!nd_dft_wlteh_webp_3,,,,1787398148595
56,complete,GK2026D1,2026高考第一天,GK2026D1,2026高考第一天,6a24b95600000000150267f1,https://www.xiaohongshu.com/explore/6a24b95600000000150267f1,normal,#2026高考[话题]# 今天第一天，孩子还行，已经说了，会的就写，不会的就蒙，考完得了，放平心态！,#2026高考[话题]# 今天第一天，孩子还行，已经说了，会的就写，不会的就蒙，考完得了，放平心态！,1780791638000,1780791638000,9f2c3674cbc05999,辉***代,40,1,21,,http://sns-webpic-qc.xhscdn.com/202608221940/6afca3a8e97bce2160e247a78b7fead3/note_pre_post_uhdr/1040g3r03213hpf9vnk004bumfdvo5jg2dh2r118!nd_dft_wgth_webp_3,2026高考,,,1787398843165
57,complete,GK2026D1,2026高考第一天,GK2026D1,2026高考第一天,6a256ebc0000000015026f35,https://www.xiaohongshu.com/explore/6a256ebc0000000015026f35,video,广东一男生认高考考场，发现考场就自己一人,网友：运气爆棚，VIP待遇 #广东[话题]# #高考[话题]# #考场[话题]#,1780838076000,1780838077000,547bc05d84ce3353,南***网,7105,680,486,947,http://sns-webpic-qc.xhscdn.com/202608221952/d4d36cc5d6b70b59dc93dacb7662bbde/spectrum/1040g0k03214809lr70005pbesmb864hm26fblso!nd_dft_wlteh_webp_3,"广东,高考,考场",,,1787399568445
58,complete,GK2026D1,2026高考第一天,GK2026D1,2026高考第一天,6a24c06d0000000021019a27,https://www.xiaohongshu.com/explore/6a24c06d0000000021019a27,video,2026高考第一天！祝福高考生：旗开得胜、金榜,2026高考第一天！祝福高考生：旗开得胜、金榜题名！,1780793453000,1780850225000,44d2dd58cd23ccdd,江***哥,260,5,24,,http://sns-webpic-qc.xhscdn.com/202608222025/a06fb6ddc357bf122e33a7c69a298743/1040g0083213iml4v7a005p4apac9ejjn4m8sk60!nd_dft_wlteh_webp_3,,,,1787401564534
59,complete,GK2026D1,2026高考第一天,GK2026D1,2026高考第一天,6a24d20b000000000803384f,https://www.xiaohongshu.com/explore/6a24d20b000000000803384f,normal,高考第一天深中朱华伟校长校门口亲自助威,"今天是2026年高考第一天，深中朱华伟校长带领一众校领导，身着红色体恤，在深中晒布校区门口，喜迎考生，亲自为考生助威。
深中这几年坐高考成绩芝麻开花节节高，清北录取人数从22年47人、23年49人、24年64人到去年的85人，屡创新高，在广东省内断崖式领先，其它985、211包括海外名校录取都在广东遥遥领先。
据说位于仙湖植物园的弘法寺在每年中考、高考前夕香火都相当旺盛，寄托了家长对孩子的美好祝愿!
祝愿深中及所有的考生今年都金榜题名，考进自己心仪的学校![合十R] #2026高考季[话题]# #深圳中学[话题]# 朱华伟#清华大学[话题]##北京大学[话题]#",1780797963000,1780820959000,ca67957896a296e0,万***空,30,6,4,9,"http://sns-webpic-qc.xhscdn.com/202608222038/ff9c069db4d26dea0f628769fbd58b15/1040g2sg3213kdc0unl905nh3pna08jncj3v1178!nd_dft_wlteh_webp_3,http://sns-webpic-qc.xhscdn.com/202608222038/aea63ef090b1c246d7b037af5c9760bd/1040g2sg3213kdc0unl4g5nh3pna08jnc92tfir0!nd_dft_wlteh_webp_3,http://sns-webpic-qc.xhscdn.com/202608222038/a756bead8eca5ee58d82af3d1a69ec94/1040g2sg3213kdc0unl8g5nh3pna08jncl2sc3eg!nd_dft_wlteh_webp_3,http://sns-webpic-qc.xhscdn.com/202608222038/19b4068416c9c91c88ebd3249af6b8f1/1040g2sg3213kdc0unl305nh3pna08jncmfvdvno!nd_dft_wgth_webp_3,http://sns-webpic-qc.xhscdn.com/202608222038/0cffb099b57a48b4cb06b4352eef6a8e/1040g2sg3213kdc0unl6g5nh3pna08jncnjqrd18!nd_dft_wlteh_webp_3,http://sns-webpic-qc.xhscdn.com/202608222038/203da83fd91b419a4fc9da11facc43ac/1040g2sg3213kdc0unl5g5nh3pna08jncar7qd80!nd_dft_wgth_webp_3,http://sns-webpic-qc.xhscdn.com/202608222038/4dc8073ef3790ab9bec8933a9cc76392/1040g0083213vqnm17k605nh3pna08jncsdjq2uo!nd_dft_wgth_webp_3,http://sns-webpic-qc.xhscdn.com/202608222038/97596b8adb5d2da85a687fc477524e84/1040g0083213vqnm17k5g5nh3pna08jncekiqmeo!nd_dft_wlteh_webp_3","2026高考季,深圳中学,清华大学,北京大学",,,1787402320183
60,complete,GK2026D1,2026高考第一天,GK2026D1,2026高考第一天,6a263c600000000022023471,https://www.xiaohongshu.com/explore/6a263c600000000022023471,normal,陪考的家长,"高考第一天，学校门口陪考的家长，他们穿着喜庆的衣服，期待着孩子的这次人生大考能一切顺利。
#陪考妈妈[话题]# #高考画面[话题]##给陌生人拍照[话题]# #记录高考[话题]#",1780890720000,1780896821000,b32101821670550b,艾***熊,13,3,10,2,"http://sns-webpic-qc.xhscdn.com/202608222049/200426c1297be3aa50185ad31d3bd225/1040g00832150v18c706g5nghbsag81beod2edb0!nd_dft_wlteh_webp_3,http://sns-webpic-qc.xhscdn.com/202608222049/c35222b49e022cd9260042116f0a131e/1040g00832150v18c705g5nghbsag81be4vba1u8!nd_dft_wlteh_webp_3,http://sns-webpic-qc.xhscdn.com/202608222049/977e3692e6f2da0f03adb6f869b5cc7b/1040g00832150v18c70405nghbsag81be235sulg!nd_dft_wgth_webp_3,http://sns-webpic-qc.xhscdn.com/202608222049/25570ff007a9e442530f0cc37cdfef4d/1040g00832150v18c70505nghbsag81bea9iss08!nd_dft_wlteh_webp_3,http://sns-webpic-qc.xhscdn.com/202608222049/b74889ceaa763fdb066c27f649a43251/1040g00832150v18c700g5nghbsag81becegkpuo!nd_dft_wlteh_webp_3,http://sns-webpic-qc.xhscdn.com/202608222049/d8758a3d98d5e1f3e3ff086807d96fb7/1040g00832150v18c70605nghbsag81befe78q00!nd_dft_wlteh_webp_3,http://sns-webpic-qc.xhscdn.com/202608222049/a53de174de2d5e5991b1cbd815b71be8/1040g00832150v18c70305nghbsag81bescgm29g!nd_dft_wlteh_webp_3,http://sns-webpic-qc.xhscdn.com/202608222049/5724698535d0fd651125ab13c125aeb9/1040g00832150v18c701g5nghbsag81be574b4po!nd_dft_wgth_webp_3,http://sns-webpic-qc.xhscdn.com/202608222049/8eb6f1738a47b47587d3c9e8e870c9b2/1040g00832150v18c704g5nghbsag81be3rp2da8!nd_dft_wgth_webp_3","陪考妈妈,高考画面,给陌生人拍照,记录高考",,,1787403015187
61,complete,GK2026D1,2026高考第一天,GK2026D1,2026高考第一天,6a24b5150000000021018cad,https://www.xiaohongshu.com/explore/6a24b5150000000021018cad,normal,6.7高考首日。。湛江一中考场外实拍！！,"今天天气很美好哦😊
早上8:00，考生陆续抵达。
学校门口，只有很少的家长
他们安静的👉或低声沟通，或看着校门
	
💯预祝高考考生们：旗开得胜❗️马到成功❗️
	
#2026高考季[话题]# #湛江[话题]# #湛江旅游[话题]# #湛江打卡[话题]# #湛江攻略[话题]# #高考[话题]# #高考生[话题]# #高考加油[话题]# #湛江一中[话题]# #湛江拍照[话题]#",1780790549000,1780790549000,6d23399ce5922901,腹***影,354,35,53,105,"http://sns-webpic-qc.xhscdn.com/202608222132/539d23ffee53d40e4b1606f530446f4b/1040g2sg3213h38bf7o705o6astegbhaff6snh98!nd_dft_wlteh_webp_3,http://sns-webpic-qc.xhscdn.com/202608222132/2a1d0b813c905ac786108223a32b7aa4/1040g2sg3213h38bf7o7g5o6astegbhafekm02do!nd_dft_wlteh_webp_3,http://sns-webpic-qc.xhscdn.com/202608222132/046fbc297e56bdb8df6f7c6a406dc868/1040g2sg3213h38bf7o805o6astegbhafa90v3po!nd_dft_wlteh_webp_3,http://sns-webpic-qc.xhscdn.com/202608222132/efff43d09cc096b84be499483816d771/notes_uhdr/1040g3qo3213h99297e005o6astegbhafb0g6vb0!nd_dft_wlteh_webp_3,http://sns-webpic-qc.xhscdn.com/202608222132/6bd2d62c0171e6bb21dc5569fea5d948/notes_uhdr/1040g3qo3213h99297e0g5o6astegbhafhjs0j2o!nd_dft_wlteh_webp_3,http://sns-webpic-qc.xhscdn.com/202608222132/7afeaafffa6f6a0b76c3cbd10def2bcb/notes_uhdr/1040g3qo3213h99297e105o6astegbhaf6gimnm8!nd_dft_wlteh_webp_3,http://sns-webpic-qc.xhscdn.com/202608222132/c059a46e779e743cbf67ab0fc0c0eb26/notes_uhdr/1040g3qo3213h99297e1g5o6astegbhaf4ru73u0!nd_dft_wlteh_webp_3,http://sns-webpic-qc.xhscdn.com/202608222132/ac627023701778c66dbeb0102e69e03f/notes_uhdr/1040g3qo3213h99297e205o6astegbhafcghnc0g!nd_dft_wlteh_webp_3,http://sns-webpic-qc.xhscdn.com/202608222132/0a4ab7c5c66849df6ef2d55aa53ad665/notes_uhdr/1040g3qo3213h99297e2g5o6astegbhaf28pevc0!nd_dft_wlteh_webp_3","2026高考季,湛江,湛江旅游,湛江打卡,湛江攻略,高考,高考生,高考加油,湛江一中,湛江拍照",,,1787405601528
62,complete,GK2026D1,2026高考第一天,GK2026D1,2026高考第一天,6a2618bd0000000006036047,https://www.xiaohongshu.com/explore/6a2618bd0000000006036047,normal,家长围炉煮茶送考，原来我也为高考做贡献了,"高考首日，有家长在考场外围炉煮茶，
	
它让我想到很多人生里的重要时刻。
一个人走进考场。
一个人走上赛场。
一个人第一次面试。
一个人第一次离家。
一个人第一次站到台前。
	
看起来，
都是他一个人在上场。
但很多时候，
场边其实站着很多人。
	
高考这件事也是。
考生进考场前，
路已经被交警提前疏导过。
校门口有人维持秩序。
老师在旁边说最后一句加油。
志愿者递水、指路、提醒不要慌。
家长在外面等，
有人紧张，
有人沉默，
有人围炉煮茶，
假装自己不焦虑。
	
这些人都不能替他考试。
也不应该替他考试。
但他们在场。
这件事挺动人的。
	
因为一个年轻人真正重要的上场，
从来不是只有他一个人的事。
他要自己走进去。
自己答题。
自己面对结果。
	
可一个好的社会，
会在他走进去之前，
尽量把那条路铺平一点。
让交通别太乱。
让声音别太吵。
让等待别太慌。
让他知道：
你放心上场，
我们在场边。
	
这很像体育。
一场比赛真正动人的，
不只是场上的运动员。
还有场边那些人。
教练。
队友。
裁判。
志愿者。
补给站。
看台上的人。
替他守住规则的人。
替他维持秩序的人。
替他安静等待的人。
	
他们不替你跑。
不替你投篮。
不替你踢那一脚。
但他们让这场参与能够发生。
	
顾拜旦在奥运里讲的参与，
不只是“你要努力上场”。
它还有另一层：
一个人能够有尊严地参与，
往往需要很多人在场边默默托举。
真正成熟的公共社会，
不是把年轻人保护得不上场。
而是在他必须独自上场的时候，
默默站在场边。
	
这和教育也很像。
好的训练，
不是把人一直留在训练场。
而是把一个人送到某一天：
他可以自己上场。
	
而好的社会，
就是在那一天来临时，
不抢他的答卷，
不替他完成，
也不把焦虑压到他身上。
只是安静地告诉他：
你去吧。
我们在这里。
	
所以家长围炉煮茶送考，
最打动我的地方，
不是家长多会松弛。
而是那种场边感。
孩子在里面考试。
大人在外面等。
老师、交警、志愿者、路人，
都以自己的方式，
陪一个年轻人完成一次重要上场。
	
很多年后，
我们可能不记得那天考了什么题。
但会记得校门口的那一眼。
记得老师说的那句加油。
记得有人在路边让了一下。
记得自己走进去的时候，
其实不是一个人。
	
你有没有一个重要时刻，
突然发现：原来有人一直在场边等你？#高考祝福[话题]#",1780881597000,1780881597000,16a3cc4cb1f2d590,太***熊,5,1,,1,http://sns-webpic-qc.xhscdn.com/202608222147/869457838fd6a899ddfac358f127fbd4/notes_pre_post/1040g3k83214sle8a7k7g49vtjedplh8k41rhcmo!nd_dft_wlteh_webp_3,高考祝福,,,1787406508057
63,complete,GK2026D1,2026高考第一天,GK2026D1,2026高考第一天,6a26a3cb000000003501ce98,https://www.xiaohongshu.com/explore/6a26a3cb000000003501ce98,normal,年年岁岁花相似,#2026高考季[话题]# #小红书毕业摄影季[话题]# #拍下毕业前的60秒[话题]# #光之生活[话题]# #高考祝福[话题]# #毕业青春不散场[话题]# #我与高考的难忘经历[话题]# #看得见的青春[话题]# #高考加油[话题]#,1780917195000,1780917196000,9efd0434cfc7565d,o***o,41,3,,4,"http://sns-webpic-qc.xhscdn.com/202608222159/b152c39f776445d703ca0be6b950a819/notes_pre_post/1040g3k03215dmjfon0005oehbthk0vknmsa7so0!nd_dft_wlteh_webp_3,http://sns-webpic-qc.xhscdn.com/202608222159/632c343fb578add329060cbd6148a571/notes_pre_post/1040g3k03215dmjfon01g5oehbthk0vknhcri1ag!nd_dft_wlteh_webp_3,http://sns-webpic-qc.xhscdn.com/202608222159/6fa7df23e6fa8613587a2c76ec280f7d/notes_pre_post/1040g3k03215dmjfon02g5oehbthk0vkng0vb73g!nd_dft_wlteh_webp_3,http://sns-webpic-qc.xhscdn.com/202608222159/e09ad0ea85dde5013b40ff0ba672ac10/notes_pre_post/1040g3k03215dmjfon0405oehbthk0vkn1incigo!nd_dft_wlteh_webp_3,http://sns-webpic-qc.xhscdn.com/202608222159/720cf3409d736e05b817c676fd85753d/notes_pre_post/1040g3k03215dmjfon0505oehbthk0vknaamg1i0!nd_dft_wlteh_webp_3,http://sns-webpic-qc.xhscdn.com/202608222159/e33956b35cb40a6f7ec8226c64a20ea9/notes_pre_post/1040g3k03215dmjfon0605oehbthk0vknpi70dbg!nd_dft_wlteh_webp_3,http://sns-webpic-qc.xhscdn.com/202608222159/7c08889a365564bf0346c015624f0019/notes_pre_post/1040g3k03215dmjfon0705oehbthk0vkn65evlk8!nd_dft_wlteh_webp_3","2026高考季,小红书毕业摄影季,拍下毕业前的60秒,光之生活,高考祝福,毕业青春不散场,我与高考的难忘经历,看得见的青春,高考加油",,,1787407203372
64,complete,GK2026D1,2026高考第一天,GK2026D1,2026高考第一天,6a268f270000000006023539,https://www.xiaohongshu.com/explore/6a268f270000000006023539,normal,是谁的准考证，哦是我的。。,#高考速通卡[话题]# #2026高考季[话题]# #祝我们都是过儿[话题]#,1780911911000,1780911912000,866d06dea13f7ea8,y***o,64,10,14,11,"http://sns-webpic-qc.xhscdn.com/202608222211/8987d07f20fedb07edfb74a0dfb21902/1040g0083215b5jd5ne005nfa2e408r0at9u1qpo!nd_dft_wlteh_webp_3,http://sns-webpic-qc.xhscdn.com/202608222211/7bb45dc59e139374658eb9488641b918/1040g0083215b5jd5ne0g5nfa2e408r0ahddjf6o!nd_dft_wlteh_webp_3","高考速通卡,2026高考季,祝我们都是过儿",,,1787407899069
65,complete,GK2026D1,2026高考第一天,GK2026D1,2026高考第一天,6a24b96900000000160277ae,https://www.xiaohongshu.com/explore/6a24b96900000000160277ae,video,2026全国高考第一天,直击高考首日，仙游一中#2026高考[话题]# #高考加油[话题]# #金榜题名[话题]# #旗开得胜[话题]# #高考改变人生[话题]# #前程似锦[话题]#,1780791657000,1780791657000,b494b36240ad6a11,德***构,56,21,,1,http://sns-webpic-qc.xhscdn.com/202608222223/591eb5b4a075b1b836b7ccb010fde101/1040g2sg3213hpcn3noe05q9mdj7cj38kibhdbvg!nd_dft_wlteh_webp_3,"2026高考,高考加油,金榜题名,旗开得胜,高考改变人生,前程似锦",,,1787408624643
66,complete,GK2026D1,2026高考第一天,GK2026D1,2026高考第一天,6a253f5c000000002103f8a0,https://www.xiaohongshu.com/explore/6a253f5c000000002103f8a0,normal,各家大模型，都在测试了吗？,"我只好奇，各家LLM在2026年高考能得多少分？
#大模型[话题]# #ai[话题]# #高考[话题]#",1780825948000,1780825949000,b033e3ceb028c858,刘***P,111,31,198,68,http://sns-webpic-qc.xhscdn.com/202608222234/410f4d41512c23550ed69d6035d515b1/spectrum/1040g0k0321426t4d72005peookc1ebvp6dhl440!nd_dft_wlteh_webp_3,"大模型,ai,高考",,,1787409320467
67,complete,GK2026D1,2026高考第一天,GK2026D1,2026高考第一天,6a24019000000000350312a6,https://www.xiaohongshu.com/explore/6a24019000000000350312a6,normal,高考前一晚，我一分钟都没睡着,"#2026高考加油[话题]#
	
[一R]【场景还原】
明天就要高考了。
这让我想起自己当年高考前的那一晚——
整宿整宿没睡着。
---
[二R]【那个夜晚】
虽然二十多年过去了，只要想到高考，那晚的情形立即浮现在眼前：
告诉自己要早点睡，但怎么也睡不着。
只听得到墙上的钟，滴答、滴答、滴答……
数羊数到一千只，仿佛越数越清醒、越来越兴奋，
一直到凌晨5点多，才稍稍有些困意，迷迷糊糊睡着一会儿。
---
[三R]【当时的焦虑】
当时非常紧张，非常焦虑。
生怕没睡好会影响发挥，
生怕会在考试的时候因为没休息好头痛，
各种灾难化的想法在我脑海中上演。。。
妈妈也陪着我，担心了整整一个晚上，为此加剧了我的自责。
所幸，不管失眠的夜晚有多难熬，白天都会如期而至，
就这样，天亮了，我顶着两个黑眼圈走进了考场。
---
[四R]【结果】
结果呢？
第一天非常顺利的考完了，那些“灾难片”并没有上演，
我想身体有她的智慧，知道当下最重要的就是完成考试。
更神奇的是，高考第一天的那个晚上，
我整个人完全放松，睡得特别香。
---
[五R]【回看】
现在回想起来，
比起高考成绩，那个失眠的夜晚，更让我记忆深刻，感触颇深。
	
因为它教会我一件事：
即使准备不完美，即使状态很糟糕，我依然可以完成重要的事。
---
[六R]【洞见】
高考只是人生旅途中的一站，不是全部。
等到你回忆的时候，比高考结果更加铭心刻骨的是经历本身，不管考成什么样，人生都得继续。
	
天，塌不下来！
---
[七R]【影响】
后来我面对那些让我紧张、失眠、想逃的事，我都会想起那个夜晚。
	
那一夜没有毁了我，
这次也不会。
---
[樱花R]【我是觉察练习生_天空】[樱花R]
今天记录的是：高考前一晚失眠教会我的事。
真正重要的不是“睡没睡着”，
而是“天亮之后，你有没有走进考场”。
	
你人生中也有过“重大时刻前失眠”的经历吗？
后来怎么样了？
评论区聊聊👇，给正在经历高考的孩子一些力量。
	
#高考[话题]# #失眠[话题]# #考前焦虑[话题]# #自我成长[话题]# #觉察日记[话题]# #高考祝福[话题]#",1780744592000,1780746067000,1fcf1dd61a6eb77a,觉***空,35,15,9,4,"http://sns-webpic-qc.xhscdn.com/202608222343/b4f034a1e872be737d8628c84f4a421b/1040g2sg3212r93u2705g495gogg5j750fuiaai0!nd_dft_wlteh_webp_3,http://sns-webpic-qc.xhscdn.com/202608222343/d9d7856f292af90f72926866cf2c65ac/notes_pre_post/1040g3k03212r9491mu5g495gogg5j75011hu1jg!nd_dft_wlteh_webp_3,http://sns-webpic-qc.xhscdn.com/202608222343/fd41fc8debcd2e8228f04f04dc5e990a/1040g2sg3212r93u27050495gogg5j750rq2l6d8!nd_dft_wlteh_webp_3,http://sns-webpic-qc.xhscdn.com/202608222343/c5dc6458831fa8bfd9bcf4b18888e11b/notes_pre_post/1040g3k03212r9491mu4g495gogg5j750q3ne81g!nd_dft_wlteh_webp_3,http://sns-webpic-qc.xhscdn.com/202608222343/b123b8b37f80a3903ae2d086c35b02f6/notes_pre_post/1040g3k03212r9491mu30495gogg5j750515ob2o!nd_dft_wlteh_webp_3,http://sns-webpic-qc.xhscdn.com/202608222343/4ee274f539c0560caade095ecaf5597c/notes_pre_post/1040g3k03212r9491mu3g495gogg5j750th42tcg!nd_dft_wlteh_webp_3,http://sns-webpic-qc.xhscdn.com/202608222343/a8a176c6fe4397e872ad30071bc6a875/notes_pre_post/1040g3k03212r9491mu40495gogg5j7501fij0ho!nd_dft_wlteh_webp_3,http://sns-webpic-qc.xhscdn.com/202608222343/e43f56015d4b44af038334a06a8ad8e5/notes_pre_post/1040g3k03212r9491mu50495gogg5j750qjriks8!nd_dft_wlteh_webp_3,http://sns-webpic-qc.xhscdn.com/202608222343/35c0a3a3ac608f5afeac058e5f6d9701/notes_pre_post/1040g3k03212r9491mu1g495gogg5j7500uhkhm0!nd_dft_wlteh_webp_3","2026高考加油,高考,失眠,考前焦虑,自我成长,觉察日记,高考祝福",,,1787413420760
68,complete,GK2026D1,2026高考第一天,GK2026D1,2026高考第一天,6a24e3ff000000001702cd69,https://www.xiaohongshu.com/explore/6a24e3ff000000001702cd69,normal,2026年南北方高考送考对比,#2026高考季[话题]# #高考[话题]# #高考送考[话题]##南北差异[话题]#,1780802559000,1780802560000,6a2e094a3f7627f8,老***王,8,2,10,10,http://sns-webpic-qc.xhscdn.com/202608222354/ceef4c1fe65259ebd81d0d9be990f73f/notes_pre_post/1040g3k83213n1tgt7o705n7nc905nmd5b2s5d3g!nd_dft_wlteh_webp_3,"2026高考季,高考,高考送考,南北差异",,,1787414115886
69,complete,GK2026D1,2026高考第一天,GK2026D1,2026高考第一天,6a2502aa0000000035032e2e,https://www.xiaohongshu.com/explore/6a2502aa0000000035032e2e,normal,2026送考现场,"比考生更紧张的人是家长
站在与考生最近的距离等待他们的喜讯
#高考加油[话题]# #金榜题名前程似锦未来可期[话题]#",1780810410000,1780810410000,206da583a5c3ff2b,今***六,5,,,2,"http://sns-webpic-qc.xhscdn.com/202608230006/28aa237134bffc256eeca1e1aad03da1/notes_pre_post/1040g3k03213qns2570005ofnv1lk0nmcc7btcrg!nd_dft_wlteh_webp_3,http://sns-webpic-qc.xhscdn.com/202608230006/b53a433d81f470d8618b551205c3a680/note_pre_post_uhdr/1040g3r03213qo1rn74005ofnv1lk0nmcqj2rn00!nd_dft_wlteh_webp_3","高考加油,金榜题名前程似锦未来可期",,,1787414842212
70,complete,GK2026D1,2026高考第一天,GK2026D1,2026高考第一天,6a24ca4f0000000022019276,https://www.xiaohongshu.com/explore/6a24ca4f0000000022019276,normal,09届东莞市光明中学毕业的刷到来集合,"又是一年高考，17年前的今天，我也曾坐在高考的考场上挥洒着汗水，书写着青春，尽力给自己的小学，初中，高中交出一份满意的答卷，其实当时本来的计划大学是要选择出国留学的，原本是不需要参加高考的，但是我觉得，高考是给过去的自己交一张答卷，是人生一个很有意义的经历，没有参加过高考的人生就不是完美的人生，也希望今年的考生都能取得优异的成绩，考到自己理想的学校，不管是国内的大学还是国外留学，都能心想事成，不要让青春留下遗憾
#照片里的青春[话题]# #高中毕业[话题]# #高中生活[话题]#",1780795983000,1780795983000,0b3ab333800520dc,若*,6,,10,2,http://sns-webpic-qc.xhscdn.com/202608230018/69d71b300c04a2bc5cd592da6a4f5e40/notes_pre_post/1040g3k83213jtvs1n2705okicbeocie2h64a11g!nd_dft_wgth_webp_3,"照片里的青春,高中毕业,高中生活",,,1787415537402
71,complete,GK2026D1,2026高考第一天,GK2026D1,2026高考第一天,6a23f529000000001603c63d,https://www.xiaohongshu.com/explore/6a23f529000000001603c63d,normal,2026高考祝福语大全✨高级不烂大街｜直接复制,"明天高考了，整理了全网超火的高考文案✨
温柔/高级/治愈/小众/短句全部配齐
发朋友圈、发小红书、送同学都可用！
再也不用纠结文案，直接抄作业👇
---
🌷温柔治愈版（最百搭、高共鸣）
标题：致2026高考生｜笔锋所致，皆是坦途
那些伏案刷题的日夜
那些熬到发光的凌晨
那些藏在草稿纸里的执着与坚持
终会在这个盛夏，开花结果🌷
十二年寒窗磨一剑，不必焦虑，不必慌张
你付出的每一份努力，都不会被辜负
愿所有奔赴考场的少年：
落笔从容，答题坦荡
笔锋所致，皆是坦途
旗开得胜，金榜题名✨
高考不是终点，是滚烫人生全新的开篇
愿你合上笔盖的瞬间，有侠客收剑入鞘的骄傲！
---
✨小众高级版（告别烂大街，质感拉满）
标题：追风赶月终有成，平芜尽处是春山
少年自有凌云志，不负韶华不负己
十余载寒窗苦读，日夜深耕
所有的蛰伏与沉淀，都是为了此刻的绽放
不必畏惧未知，只管全力以赴
相信日积月累的力量，终能跨越山海、奔赴荣光
愿2026所有高考生：
以渺小启程，以圆满收官
山水万程，皆有好运，前路浩浩荡荡，万事尽可期待🌿
---
💌闺蜜同学版（适合合照、互相祝福）
标题：我们终将上岸，阳光万里🌊
熬过题海万丈，迎来人间晴朗
一起并肩刷题、一起熬过高三的我们
终于要迎来属于自己的盛夏答卷
愿我们合笔如愿，不负努力，不负青春
从此山高水长，各自奔赴璀璨前程
高考收官，青春不散
祝我的少年们：金榜题名，岁岁无忧，顶峰相见！💫
---
☀️极简短句版（适合配图、朋友圈速发）
标题：盛夏赴考，万事胜意✨
1. 落笔生花，未来可期
2. 全力以赴，终有回甘
3. 不负努力，不负自己
4. 追风赶月，终见山海
5. 高考顺遂，岁岁安然
6. 以笔为剑，不负韶华
---
🔥励志热血版（氛围感拉满）
标题：少年当逐光，落笔赴荣光
日夜兼程，终迎今朝
所有的披星戴月，都是为了今朝绽放
高三所有的疲惫、坚持、不甘与热爱
都会化作考场上的从容与底气
愿每一位高考生，提笔有神，落笔无悔
冲破荆棘，乘风破浪，奔赴属于自己的万丈光芒🌟
#高考[话题]# #2026高考[话题]# #高考祝福[话题]# #高考文案[话题]# #小众高级文案[话题]# #致高考生[话题]# #毕业季[话题]# #高考加油[话题]# #青春文案[话题]#",1780741417000,1780741417000,f383d5ee7105f725,超***丁,87,52,2,11,http://sns-webpic-qc.xhscdn.com/202608230030/31ce786e6e93ab9376d1d36ff352c08f/1040g0083212pqbeune005n1b68s1jfac8pj1ti0!nd_dft_wlteh_webp_3,"高考,2026高考,高考祝福,高考文案,小众高级文案,致高考生,毕业季,高考加油,青春文案",,,1787416262617
72,complete,GK2026D1,2026高考第一天,GK2026D1,2026高考第一天,6a24b7580000000017009dbc,https://www.xiaohongshu.com/explore/6a24b7580000000017009dbc,normal,2026北京高考第一线现场,今天天气非常好，20多度的天气，高考第一天，语文和数学，人大附考场现场，祝福所有的考生沉着应对，题难有难的考法，题简单有简单的严谨把握，只要自己尽力了，就是最最棒的！#高考[话题]#,1780791128000,1780791128000,91c43553e67dc2e3,北***划,45,7,3,3,"http://sns-webpic-qc.xhscdn.com/202608230042/8305d6117af2502c1c3db1836f9d61b8/1040g0083213hj6097u6g5nmbb81085jhptab3t8!nd_dft_wlteh_webp_3,http://sns-webpic-qc.xhscdn.com/202608230042/9cb932bed3a41c0d1af3667bec51bce1/1040g0083213hj6097u505nmbb81085jhi8mq350!nd_dft_wlteh_webp_3,http://sns-webpic-qc.xhscdn.com/202608230042/3e1faeae0c05161fe62d76f27fc92a97/1040g0083213hj6097u2g5nmbb81085jh6md0h30!nd_dft_wlteh_webp_3,http://sns-webpic-qc.xhscdn.com/202608230042/029763856a50f461b6f16d12b2cc68d3/1040g0083213hj6097u305nmbb81085jhcs5h1rg!nd_dft_wlteh_webp_3,http://sns-webpic-qc.xhscdn.com/202608230042/ed3405cc467ab10c75ee0e963f563ea2/1040g0083213hj6097u1g5nmbb81085jhqhbegto!nd_dft_wlteh_webp_3,http://sns-webpic-qc.xhscdn.com/202608230042/040bfc7f56508d8e5a95b5b35a98ccb7/1040g0083213hj6097u3g5nmbb81085jh46e0hvg!nd_dft_wlteh_webp_3,http://sns-webpic-qc.xhscdn.com/202608230042/575bea4eb9d2db25b6635fb81513b9e6/1040g0083213hj6097u205nmbb81085jh5v0t3pg!nd_dft_wlteh_webp_3,http://sns-webpic-qc.xhscdn.com/202608230042/245abf2fe05260b1c1db734de0f94547/1040g0083213hj6097u405nmbb81085jhmhtlo2g!nd_dft_wlteh_webp_3,http://sns-webpic-qc.xhscdn.com/202608230042/0dd82e6ff83a6ba8b21c118d314b6604/1040g0083213hj6097u605nmbb81085jhfjavlro!nd_dft_wlteh_webp_3",高考,,,1787416957864
73,complete,GK2026D1,2026高考第一天,GK2026D1,2026高考第一天,6a23ff9100000000350236c7,https://www.xiaohongshu.com/explore/6a23ff9100000000350236c7,normal,2026高考关键时间线整理✨家长考生必存,"2026届高考生&家长收好这份时间表📅
从考试→出分→政审→填报→录取全流程一目了然
✅6.7-9 正式高考
✅6.10起阅卷，军校/公安陆续政审
✅6.23-24查高考分数
✅6月末军警面试体检、公费师范生签约
✅7月分批录取：提前批→专项→本科批
✅8月专科录取，陆续收通知书开学
重要节点别错过！建议收藏反复查看💯",1780744081000,1780744082000,d686be5f6c5e40a0,上***师,55,21,,12,http://sns-webpic-qc.xhscdn.com/202608230123/5847693555d1a7a98b9238669200dda4/notes_pre_post/1040g3k03212r5mtjms6g5q6i7r18b8b4s5u6mg0!nd_dft_wlteh_webp_3,,,,1787419454186
74,complete,GK2026D1,2026高考第一天,GK2026D1,2026高考第一天,6a241a64000000002103f4b7,https://www.xiaohongshu.com/explore/6a241a64000000002103f4b7,normal,时隔26年，轮到儿子高考了,#2026高考季[话题]# #金榜题名前程似锦未来可期[话题]# 高考加油,1780750948000,1780751003000,3a966fc05b1491f6,智***人,1384,83,417,103,"http://sns-webpic-qc.xhscdn.com/202608230135/37118c425af330f143a7dd1c88fbf956/1040g0083212uclnhnadg5nchhk808v03e1dge50!nd_dft_wlteh_webp_3,http://sns-webpic-qc.xhscdn.com/202608230135/7673cf1406efe28d05bcb666c9f06667/1040g0083212uclnhnad05nchhk808v03kkqqh80!nd_dft_wlteh_webp_3","2026高考季,金榜题名前程似锦未来可期",,,1787420149251
75,complete,GK2026D1,2026高考第一天,GK2026D1,2026高考第一天,6a2543710000000006032a68,https://www.xiaohongshu.com/explore/6a2543710000000006032a68,video,2026高考第一天 考生们从容自信,有序奔赴考场 祝汕尾学子旗开得胜！#2026高考[话题]#  #汕尾考生[话题]#  #直击高考首日[话题]#,1780826993000,1780826993000,46e908caf7f2a9c3,汕***媒,29,4,,4,http://sns-webpic-qc.xhscdn.com/202608230211/b75e4298bb615190e62557fe7b859aab/spectrum/1040g34o32142n8apn40g5q00fh2hiamcgsb3joo!nd_dft_wlteh_webp_3,"2026高考,汕尾考生,直击高考首日",,,1787422296193
76,complete,GK2026D1,2026高考第一天,GK2026D1,2026高考第一天,6a2531b8000000000803f17b,https://www.xiaohongshu.com/explore/6a2531b8000000000803f17b,video,TOP TURBO头铁健身·江宁百家湖店,"今天是高考第一天，祝愿所有考生：
提笔从容，落笔生花，
旗开得胜，金榜题名！
#2026高考季[话题]# #高考祝福[话题]# #高考加油[话题]#
#江宁百家湖[话题]#  #TOPTURBO头铁健身[话题]#",1780822456000,1780822456000,fcb9326cc1b5c6f7,T***）,6,,,,http://sns-webpic-qc.xhscdn.com/202608230222/cbe81443d69896bc95ec910475f5a411/1040g00832140gi757u6g5pi316c1om21g8lsrbg!nd_dft_wlteh_webp_3,"2026高考季,高考祝福,高考加油,江宁百家湖,TOPTURBO头铁健身",,,1787422992108
77,complete,GK2026D1,2026高考第一天,GK2026D1,2026高考第一天,6a255106000000003502c1f0,https://www.xiaohongshu.com/explore/6a255106000000003502c1f0,video,弟弟高考第一天 数学到底有多难？,#高考[话题]###高考数学[话题]##2026高考季[话题]# #高中生[话题]##姐弟[话题]##高考作文[话题]##高考加油[话题]#,1780830470000,1780830471000,aa00077056f4c002,蜡***颖,2.8万,2245,222,103,http://sns-webpic-qc.xhscdn.com/202608230234/1d870fbbc4eda2ba3417d1976d9c6785/1040g00832144alqj6s005ojfoem8cj4s2giem60!nd_dft_wlteh_webp_3,"高考,高考数学,2026高考季,高中生,姐弟,高考作文,高考加油",,,1787423686930
78,complete,GK2026D1,2026高考第一天,GK2026D1,2026高考第一天,6a24d041000000002202bbf5,https://www.xiaohongshu.com/explore/6a24d041000000002202bbf5,video,2026年6月7日，高考正式拉开帷幕。会宁一中考点，学子们自信入场。会宁县3137名考生以笔为剑，征战考场。愿大家超常发挥，得偿所愿！#高考第一天[话题]##2026高考[话题]##高考加油[话题]##会宁高考[话题]#,2026年6月7日，高考正式拉开帷幕。会宁一中考点，学子们自信入场。会宁县3137名考生以笔为剑，征战考场。愿大家超常发挥，得偿所愿！#高考第一天[话题]##2026高考[话题]##高考加油[话题]##会宁高考[话题]#,1780797505000,1780797506000,99f633873df20216,会***布,5,,,1,http://sns-webpic-qc.xhscdn.com/202608230445/4b127c68e2c2df8562e9d442225074aa/1040g0083213kksfomu605pt358k2nl82m56p9po!nd_dft_wlteh_webp_3,"高考第一天,2026高考,高考加油,会宁高考",,,1787431541607
79,complete,GK2026D1,2026高考第一天,GK2026D1,2026高考第一天,6a26a26c000000000702fe10,https://www.xiaohongshu.com/explore/6a26a26c000000000702fe10,normal,2026新高考I卷数学｜Codex GPT-5.5 5分钟,2026新高考I卷数学｜Codex GPT-5.5 5分钟 作答结果##新高考一卷[话题]# #高考[话题]# #数学[话题]# #高中数学[话题]#,1780916844000,1780916844000,e57c07fb7f318eb3,a***s,24,15,8,7,"http://sns-webpic-qc.xhscdn.com/202608230723/8c10d29d1a9397dd707111a9775f83b9/spectrum/1040g0k03215dgb8an41g5oupv46pi16cr3oov18!nd_dft_wlteh_webp_3,http://sns-webpic-qc.xhscdn.com/202608230723/cd3db9ea1d904fb1af9fde73678f8dff/spectrum/1040g0k03215dgb8an4205oupv46pi16covq89qo!nd_dft_wlteh_webp_3,http://sns-webpic-qc.xhscdn.com/202608230723/a5435dc01e724b5cbc9407779a2df059/spectrum/1040g0k03215dgb8an42g5oupv46pi16cu9753s8!nd_dft_wlteh_webp_3,http://sns-webpic-qc.xhscdn.com/202608230723/c1a9c9cb51c842d2506ab90b59a64497/spectrum/1040g0k03215dgb8an4305oupv46pi16c25sa25o!nd_dft_wlteh_webp_3,http://sns-webpic-qc.xhscdn.com/202608230723/732057c11087d22bd6cfd9425ba1ddd7/spectrum/1040g0k03215dgb8an43g5oupv46pi16cuggfvpg!nd_dft_wlteh_webp_3,http://sns-webpic-qc.xhscdn.com/202608230723/34af73b18f6d698f5932a5ff82428d4f/spectrum/1040g0k03215dgb8an4405oupv46pi16c469792o!nd_dft_wlteh_webp_3,http://sns-webpic-qc.xhscdn.com/202608230723/45f5981d7bade7accfa2bd5ffd4b2ce2/spectrum/1040g0k03215dgb8an44g5oupv46pi16crij6098!nd_dft_wlteh_webp_3,http://sns-webpic-qc.xhscdn.com/202608230723/e3b0efc7f958df7631f8a52296ed1db0/spectrum/1040g0k03215dgb8an4505oupv46pi16cpuljopg!nd_dft_wlteh_webp_3,http://sns-webpic-qc.xhscdn.com/202608230723/ae8a3ad7a4110a3922f52b7ed84e353a/spectrum/1040g0k03215dgb8an45g5oupv46pi16clqdf4v0!nd_dft_wlteh_webp_3,http://sns-webpic-qc.xhscdn.com/202608230723/be753c4713dd0d9032cda2f67ccae0c5/spectrum/1040g0k03215dgb8an4605oupv46pi16cu8in2m8!nd_dft_wlteh_webp_3,http://sns-webpic-qc.xhscdn.com/202608230723/65975af296ce36ab2dbad987d3895cea/spectrum/1040g0k03215dgb8an46g5oupv46pi16cnbvdnh8!nd_dft_wlteh_webp_3,http://sns-webpic-qc.xhscdn.com/202608230723/a4499409423fce1458c2316da251267f/spectrum/1040g0k03215dgb8an4705oupv46pi16cd94h8a0!nd_dft_wlteh_webp_3,http://sns-webpic-qc.xhscdn.com/202608230723/57c9f50e24a8b04673453208b67e87b8/spectrum/1040g0k03215dgb8an47g5oupv46pi16ccpkp09g!nd_dft_wlteh_webp_3","新高考一卷,高考,数学,高中数学",,,1787441039894
80,complete,GK2026D1,2026高考第一天,GK2026D1,2026高考第一天,6a25069d0000000016025caa,https://www.xiaohongshu.com/explore/6a25069d0000000016025caa,video,2026沈阳高考第一天，风调雨顺赴考场！,#好视频扶持计划[话题]# #2026高考季[话题]# #高考首日[话题]# #现场直击[话题]# #祝福[话题]# 2026沈阳高考第一天，风调雨顺赴考场，今朝必定耀锋芒！浑南五中考点直击，现场井然有序，考生们神态轻松，看来心里都有底！,1780811421000,1780811422000,4fd63d2b862a6724,忠***下,2,,4,,http://sns-webpic-qc.xhscdn.com/202608230735/802c66a7db3782e7a803105f5ce29e31/1040g0083213r7oba7o605nvs0geg881bj380odo!nd_dft_wgth_webp_3,"好视频扶持计划,2026高考季,高考首日,现场直击,祝福",,,1787441734596
81,complete,GK2026D1,2026高考第一天,GK2026D1,2026高考第一天,6a24f732000000001603c7c2,https://www.xiaohongshu.com/explore/6a24f732000000001603c7c2,normal,打卡高考第一天，11点40分市一中门口,11:40左右经过常州市第一中学门口， 上午考试 11:30结束，还是有一些家长陆陆续续在接学生，一路过去还能听到学生在跟父母交流考试的情况，我觉得整个氛围，就是严肃当中带着一些轻松的那种状态，感觉是努力快要得到收获。祝所有考生高考顺利，一举高中！,1780807474000,1780807573000,67e7daac3d6f5adf,夏***后,8,,,,"http://sns-webpic-qc.xhscdn.com/202608231257/0eac779e453a1336f82e6c62a000121a/1040g2sg3213ii9li7kkg49llifqo06catisg1jo!nd_dft_wlteh_webp_3,http://sns-webpic-qc.xhscdn.com/202608231257/2ce2d1ab749213b5b99ae5ecce327334/1040g0083213ii9li7k0049llifqo06ca6ancuv0!nd_dft_wlteh_webp_3,http://sns-webpic-qc.xhscdn.com/202608231257/a649034d2f8b611308b28491c8e1730b/1040g0083213ii9li7k0g49llifqo06ca8grglg8!nd_dft_wlteh_webp_3,http://sns-webpic-qc.xhscdn.com/202608231257/2595deda266e4fdee1d88b33355b163b/1040g0083213ii9li7k1049llifqo06cafri2mqo!nd_dft_wlteh_webp_3,http://sns-webpic-qc.xhscdn.com/202608231257/89ba27ee1e540e06447d899c167a523c/1040g0083213ii9li7k1g49llifqo06ca02fne80!nd_dft_wlteh_webp_3,http://sns-webpic-qc.xhscdn.com/202608231257/0e7a92bc168234423308aa87407cc852/1040g0083213ii9li7k2049llifqo06caltjvto0!nd_dft_wlteh_webp_3,http://sns-webpic-qc.xhscdn.com/202608231257/ec5e2b8f2c2b4a81f6e7ca854481e0d5/1040g0083213ii9li7k2g49llifqo06caoitim8g!nd_dft_wlteh_webp_3,http://sns-webpic-qc.xhscdn.com/202608231257/e06737d69182fb8a459da1ac729ac326/1040g0083213ii9li7k3049llifqo06cad5k2suo!nd_dft_wlteh_webp_3",,,,1787461052417
82,complete,GK2026D1,2026高考第一天,GK2026D1,2026高考第一天,6a2637890000000006022df4,https://www.xiaohongshu.com/explore/6a2637890000000006022df4,video,文科科目和理科科目，考试居然如此不同,#高考[话题]# #期末考试[话题]# #文科生[话题]# #理科生[话题]# #监控下的一幕[话题]#,1780905619000,1780889481000,4db9a694c14069d7,荆***中,717,131,4,14,http://sns-webpic-qc.xhscdn.com/202608231259/c36f790e45db79a19975694775268795/spectrum/1040g0k032150fv4h72005phm45l1orpfmr8vp0g!nd_dft_wlteh_webp_3,"高考,期末考试,文科生,理科生,监控下的一幕",,,1787461213961
83,complete,GK2026D1,2026高考第一天,GK2026D1,2026高考第一天,6a250a85000000003501db44,https://www.xiaohongshu.com/explore/6a250a85000000003501db44,video,2026高考第一天,祝所有学子们，提笔从容，合笔如愿！#高考加油[话题]# #高考旗开得胜[话题]# #金榜题名[话题]# #学校门口[话题]#,1780812421000,1780812421000,6af665f096738af9,飞*,2,,,,http://sns-webpic-qc.xhscdn.com/202608231305/e4411dae78cc46d944b6d26db2fa444e/spectrum/1040g0k03213rnmpen4005npk0p1g979jcvco27g!nd_dft_wlteh_webp_3,"高考加油,高考旗开得胜,金榜题名,学校门口",,,1787461567108
84,complete,GK2026D1,2026高考第一天,GK2026D1,2026高考第一天,6a2559440000000006033007,https://www.xiaohongshu.com/explore/6a2559440000000006033007,normal,高考一切顺利,家里人都在等我老妹出来，非常非常重视了，希望我老妹高考顺利#高考[话题]#,1780832580000,1780841183000,28606523e6393bc5,宝***）,41,1,2,,"http://sns-webpic-qc.xhscdn.com/202608231311/f1e068338412255df8b06881e12b05d9/notes_pre_post/1040g3k832149einfne005omh30r3hkvntrd2j3o!nd_dft_wlteh_webp_3,http://sns-webpic-qc.xhscdn.com/202608231311/c4c92ecf6776767304126343ce6e8493/notes_uhdr/1040g3qg32145b9qqne005omh30r3hkvnvlurns0!nd_dft_wlteh_webp_3,http://sns-webpic-qc.xhscdn.com/202608231311/c92f329a35a32bbbed6674a4fe784789/notes_uhdr/1040g3qg32145b9qqne0g5omh30r3hkvn2m1ko4o!nd_dft_wlteh_webp_3,http://sns-webpic-qc.xhscdn.com/202608231311/3f4187935188809a38eec478eac7be38/notes_uhdr/1040g3qg32145b9qqne105omh30r3hkvn7tkr3do!nd_dft_wlteh_webp_3",高考,,,1787461917112
85,complete,GK2026D1,2026高考第一天,GK2026D1,2026高考第一天,6a23dbc80000000035022982,https://www.xiaohongshu.com/explore/6a23dbc80000000035022982,normal,高考前一天看考场,"2026.6.6星期六，六六大顺的日子
看考场。
期待一切顺顺利利[太阳R]
	
#高考[话题]#",1780734920000,1780734920000,8da5d87f055801eb,静***开,9,2,6,1,"http://sns-webpic-qc.xhscdn.com/202608231322/5cfbaecbd62179b297996658d36de6e5/1040g0083212moojgn06g5q6qjftdp6t0o6bnc50!nd_dft_wlteh_webp_3,http://sns-webpic-qc.xhscdn.com/202608231322/024b783786672b8354f2677378ae1974/1040g0083212moojgn0605q6qjftdp6t0e1ltalo!nd_dft_wlteh_webp_3",高考,,,1787462567021
86,complete,GK2026D1,2026高考第一天,GK2026D1,2026高考第一天,6a2534890000000007021a71,https://www.xiaohongshu.com/explore/6a2534890000000007021a71,normal,2026年6月7日浙江省高考现场目击,"6月7日姜山中学考点直击：高考第一天，是考场，更是整个城市的温柔
6月7日清晨，宁波鄞州姜山中学门口，红底黄字的横幅一挂起来，空气里就多了点不一样的味道。浙江省普通高校招生统一考试姜山中学考点，这几个字像一块定心石，也像一把信号枪，把全城的目光都聚在了这里。
天还带着清晨的凉，考点外就已经围满了人。家长们大多穿着素净的衣服，手里攥着矿泉水和纸巾，没怎么说话，只是安静地站在警戒线外，目光跟着考生的背影挪。穿校服的孩子大多低着头快步走，也有几个回头冲爸妈挥挥手，笑着喊“放心吧”，声音里藏着藏不住的紧张和期待。
考点旁的树影里，几位妈妈凑在一起，没聊分数，只说昨晚给孩子煮了碗面条，没敢放太多调料，就怕吃坏肚子。有位爸爸手里攥着相机，却没敢对着孩子拍，只偷偷对着考点的牌子按了两下快门，说想给孩子留个纪念，又怕给她添压力。
8点半一过，考生们陆续进了考场，考点外的人没散，只是更安静了。有人靠着树站着，有人在路边的台阶上坐着，手机屏幕亮着，却没怎么刷消息，只是等着。风一吹，树叶沙沙响，远处的天慢慢亮开，像极了这些年，孩子们一步一步熬过来的日子。
高考不是一个人的战斗，是整个城市在悄悄为他们让路。姜山中学门口这一方小小的天地，藏着家长的牵挂、老师的期盼，也藏着普通人最朴素的温柔。愿所有考生，提笔从容，合笔如愿，不负自己，不负这一路的星光。#镇海中学[话题]# #宁波高中[话题]# #宁波升学[话题]# #宁波中考[话题]# #效实中学[话题]# #宁波遛娃[话题]# #宁波初中[话题]# #宁波高考[话题]#",1780823177000,1780823177000,a21b6c4c525222ef,宁***哥,24,2,2,2,"http://sns-webpic-qc.xhscdn.com/202608231328/1f54c991132db37522e8392d9b0a097a/notes_uhdr/1040g3qg32140su74no005o4n9b2gbru4op7s890!nd_dft_wlteh_webp_3,http://sns-webpic-qc.xhscdn.com/202608231328/359ccc65c4a6f14748721ea67669df3a/notes_uhdr/1040g3qg32140su74no0g5o4n9b2gbru4qiij9b8!nd_dft_wlteh_webp_3,http://sns-webpic-qc.xhscdn.com/202608231328/b9bd253f510c15d1e3e34f233e03a916/notes_uhdr/1040g3qg32140su74no105o4n9b2gbru4ko58c0g!nd_dft_wlteh_webp_3","镇海中学,宁波高中,宁波升学,宁波中考,效实中学,宁波遛娃,宁波初中,宁波高考",,,1787462932860
87,complete,GK2026D1,2026高考第一天,GK2026D1,2026高考第一天,6a23b3300000000022029965,https://www.xiaohongshu.com/explore/6a23b3300000000022029965,video,万人送考太震撼了！,#高考[话题]# #万人送考[话题]##长赤中学[话题]# #高考加油[话题]# #娱乐评论大赏[话题]# #万万没想到[话题]#,1780724528000,1780724528000,f209bd09a7e81b82,莎***）,6.2万,3708,1054,1441,http://sns-webpic-qc.xhscdn.com/202608231334/44581abd89a24ad1f7365b316320f42c/1040g0083212hqrdh74005nu9pb309ebf0k103e0!nd_dft_wlteh_webp_3,"高考,万人送考,长赤中学,高考加油,娱乐评论大赏,万万没想到",,,1787463283467
88,complete,GK2026D1,2026高考第一天,GK2026D1,2026高考第一天,6a24bb6d000000002100914c,https://www.xiaohongshu.com/explore/6a24bb6d000000002100914c,normal,80余名港澳学生在珠海参加高考,"2026高考于今日开考，珠海共有15,743人报考，包含80余名港澳考生，全市设9个考点共547个常规考场及18个备用考场，供考生一连3天应考。据规定，持有香港或澳门居民身份证，同时持有港澳居民回乡证，并在广东高中阶段学校实际就读的香港、澳门学生，可在广东就读城市报名参加高考，珠海有80余名符合条件的港澳学生，均为在珠海高中阶段学校就读的高三学生，将在珠海与当地考生同场应考，并遵守完全相同的考试规则。#高考[话题]# #香港[话题]# #澳门[话题]#",1780792173000,1780792174000,1d1c603abe116620,小***淑,4,2,4,3,http://sns-webpic-qc.xhscdn.com/202608231402/4e39c272b1d9d360b69bbc7a30316139/1040g0083213escvtne005qc6tt0ocoe27md9pv8!nd_dft_wgth_webp_3,"高考,香港,澳门",,,1787464961443
89,complete,GK2026D1,2026高考第一天,GK2026D1,2026高考第一天,6a2515340000000035039eb1,https://www.xiaohongshu.com/explore/6a2515340000000035039eb1,video,"2026年高考第一天，龙岩1.8万考生来接收好运，高考加油 ，高考必胜！
龙媒体记者：修凯 林丹霓 连灼森  林慧 刘含曦 廖昶承 陈诗羽 范江婷 俞可欣（见习）
#龙岩#2026高考#2026高考加油#2026高考季[话题]##全小红书为高考加油[话题]#
编辑：俞可欣（见习）  审核：刘玉荣 李威@人文薯 @校园薯","2026年高考第一天，龙岩1.8万考生来接收好运，高考加油 ，高考必胜！
龙媒体记者：修凯 林丹霓 连灼森  林慧 刘含曦 廖昶承 陈诗羽 范江婷 俞可欣（见习）
#龙岩#2026高考#2026高考加油#2026高考季[话题]##全小红书为高考加油[话题]#
编辑：俞可欣（见习）  审核：刘玉荣 李威@人文薯 @校园薯",1780815156000,1780839208000,43715aa7e2e88c8a,龙***心,10,4,,1,http://sns-webpic-qc.xhscdn.com/202608231408/d05e886bca550f346c8d4e1407afe1cb/spectrum/1040g34o3213sttbg6u105ovaqm3puhde5u3dmvo!nd_dft_wlteh_webp_3,"2026高考季,全小红书为高考加油",,,1787465311115
90,complete,GK2026D1,2026高考第一天,GK2026D1,2026高考第一天,6a267ce3000000001c027785,https://www.xiaohongshu.com/explore/6a267ce3000000001c027785,normal,高考结束去看演唱会，相机存储攻略分享,"高考收官，第一件事就是和朋友奔赴心心念念的演唱会啦��
现场氛围超燃，忍不住举着相机不停抓拍、录视频。现场光线复杂、连拍+长时间录制，对存储卡要求特别高，普通卡很容易卡顿、断录。
	
推荐金士顿大蓝卡，专业高速规格，读写稳定，相机连拍不延迟，4K录像全程流畅，就算整场演出不间断拍摄，也不用担心素材损坏或丢失。
	
容量充足，一整场演唱会的美图、视频都能稳稳存下。终于卸下备考压力，尽情享受现场快乐，用镜头定格每一个精彩瞬间，有靠谱内存卡加持，拍照录像全程安心～
﻿#金士顿内存卡[话题]#﻿ ﻿#相机内存卡[话题]#﻿ ﻿#相机内存卡推荐[话题]#﻿ ﻿#相机配件[话题]#﻿ ﻿#sd卡[话题]#﻿ ﻿#SD存储卡[话题]#﻿ ﻿#演唱会相机[话题]#﻿",1780907235000,1780907236000,1b79b4f76c808ebb,金***顿,6,2,,,"http://sns-webpic-qc.xhscdn.com/202608231414/f2304b2163b354cded17cb066c853eba/spectrum/1040g0k032158tid67200470saip5o01tp405gj0!nd_dft_wlteh_webp_3,http://sns-webpic-qc.xhscdn.com/202608231414/625a000534918188df9659e34bc9fe8f/spectrum/1040g0k032158ukcdn000470saip5o01t1767deg!nd_dft_wlteh_webp_3,http://sns-webpic-qc.xhscdn.com/202608231414/65f91e5bed9741abac2f4f8408a6bf18/spectrum/1040g34o32158unbums10470saip5o01toptm9c8!nd_dft_wlteh_webp_3,http://sns-webpic-qc.xhscdn.com/202608231414/a65a2935cec6ea1408c0bcb122667015/spectrum/1040g0k032158ukcdn010470saip5o01tgrs9e68!nd_dft_wlteh_webp_3,http://sns-webpic-qc.xhscdn.com/202608231414/31bd869a1755e79ecd715fcc78e75519/spectrum/1040g0k032158ukcdn00g470saip5o01ta04si80!nd_dft_wlteh_webp_3","金士顿内存卡,相机内存卡,相机内存卡推荐,相机配件,sd卡,SD存储卡,演唱会相机",,,1787465660126
91,complete,GK2026D1,2026高考第一天,GK2026D1,2026高考第一天,6a2568ea0000000015024b57,https://www.xiaohongshu.com/explore/6a2568ea0000000015024b57,normal,南通中学📍考场外的守候,"高考首日
南通中学考场外
烈日下的守望，无声的陪伴
愿所有努力都开花结果！
	
Shot on 𝙃𝙐𝘼𝙒𝙀𝙄 𝙋𝙪𝙧𝙖90 𝙋𝙧𝙤 𝙈𝙖𝙭
	
#小红书影像激励计划[话题]# #一分钟摄影故事[话题]# #华为Pura90[话题]# #PuraTrip[话题]# #手机摄影[话题]# #南通[话题]# #高考祝福[话题]# #高考[话题]# #南通中学[话题]# #2026高考季[话题]# #2026高考加油[话题]# #学生[话题]# #考试[话题]# #热门[话题]# @热点薯",1780836586000,1780840512000,11844b568f191db3,N***📷,121,21,21,14,"http://sns-webpic-qc.xhscdn.com/202608231424/06be6b7331f41eaef1f9bb33c3370a4d/notes_pre_post/1040g3k8321474l3v7oi05n8a0pdk82aude7jmsg!nd_dft_wlteh_webp_3,http://sns-webpic-qc.xhscdn.com/202608231424/d1a623a845243569f4756681b7f18970/notes_pre_post/1040g3k8321474l3v7oig5n8a0pdk82au30glo90!nd_dft_wlteh_webp_3,http://sns-webpic-qc.xhscdn.com/202608231424/1013a843d336f5e6986afed93330d54d/notes_pre_post/1040g3k8321474l3v7oj05n8a0pdk82auttcclu8!nd_dft_wlteh_webp_3,http://sns-webpic-qc.xhscdn.com/202608231424/3de3fa180f82d72d6424b86cadbdea12/notes_pre_post/1040g3k8321474l3v7ojg5n8a0pdk82augktb028!nd_dft_wlteh_webp_3,http://sns-webpic-qc.xhscdn.com/202608231424/3fa6f08952b4e69ae6bb432176863041/notes_pre_post/1040g3k8321474l3v7ok05n8a0pdk82auo845r0g!nd_dft_wgth_webp_3,http://sns-webpic-qc.xhscdn.com/202608231424/5cd607f65a1385d70181554ac159f75a/notes_pre_post/1040g3k8321474l3v7okg5n8a0pdk82aua9qdrb8!nd_dft_wgth_webp_3,http://sns-webpic-qc.xhscdn.com/202608231424/9369bd8ffd7dc65531cfaf01882173d9/notes_pre_post/1040g3k8321479c017e705n8a0pdk82au65q7uag!nd_dft_wgth_webp_3,http://sns-webpic-qc.xhscdn.com/202608231424/4c323deb70882f9f18f18f5b64f0d2ec/notes_pre_post/1040g3k8321479c017e7g5n8a0pdk82auhs5f31o!nd_dft_wgth_webp_3","小红书影像激励计划,一分钟摄影故事,华为Pura90,PuraTrip,手机摄影,南通,高考祝福,高考,南通中学,2026高考季,2026高考加油,学生,考试,热门",,,1787466309278
92,complete,GK2026D1,2026高考第一天,GK2026D1,2026高考第一天,6a24e14800000000160255d2,https://www.xiaohongshu.com/explore/6a24e14800000000160255d2,video,头顶高“粽”定能高中！高考前满满仪式感,#2026高考[话题]# #高考[话题]# #佛山石门中学[话题]# #石门中学[话题]# #高粽[话题]# #高考祝福[话题]# #热点[话题]# #高考加油[话题]#,1780801864000,1780802533000,4cc02a478341ddf1,南***报,99,15,1,29,http://sns-webpic-qc.xhscdn.com/202608231431/a8ec329551813c85f1b5ab0535355316/spectrum/1040g0k03213mk1qon2005oga2cg40k7v36ehevo!nd_dft_wlteh_webp_3,"2026高考,高考,佛山石门中学,石门中学,高粽,高考祝福,热点,高考加油",,,1787466704410
93,complete,GK2026D1,2026高考第一天,GK2026D1,2026高考第一天,6a268faa00000000150244db,https://www.xiaohongshu.com/explore/6a268faa00000000150244db,video,提前交卷，人大附中第一个走出考场的学生，他的心境如此通透#人大附中[话题]# #考生采访[话题]# #现场实拍[话题]# #高考那些事[话题]#,提前交卷，人大附中第一个走出考场的学生，他的心境如此通透#人大附中[话题]# #考生采访[话题]# #现场实拍[话题]# #高考那些事[话题]#,1780912042000,1780912042000,af47b625ee81e2f4,李***俊,9116,1028,293,593,http://sns-webpic-qc.xhscdn.com/202608231437/fb95170a4ab00f339360be4a67950f60/1040g2sg3215b6c5a7u005o9vtt2gkkcpqa9hdc0!nd_dft_wlteh_webp_3,"人大附中,考生采访,现场实拍,高考那些事",,,1787467053427
94,complete,GK2026D1,2026高考第一天,GK2026D1,2026高考第一天,6a2400f80000000021023d53,https://www.xiaohongshu.com/explore/6a2400f80000000021023d53,normal,学长学长，学弟学妹们已经尽力了,"北京市某中学高考考点教室，学弟学妹们整理教室已经尽力保证高考环境了。
高三学长们，高考加油！
#高考[话题]# #高考季[话题]##高考加油[话题]#",1780744441000,1780744441000,ac0fb5a90ad19792,孟***),13,1,4,2,http://sns-webpic-qc.xhscdn.com/202608231455/eaf22dec79e011925bf1b99bcb15a8cb/1040g0083212r8s3mnk6g5pk8p103uqkg9v1os0o!nd_dft_wgth_webp_3,"高考,高考季,高考加油",,,1787468135514
95,complete,GK2026D1,2026高考第一天,GK2026D1,2026高考第一天,6a254373000000001702e504,https://www.xiaohongshu.com/explore/6a254373000000001702e504,normal,追光的人，终会光芒万丈。🌻高考加油,#高考花束[话题]# #追光的人终会光芒万丈[话题]# #学业有成前程似锦[话题]# #愿你努力追寻生活中的光亮[话题]# #金榜题名前程似锦未来可期[话题]# #高考不是结束而是新的开始[话题]# #高考加油[话题]# #祝大家前程似锦[话题]# #阳光万里我们终将上岸[话题]# #愿你全力以赴不留遗憾[话题]#,1780826995000,1780826995000,ee3797a8a7495b94,你***🐷,214,65,1,39,"http://sns-webpic-qc.xhscdn.com/202608231501/c0967e7b1bc28883c0b7a524a405ea53/notes_pre_post/1040g3k032142mh6i7a6g5qett6lsjqebfk3i5e8!nd_dft_wlteh_webp_3,http://sns-webpic-qc.xhscdn.com/202608231501/9f18ca1b816d58c2f95f123a2519be99/notes_pre_post/1040g3k832142mh9knocg5qett6lsjqebtmp9u78!nd_dft_wgth_webp_3,http://sns-webpic-qc.xhscdn.com/202608231501/aff1612711a7b9ebcb6bf3d524585a24/notes_pre_post/1040g3k832142mh9knod05qett6lsjqeb3rloa50!nd_dft_wlteh_webp_3,http://sns-webpic-qc.xhscdn.com/202608231501/5ea6a2ccb833a16885c19dc2f03b3e23/notes_pre_post/1040g3k832142mh9knoa05qett6lsjqeb2re9im0!nd_dft_wlteh_webp_3,http://sns-webpic-qc.xhscdn.com/202608231501/6b878f69cc2f93dc71883dee27091e65/notes_pre_post/1040g3k832142mh9knoc05qett6lsjqebfev97ao!nd_dft_wlteh_webp_3,http://sns-webpic-qc.xhscdn.com/202608231501/b9b3719692f28c41b8fb62a3a84caaf4/notes_pre_post/1040g3k832142mh9knob05qett6lsjqeb6dp5nbg!nd_dft_wlteh_webp_3,http://sns-webpic-qc.xhscdn.com/202608231501/b047b45e9d9ced27020cb7d11926139b/notes_pre_post/1040g3k832142mh9kno9g5qett6lsjqeb100qamo!nd_dft_wlteh_webp_3,http://sns-webpic-qc.xhscdn.com/202608231501/db84c385a2fdf298d0da943e6007ab02/notes_pre_post/1040g3k832142mh9knobg5qett6lsjqebv7nesno!nd_dft_wlteh_webp_3","高考花束,追光的人终会光芒万丈,学业有成前程似锦,愿你努力追寻生活中的光亮,金榜题名前程似锦未来可期,高考不是结束而是新的开始,高考加油,祝大家前程似锦,阳光万里我们终将上岸,愿你全力以赴不留遗憾",,,1787468500520
96,complete,GK2026D1,2026高考第一天,GK2026D1,2026高考第一天,6a24c1a30000000015027b6c,https://www.xiaohongshu.com/explore/6a24c1a30000000015027b6c,normal,6月7日，高考送考,"考场门口人山人海，多少孩子和家庭走进了命运的分岔口。老师、家长的加油声此起彼伏。祝福所有的考生，当然特别是我家好大儿。
	
好多妈妈穿红旗袍，拿着向日葵。老母亲穿一个耐克全对衫给，拿着钩织向日葵🌻。仪式感总是要有的。
	
自己的高考还在眼前，一转眼已经36年了。当年我发挥得很好，希望这个运气传给他。上帝保佑。
	
#高考祝福[话题]# #高考加油[话题]# #高考[话题]#",1780793763000,1780795005000,f143e7719587a6e3,喵***姐,5,1,5,1,"http://sns-webpic-qc.xhscdn.com/202608231507/a6e50ad69fb6a7f4630225ad19efbd13/notes_uhdr/1040g3qo3213is21ona704bq1ard3fqtfv881bp0!nd_dft_wlteh_webp_3,http://sns-webpic-qc.xhscdn.com/202608231507/73a9aa2e39c3b4a0327fd06ec4120b61/notes_uhdr/1040g3qo3213is21ona7g4bq1ard3fqtfekt3n58!nd_dft_wlteh_webp_3,http://sns-webpic-qc.xhscdn.com/202608231507/14488efa3bc20b71484690ac75bc2d0c/1040g2sg3213htbo4na804bq1ard3fqtfr8sjcf8!nd_dft_wlteh_webp_3,http://sns-webpic-qc.xhscdn.com/202608231507/fb4309c5d22566324d809a0153a87dce/notes_uhdr/1040g3qo3213is21ona804bq1ard3fqtfbflv6g0!nd_dft_wgth_webp_3,http://sns-webpic-qc.xhscdn.com/202608231507/1410e4f93473d11b92bd8651a399a855/notes_uhdr/1040g3qo3213is21ona8g4bq1ard3fqtf6uudqog!nd_dft_wlteh_webp_3,http://sns-webpic-qc.xhscdn.com/202608231507/e261e11752930cbe64614198347f14bc/1040g2sg3213htbo4na8g4bq1ard3fqtfo071e8o!nd_dft_wlteh_webp_3","高考祝福,高考加油,高考",,,1787468849862
