chunk_index,collection_status,event_id,event_name,phase_id,phase_name,note_id,note_url,source_regions,source_keywords,assignment_hash,note_records,comment_records,top_level_comments,reply_comments,pagination_status,resume_action
1,complete,GK2026D1,2026高考第一天,GK2026D1,2026高考第一天,6a23c0c400000000220200cf,https://www.xiaohongshu.com/explore/6a23c0c400000000220200cf,shanghai,K01,075018df41a0376a1b9c063454ec61b4058d4ab836d6e261616ea81912d7105c,1,0,0,0,complete,none
2,complete,GK2026D1,2026高考第一天,GK2026D1,2026高考第一天,6a26157f0000000020038ff4,https://www.xiaohongshu.com/explore/6a26157f0000000020038ff4,shanghai,K01,176edaeb909fc5e549221497edb116fd7c97b6280264e6336843dab0e8239f2d,1,105,65,40,complete,none
3,complete,GK2026D1,2026高考第一天,GK2026D1,2026高考第一天,6a268c6e000000002201af7a,https://www.xiaohongshu.com/explore/6a268c6e000000002201af7a,shanghai,K06,180c1a9d2e1e283bac3a9fd1198660b34a7828bb25acfc4780b09596f5229381,1,51,43,8,complete,none
4,complete,GK2026D1,2026高考第一天,GK2026D1,2026高考第一天,6a2398f0000000001702c2a4,https://www.xiaohongshu.com/explore/6a2398f0000000001702c2a4,shanghai,K01,254fa7d9c51e84975354acf773eef62b662c770005ee56a21cdeac3221bac112,1,0,0,0,complete,none
5,complete,GK2026D1,2026高考第一天,GK2026D1,2026高考第一天,6a25248300000000350207f4,https://www.xiaohongshu.com/explore/6a25248300000000350207f4,shanghai,K06,27b30f1bb95ff576d1e6077aa7c0a3508d7c7898f2cf492c23c51cf74e7ebfd0,1,1582,305,1277,complete,none
6,complete,GK2026D1,2026高考第一天,GK2026D1,2026高考第一天,6a25003a000000001503c8ce,https://www.xiaohongshu.com/explore/6a25003a000000001503c8ce,shanghai,K06,2bddb10c776bcd3f58762a903a44aafd846d5ded6c265a79dbd2156407961778,1,53,36,17,complete,none
7,complete,GK2026D1,2026高考第一天,GK2026D1,2026高考第一天,6a2397e700000000070280e1,https://www.xiaohongshu.com/explore/6a2397e700000000070280e1,shanghai,K06,2c79c738d67159b041d956878ed99b0246773c2f8cac7430376673e51489724e,1,0,0,0,complete,none
8,complete,GK2026D1,2026高考第一天,GK2026D1,2026高考第一天,6a2541b6000000002202f9c3,https://www.xiaohongshu.com/explore/6a2541b6000000002202f9c3,shanghai,K06,3fd506e6d3fdccf703a8ff0689ee1b37efc8304762db7a7c751f41c6a02725ab,1,1,1,0,complete,none
9,complete,GK2026D1,2026高考第一天,GK2026D1,2026高考第一天,6a23cc8e0000000021020a54,https://www.xiaohongshu.com/explore/6a23cc8e0000000021020a54,shanghai,K06,49b88d8a1ee178956df1edfe7e6ace21407f092a669f85a68cfea3ef85c2ae82,1,0,0,0,complete,none
10,complete,GK2026D1,2026高考第一天,GK2026D1,2026高考第一天,6a24ca5a000000001702d07a,https://www.xiaohongshu.com/explore/6a24ca5a000000001702d07a,shanghai,K02,4be24ad4e3e35bbb0d19bb690c0e793ac589717f1637ae62c3f3f74d51b88b52,1,0,0,0,complete,none
11,complete,GK2026D1,2026高考第一天,GK2026D1,2026高考第一天,6a236f51000000002202c100,https://www.xiaohongshu.com/explore/6a236f51000000002202c100,shanghai,K01,4d36cff429a9979d2c67de1d7e029d5326dcfd9b630dbfcf8697a08a4587a538,1,1,1,0,complete,none
12,complete,GK2026D1,2026高考第一天,GK2026D1,2026高考第一天,6a251d38000000001503e78a,https://www.xiaohongshu.com/explore/6a251d38000000001503e78a,shanghai,K02,5be46cf248a77ec380e280e860f515b009a1ea0f5e20dcbfeb4e880ad76730a7,1,198,71,127,complete,none
13,complete,GK2026D1,2026高考第一天,GK2026D1,2026高考第一天,6a2697070000000020038e20,https://www.xiaohongshu.com/explore/6a2697070000000020038e20,shanghai,K02,64acab56799269ad9dab20213d55db9f32efdcd5c98fbb04855e28cb8cba8b46,1,2,2,0,complete,none
14,complete,GK2026D1,2026高考第一天,GK2026D1,2026高考第一天,6a2425a6000000001503c357,https://www.xiaohongshu.com/explore/6a2425a6000000001503c357,shanghai,K02,657658f70dda59bb54e0633cde1f23e86d2cd80fcc97e0dbd0c56985333ae160,1,0,0,0,complete,none
15,complete,GK2026D1,2026高考第一天,GK2026D1,2026高考第一天,6a2392500000000008030077,https://www.xiaohongshu.com/explore/6a2392500000000008030077,shanghai,K01,6911f132166944005b4f938495df2e3e1dabb849fa841bc10f5c7d14e135846d,1,0,0,0,complete,none
16,complete,GK2026D1,2026高考第一天,GK2026D1,2026高考第一天,6a26b710000000001503cf9f,https://www.xiaohongshu.com/explore/6a26b710000000001503cf9f,shanghai,K06,74cac4e5756f7d4f508fda34e1e7ab20e3df4e87deaae918a82cf5b8abc936e7,1,748,309,439,complete,none
17,complete,GK2026D1,2026高考第一天,GK2026D1,2026高考第一天,6a24dd2f000000002200acc3,https://www.xiaohongshu.com/explore/6a24dd2f000000002200acc3,shanghai,K06,9ec50612864abff39e78e3161bc0daa250599b45a8d2bab8cdec6ff0c1218586,1,693,422,271,complete,none
18,complete,GK2026D1,2026高考第一天,GK2026D1,2026高考第一天,6a266bee0000000007020fd3,https://www.xiaohongshu.com/explore/6a266bee0000000007020fd3,shanghai,K06,9edbefa06dd31dfe7f9d51f775408666d0c1a47fd15e85e04340029b88cda72e,1,1834,741,1093,complete,none
19,complete,GK2026D1,2026高考第一天,GK2026D1,2026高考第一天,6a238180000000001c02747f,https://www.xiaohongshu.com/explore/6a238180000000001c02747f,shanghai,K01,a79f225eeb87f50977cf202fafb195a1278fbc9b7352ec88d9906a6d070a1441,1,2,2,0,complete,none
20,complete,GK2026D1,2026高考第一天,GK2026D1,2026高考第一天,6a254826000000001503e716,https://www.xiaohongshu.com/explore/6a254826000000001503e716,shanghai,K01,a7a128efa80c8f5a19ddd10747d8aa688a6d8146ca8697af2fd48eff7926fd93,1,1,1,0,complete,none
21,complete,GK2026D1,2026高考第一天,GK2026D1,2026高考第一天,6a24fd170000000035031caf,https://www.xiaohongshu.com/explore/6a24fd170000000035031caf,shanghai,K06,ac156a901c494dde3ea2b356d86f776d1e770ae9a8d2dbb0ad613449695d3a73,1,622,403,219,complete,none
22,complete,GK2026D1,2026高考第一天,GK2026D1,2026高考第一天,6a2428990000000006021c7f,https://www.xiaohongshu.com/explore/6a2428990000000006021c7f,shanghai,K06,b2b703f9f14a88ad54426bba78a6bf931371037b3d8e868f749c05c3a6a3f820,1,700,202,498,complete,none
23,complete,GK2026D1,2026高考第一天,GK2026D1,2026高考第一天,6a24e6d40000000006031168,https://www.xiaohongshu.com/explore/6a24e6d40000000006031168,shanghai,K06,c1e0f5f451c1702d9cee79f79a1392d2c3a16be9632e06ff14dee99d98228a9f,1,1467,876,591,complete,none
24,complete,GK2026D1,2026高考第一天,GK2026D1,2026高考第一天,6a26481a0000000035028a46,https://www.xiaohongshu.com/explore/6a26481a0000000035028a46,shanghai,K05,c2e7eb30c1a0cc84320eb64bbd0646b5e069944f4dfb5dded0fa8e7c7fb650fe,1,2,1,1,complete,none
25,complete,GK2026D1,2026高考第一天,GK2026D1,2026高考第一天,6a24ae8a000000002202c306,https://www.xiaohongshu.com/explore/6a24ae8a000000002202c306,shanghai,K02,c4640f090b2ed83176d52424eabce6b64fcb10beab236eae3c407b1ece588bcb,1,1,1,0,complete,none
26,complete,GK2026D1,2026高考第一天,GK2026D1,2026高考第一天,6a23fafd00000000070108d5,https://www.xiaohongshu.com/explore/6a23fafd00000000070108d5,shanghai,K06,c6fd369c16a966a3b699bba34b297cda80dc89c325b42db1a21d176137085be8,1,10,8,2,complete,none
27,complete,GK2026D1,2026高考第一天,GK2026D1,2026高考第一天,6a244b0a0000000007020ade,https://www.xiaohongshu.com/explore/6a244b0a0000000007020ade,shanghai,K06,cd2bd460a671370a174f996f6e9ea30c15d5774898f0ab06f148a3f7b7cd26bc,1,0,0,0,complete,none
28,complete,GK2026D1,2026高考第一天,GK2026D1,2026高考第一天,6a254e57000000001503cac9,https://www.xiaohongshu.com/explore/6a254e57000000001503cac9,shanghai,K02,d8b9808ab1efa80bdd70d0408373fbc1a5bea147f2dc9c28d41a2ea723670acc,1,0,0,0,complete,none
29,complete,GK2026D1,2026高考第一天,GK2026D1,2026高考第一天,6a262c5c0000000036003f49,https://www.xiaohongshu.com/explore/6a262c5c0000000036003f49,shanghai,K04,dca8e027e3ab893fba2545908a6683bd56acc74d4797bc0432747b4870463f05,1,1,1,0,complete,none
30,complete,GK2026D1,2026高考第一天,GK2026D1,2026高考第一天,6a254364000000001700a83c,https://www.xiaohongshu.com/explore/6a254364000000001700a83c,shanghai,K06,de7a7166f0e896191490a164cf1c27235684f37525fc4cb591c94b2f7018c2de,1,0,0,0,complete,none
31,complete,GK2026D1,2026高考第一天,GK2026D1,2026高考第一天,6a24c5de000000002202a2e5,https://www.xiaohongshu.com/explore/6a24c5de000000002202a2e5,shanghai,K04,e110253f40cf8a65bc71a7656d61237907674a4acd337497943bb02e72b88374,1,1,1,0,complete,none
32,complete,GK2026D1,2026高考第一天,GK2026D1,2026高考第一天,6a260f2400000000070217bc,https://www.xiaohongshu.com/explore/6a260f2400000000070217bc,shanghai,K06,e680cc9adbc40943c0d0a6131019d3a1da829f2bc105483a935168cb4977e39d,1,75,24,51,complete,none
33,complete,GK2026D1,2026高考第一天,GK2026D1,2026高考第一天,6a2425330000000017009ee5,https://www.xiaohongshu.com/explore/6a2425330000000017009ee5,shanghai,K03,f840cc5a88557a96a8ee557b4a17451e6387669337cdbd8ef355c5cca38e00fe,1,0,0,0,complete,none
34,complete,GK2026D1,2026高考第一天,GK2026D1,2026高考第一天,6a269be6000000000702a54c,https://www.xiaohongshu.com/explore/6a269be6000000000702a54c,shanghai,K06,fab0767507039ff3e33c67826107f05a97debc080773289a5a658a4812f742eb,1,10,8,2,complete,none
35,complete,GK2026D1,2026高考第一天,GK2026D1,2026高考第一天,6a24dce300000000220218dc,https://www.xiaohongshu.com/explore/6a24dce300000000220218dc,shanghai,K06,ff725491839b732aa3ee4cf6edb8db4c73f3a3e27e61b0eff1a65287c6da2246,1,14,10,4,complete,none
