event_id,phase_id,note_id,source_keyword,final_status
F001,F001,66374b37000000001e038d7f,F001,content_collected
F001,F001,67f73bfb000000000d017ca1,F001,content_collected
F001,F001,682b619100000000200289de,F001,content_collected
F001,F001,682cbffe000000002300e7ea,F001,content_collected
F001,F001,688ed57d000000002501e45b,F001,content_collected
F001,F001,68984cd9000000000400220c,F001,content_collected
F001,F001,689932dd0000000023018299,F001,content_collected
F001,F001,689c6fe0000000001d038484,F001,content_collected
F001,F001,689d97c7000000001d00ebbf,F001,content_collected
F001,F001,68bb2dd3000000001d00d801,F001,content_collected
F001,F001,68cd8580000000001301904f,F001,content_collected
F001,F001,68e3d949000000000302ca81,F001,content_collected
F001,F001,68e78918000000000301115e,F001,content_collected
F001,F001,68ec33ee000000000400408b,F001,content_collected
F001,F001,692ebab1000000001b02480c,F001,content_collected
F001,F001,693ffe85000000001e00899e,F001,content_collected
F001,F001,69899d3a000000001a023b1c,F001,content_collected
F001,F001,69a85405000000001a02e9ad,F001,content_collected
F001,F001,69ad8361000000001a02768e,F001,content_collected
F001,F001,69c4fbc8000000001f003cb3,F001,content_collected
F001,F001,69c53d460000000028009570,F001,content_collected
F001,F001,69d0cdc0000000002003b4eb,F001,content_collected
F001,F001,69d736ec0000000022025318,F001,content_collected
F001,F001,69dbc1ca000000001a032465,F001,content_collected
F001,F001,69dde75b0000000023012efe,F001,content_collected
F001,F001,69eaf49c0000000020000802,F001,content_collected
F001,F001,69edf67d00000000380202f8,F001,content_collected
F001,F001,69fc5b490000000022028ef9,F001,content_collected
F001,F001,6a058e25000000000702614a,F001,content_collected
F001,F001,6a1fbbf80000000021016ff6,F001,content_collected
F001,F001,6a2412b90000000007021fbe,F001,content_collected
F001,F001,6a28b228000000003502fad4,F001,content_collected
F001,F001,6a2a64d2000000001603e57d,F001,content_collected
F001,F001,6a2a6b0e00000000220219af,F001,content_collected
F001,F001,6a2ca0cf0000000022016dc1,F001,content_collected
F001,F001,6a3201a50000000008002ba7,F001,content_collected
F001,F001,6a33ad9c000000000f01eefb,F001,content_collected
F001,F001,6a3566cf000000002101a551,F001,content_collected
F001,F001,6a360544000000000800328c,F001,content_collected
F001,F001,6a38c163000000001102de48,F001,content_collected
F001,F001,6a395ee80000000017008d12,F001,content_collected
F001,F001,6a3dcd91000000000f014682,F001,content_collected
F001,F001,6a3e5054000000000f02878b,F001,content_collected
F001,F001,6a3ebdf80000000022016edd,F001,content_collected
F001,F001,6a3f40370000000011004f80,F001,content_collected
F001,F001,6a3f6349000000001c0259b2,F001,content_collected
F001,F001,6a401f5b000000001702d04c,F001,content_collected
F001,F001,6a41d4710000000011004671,F001,content_collected
F001,F001,6a41e2fc000000000f02a381,F001,content_collected
F001,F001,6a4222fb0000000008001672,F001,content_collected
F001,F001,6a43287f000000002101bc5f,F001,content_collected
F001,F001,6a432c370000000008027555,F001,content_collected
F001,F001,6a462fc0000000001702ce6a,F001,content_collected
F001,F001,6a4fe30d000000001c02516e,F001,content_collected
F001,F001,6a503fbb0000000007022401,F001,content_collected
F001,F001,6a504024000000001603e7d2,F001,content_collected
F001,F001,6a50530200000000210187c4,F001,content_collected
F001,F001,6a505603000000000702db32,F001,content_collected
F001,F001,6a5062f80000000021017dc8,F001,content_collected
F001,F001,6a506c60000000000f0315e9,F001,content_collected
F001,F001,6a506dac000000001c027f85,F001,content_collected
F001,F001,6a507181000000002103f7af,F001,content_collected
F001,F001,6a508abb000000001102e4e0,F001,content_collected
F001,F001,6a508e30000000002100a020,F001,content_collected
F001,F001,6a5092db00000000170086f2,F001,content_collected
F001,F001,6a509fdd000000002201795b,F001,content_collected
F001,F001,6a50b2c3000000002103dea7,F001,content_collected
F001,F001,6a50ce11000000000f016191,F001,content_collected
F001,F001,6a50e2130000000008027f4e,F001,content_collected
F001,F001,6a50f9de000000002100b06e,F001,content_collected
F001,F001,6a5102730000000011007054,F001,content_collected
F001,F001,6a51080b00000000150249fd,F001,content_collected
F001,F001,6a5151e70000000016027655,F001,content_collected
F001,F001,6a5183070000000011011e64,F001,content_collected
F001,F001,6a52385d000000001702ab7f,F001,content_collected
F001,F001,6a5303d5000000000803f3d1,F001,content_collected
F001,F001,6a534d72000000001503d035,F001,content_collected
F001,F001,6a535b55000000000f014370,F001,content_collected
F001,F001,6a53790c000000002201a8c1,F001,content_collected
F001,F001,6a539bd5000000000702baa6,F001,content_collected
F001,F001,6a53c76a000000002003b018,F001,content_collected
F001,F001,6a53c81700000000110111dc,F001,content_collected
F001,F001,6a53dbbd00000000080037fd,F001,content_collected
F001,F001,6a5435170000000011004f50,F001,content_collected
F001,F001,6a544a0700000000080337c2,F001,content_collected
F001,F001,6a5452a5000000001503e490,F001,content_collected
F001,F001,6a54623700000000210176e4,F001,content_collected
F001,F001,6a54a142000000001c0256d1,F001,content_collected
F001,F001,6a54aaf7000000002200a53c,F001,content_collected
F001,F001,6a54f70f000000001603cea3,F001,content_collected
F001,F001,6a550c380000000022016d33,F001,content_collected
F001,F001,6a55171c00000000080004a4,F001,content_collected
F001,F001,6a559743000000000f0064a4,F001,content_collected
F001,F001,6a55a1eb000000001700969a,F001,content_collected
F001,F001,6a55b1cb000000001101d6a6,F001,content_collected
F001,F001,6a55e716000000000f033403,F001,content_collected
F001,F001,6a55f6ce000000001603fbcc,F001,content_collected
F001,F001,6a565a960000000007029108,F001,content_collected
F001,F001,6a567a430000000015027545,F001,content_collected
F001,F001,6a56ed0e000000002003b101,F001,content_collected
F001,F001,6a5701c200000000160273bd,F001,content_collected
F001,F001,6a573afb000000001101b14d,F001,content_collected
F001,F001,6a5768e3000000001c026a88,F001,content_collected
F001,F001,6a584fa30000000011013251,F001,content_collected
F001,F001,6a588777000000000f012d66,F001,content_collected
F001,F001,6a58a7d5000000000402ae6c,F001,content_collected
F001,F001,6a5907f2000000000401e907,F001,content_collected
F001,F001,6a5f1388000000001002babf,F001,content_collected
F001,F001,6a604ca5000000001303d92d,F001,content_collected
F001,F001,6a60f76b000000000c01586f,F001,content_collected
F001,F001,6a62f69b000000000402b43b,F001,content_collected
F001,F001,6a6327a8000000001102d10c,F001,content_collected
F001,F001,6a648163000000000f015dbe,F001,content_collected
F001,F001,6a697e5d0000000002003c00,F001,content_collected
F001,F001,6a6ac020000000000101ea12,F001,content_collected
F001,F001,6a6b85840000000025004e81,F001,content_collected
F001,F001,6a6c530d00000000050335ee,F001,content_collected
F001,F001,6a6caef20000000006005c76,F001,content_collected
F001,F001,6a70530b0000000025016ed4,F001,content_collected
F001,F001,6a715b22000000002403e16a,F001,content_collected
F001,F001,6a719ef2000000000502083a,F001,content_collected
F001,F001,6a75229d0000000006006780,F001,content_collected
F001,F001,6a75732d000000003301e5f2,F001,content_collected
F001,F001,6a759c8e000000000600533f,F001,content_collected
F001,F001,6a7633760000000032021b00,F001,content_collected
F001,F001,6a771e02000000002403f367,F001,content_collected
F001,F001,6a79d01800000000220330de,F001,content_collected
F001,F001,6a79e4d700000000330344fe,F001,content_collected
F001,F001,6a7a1a0c0000000032033b94,F001,content_collected
F001,F001,6a7add95000000002c001035,F001,content_collected
F001,F001,6a7aebd4000000003400e82e,F001,content_collected
F001,F001,6a7e14c00000000005028988,F001,content_collected
F001,F001,6a7e421000000000250078a1,F001,content_collected
F001,F001,6a7e705e000000002c001c56,F001,content_collected
F001,F001,6a806726000000002202d8e1,F001,content_collected
F001,F001,6a825f77000000002403d8ee,F001,content_collected
F001,F001,6a837e720000000011022881,F001,content_collected
F001,F001,6a859572000000003300eb56,F001,content_collected
F001,F001,6a86c962000000002800153f,F001,content_collected
F001,F001,6a870822000000002702ed12,F001,content_collected
F001,F001,6a87ee2c0000000023020b2f,F001,content_collected
F001,F001,6a8860dd000000001801bbd3,F001,content_collected
F001,F001,6a8ab8d10000000028002dca,F001,content_collected
F001,F001,6a8d13c2000000000f02b62b,F001,content_collected
F001,F001,6a8d443f0000000028030e75,F001,content_collected
F001,F001,6a8d44c1000000001602188c,F001,content_collected
F001,F001,6a8d51fc000000002101bb0b,F001,content_collected
F001,F001,6a8e5e41000000000a00b5ac,F001,content_collected
F001,F001,6a8ef86f000000000400a5fd,F001,content_collected
F001,F001,6a8f98c600000000260042ad,F001,content_collected
F001,F001,6a8fdb84000000000303fea4,F001,content_collected
F001,F001,6a90e0580000000029035900,F001,content_collected
F001,F001,6a91c7c8000000002003fe88,F001,content_collected
F001,F001,6a91dc9a00000000200334dd,F001,content_collected
F001,F001,6a92e8a20000000021026a70,F001,content_collected
F001,F001,6a952eca0000000026005224,F001,content_collected
F001,F001,6a9537f200000000250111bb,F001,content_collected
F001,F001,6a977c5e000000002502caf1,F001,content_collected
F001,F001,6a9792a4000000002902c5c6,F001,content_collected
F001,F001,6a979d3c00000000110355aa,F001,content_collected
F001,F001,6a97d589000000002502ed85,F001,content_collected
F001,F001,6a98639a000000001203c6ec,F001,content_collected
F001,F001,6a99913c000000002a0249b8,F001,content_collected
F001,F001,6a99a04e0000000011038448,F001,content_collected
F001,F001,6a9a19a4000000002700ba0f,F001,content_collected
F001,F001,6a9a2dbd0000000012035971,F001,content_collected
F001,F001,6a9a2f4e000000000b001ca8,F001,content_collected
F001,F001,6a9a4e9700000000120254bd,F001,content_collected
F001,F001,6a9a55b20000000026017479,F001,content_collected
F001,F001,6a9a63310000000011033a18,F001,content_collected
F001,F001,6a9a920a000000001103b33d,F001,content_collected
F001,F001,6a9aa9e1000000002601dde9,F001,content_collected
F001,F001,6a9ac34a000000002502fc93,F001,content_collected
F001,F001,6a9adfc5000000002a025b9b,F001,content_collected
F001,F001,6a9ae9450000000028002703,F001,content_collected
F001,F001,6a9b20d200000000280362c0,F001,content_collected
F001,F001,6a9b45b2000000000d02433a,F001,content_collected
F001,F001,6a9b5b6a0000000011038b0d,F001,content_collected
F001,F001,6a9b6286000000000d026d05,F001,content_collected
F001,F001,6a9b6ecb0000000011037cf5,F001,content_collected
F001,F001,6a9b7c6d00000000260177ca,F001,content_collected
F001,F001,6a9b7e60000000002a00441c,F001,content_collected
F001,F001,6a9b8824000000002802d02b,F001,content_collected
F001,F001,6a9b8942000000002601412a,F001,content_collected
F001,F001,6a9b8b92000000002a006dc2,F001,content_collected
F001,F001,6a9b9985000000002a02fc3f,F001,content_collected
F001,F001,6a9b9ab10000000028039247,F001,content_collected
F001,F001,6a9b9d1c0000000026033721,F001,content_collected
F001,F001,6a9bbb20000000002802b402,F001,content_collected
F001,F001,6a9bc5c30000000028030ce2,F001,content_collected
F001,F001,6a9bcc8800000000260215ad,F001,content_collected
F001,F001,6a9bcd9a0000000025034ed4,F001,content_collected
F001,F001,6a9bda8b000000002b025bb1,F001,content_collected
F001,F001,6a9bdedf00000000280030ab,F001,content_collected
F001,F001,6a9be510000000002901bef0,F001,content_collected
F001,F001,6a9bf23d0000000012003415,F001,content_collected
F001,F001,6a9c05de000000002602386d,F001,content_collected
F001,F001,6a9c0e56000000000b037ee3,F001,content_collected
F001,F001,6a9c1795000000000d024eea,F001,content_collected
F001,F001,6a9c4b46000000002701672e,F001,content_collected
F001,F001,6a9c5917000000002a00590d,F001,content_collected
F001,F001,6a9ca1cc000000002601e6f8,F001,content_collected
F001,F001,6a9cd864000000002a00587c,F001,content_collected
F001,F001,6a9cd9af000000002b0254fc,F001,content_collected
F001,F001,6a9cde9200000000260218f2,F001,content_collected
F001,F001,6a9ce287000000002502dc0c,F001,content_collected
F001,F001,6a9ceafc0000000026020366,F001,content_collected
F001,F001,6a9cf3680000000011031613,F001,content_collected
F001,F001,6a9d321f000000002900f932,F001,content_collected
F001,F001,6a9d5cc2000000002a007adb,F001,content_collected
F001,F001,6a9d5fac000000002a024a3a,F001,content_collected
F001,F001,6a9d63e40000000029013fa2,F001,content_collected
F001,F001,6a9d66d1000000000b037f37,F001,content_collected
F001,F001,6a9d81560000000011031baf,F001,content_collected
F001,F001,6a9d8f30000000002802f2d5,F001,content_collected
F001,F001,6a9d99ce000000000b03461a,F001,content_collected
F001,F001,6a9dcab70000000026018884,F001,content_collected
F001,F001,6a9dd6d6000000002a024426,F001,content_collected
F001,F001,6a9e095d000000002803892f,F001,completed_without_accessible_content
F001,F001,6a9e105c000000001001ed11,F001,content_collected
F001,F001,6a9e29300000000029014ee6,F001,content_collected
F001,F001,6a9e35bc000000002502e4f6,F001,content_collected
F001,F001,6a9e4f570000000029017565,F001,content_collected
F001,F001,6a9e562d0000000029014864,F001,content_collected
F001,F001,6a9e5891000000002a027478,F001,content_collected
F001,F001,6a9e5d3b000000002601867f,F001,content_collected
F001,F001,6a9e68c6000000002900fbba,F001,content_collected
F001,F001,6a9e7850000000002601c2bb,F001,content_collected
F001,F001,6a9e8e8c0000000026021102,F001,content_collected
F001,F001,6a9e9aff00000000290166a8,F001,content_collected
F001,F001,6a9e9e47000000001103164c,F001,completed_without_accessible_content
F001,F001,6a9ea36f000000001103349a,F001,content_collected
F001,F001,6a9ebf06000000001203f09b,F001,content_collected
F001,F001,6a9ec7a600000000120021cf,F001,content_collected
F001,F001,6a9eda490000000028036335,F001,content_collected
F001,F001,6a9f37ce0000000026015c61,F001,completed_without_accessible_content
F001,F001,6a9f5a2e0000000026015019,F001,content_collected
F001,F001,6a9f657c00000000280027ed,F001,content_collected
F001,F001,6a9f6f51000000002901820e,F001,content_collected
F001,F001,6a9f8b1c0000000011034549,F001,content_collected
F001,F001,6a9f8b4e000000000d026a85,F001,content_collected
F001,F001,6a9f9fd5000000001001cd14,F001,content_collected
F001,F001,6a9fb8cd000000001200205b,F001,content_collected
F001,F001,6a9fba5e000000002900df9f,F001,content_collected
F001,F001,6a9fdf9e000000002a026619,F001,content_collected
F001,F001,6a9fe03b000000002b01d486,F001,content_collected
F001,F001,6a9fec0d0000000011036c46,F001,completed_without_accessible_content
F001,F001,6a9fefb90000000011034121,F001,content_collected
F001,F001,6aa013aa0000000011038901,F001,content_collected
F001,F001,6aa02cae0000000025034d3d,F001,content_collected
F001,F001,6aa02e36000000001203f09e,F001,content_collected
F001,F001,6aa033ab000000002b002b09,F001,content_collected
F001,F001,6aa03cb70000000026039f44,F001,completed_without_accessible_content
F001,F001,6aa08af900000000250343f4,F001,content_collected
F001,F001,6aa0b8a700000000270156ff,F001,content_collected
F001,F001,6aa0bdef000000002902eb22,F001,content_collected
F001,F001,6aa0c8da000000002502e586,F001,content_collected
F001,F001,6aa0cad6000000000b00c8dd,F001,content_collected
F001,F001,6aa0d7ea000000002700a10f,F001,content_collected
F001,F001,6aa0d92f000000001200370f,F001,content_collected
F001,F001,6aa0dafa00000000280313fd,F001,content_collected
F001,F001,6aa0df0700000000120271ca,F001,content_collected
F001,F001,6aa0f48a0000000012000a84,F001,content_collected
F001,F001,6aa0f74d000000000d025e37,F001,content_collected
F001,F001,6aa1060e000000000b00f212,F001,content_collected
F001,F001,6aa1154c0000000026031f6c,F001,content_collected
F001,F001,6aa117e50000000011037f7d,F001,content_collected
F001,F001,6aa12149000000002802d4d3,F001,content_collected
F001,F001,6aa12cb10000000012037857,F001,content_collected
F001,F001,6aa12fda000000002502f889,F001,completed_without_accessible_content
F001,F001,6aa14362000000002601b0aa,F001,content_collected
F001,F001,6aa14a3e000000002b0010b9,F001,content_collected
F001,F001,6aa1574000000000110305f2,F001,content_collected
F001,F001,6aa1587d0000000026014da1,F001,content_collected
F001,F001,6aa1592f000000001001ffbc,F001,content_collected
F001,F001,6aa16ca4000000002900ff6d,F001,content_collected
F001,F001,6aa17409000000002a024985,F001,content_collected
F001,F001,6aa18644000000002802a9a4,F001,content_collected
F001,F001,6aa1865c000000002600b557,F001,content_collected
F001,F001,6aa18801000000002b0000b5,F001,content_collected
F001,F001,6aa1894000000000110304ed,F001,content_collected
F001,F001,6aa18ed3000000002601811e,F001,content_collected
F001,F001,6aa194f6000000002b010edb,F001,content_collected
F001,F001,6aa1966a000000002802fab9,F001,content_collected
F001,F001,6aa19a19000000000d0246d3,F001,content_collected
F001,F001,6aa19aa100000000250363bb,F001,content_collected
F001,F001,6aa19c790000000027009c12,F001,content_collected
F001,F001,6aa19ef00000000027015d16,F001,content_collected
F001,F001,6aa1a1d3000000002803761c,F001,content_collected
F001,F001,6aa1b361000000001001ec9f,F001,content_collected
F001,F001,6aa1dc7b000000000b00eda3,F001,content_collected
F001,F001,6aa1e781000000000d027aa1,F001,content_collected
F001,F001,6aa1eea300000000280312ee,F001,content_collected
F001,F001,6aa1f5e3000000001001df9b,F001,content_collected
F001,F001,6aa1f816000000002900d36e,F001,content_collected
F001,F001,6aa1fb6300000000280384d5,F001,content_collected
F001,F001,6aa1fe760000000028038a5e,F001,content_collected
F001,F001,6aa207f9000000002700ab80,F001,content_collected
F001,F001,6aa2083900000000260092f9,F001,content_collected
F001,F001,6aa2090b000000002902d153,F001,content_collected
F001,F001,6aa20c1f00000000120272c3,F001,content_collected
F001,F001,6aa2112c0000000012001746,F001,content_collected
F001,F001,6aa214ee000000002601b447,F001,content_collected
F001,F001,6aa2166c0000000026017584,F001,content_collected
F001,F001,6aa2191200000000250341d5,F001,content_collected
F001,F001,6aa2191300000000250341d9,F001,content_collected
F001,F001,6aa219a3000000002b02700e,F001,content_collected
F001,F001,6aa21d420000000028000e95,F001,content_collected
F001,F001,6aa21e3e0000000028028855,F001,content_collected
F001,F001,6aa21eb5000000002a025360,F001,content_collected
F001,F001,6aa22389000000002600a32d,F001,content_collected
F001,F001,6aa2251c000000002901951f,F001,completed_without_accessible_content
F001,F001,6aa226b100000000290199e7,F001,content_collected
F001,F001,6aa22749000000002802f0a0,F001,content_collected
F001,F001,6aa227dd00000000270095ff,F001,content_collected
F001,F001,6aa228a5000000002701409d,F001,content_collected
F001,F001,6aa228ff0000000019032e0f,F001,content_collected
F001,F001,6aa229690000000027014300,F001,content_collected
F001,F001,6aa229a7000000001203475c,F001,content_collected
F001,F001,6aa229dc000000000b00c34a,F001,content_collected
F001,F001,6aa22d9a000000002803283a,F001,content_collected
F001,F001,6aa240c300000000110317b1,F001,content_collected
F001,F001,6aa24791000000001200087a,F001,content_collected
F001,F001,6aa24efc000000000d024460,F001,content_collected
F001,F001,6aa250a8000000000b00edea,F001,content_collected
F001,F001,6aa2545f000000001203e021,F001,content_collected
F001,F001,6aa254fe000000002802a48e,F001,content_collected
F001,F001,6aa25526000000002802a504,F001,content_collected
F001,F001,6aa255cd000000002a02c71c,F001,completed_without_accessible_content
F001,F001,6aa25c6b0000000026030da9,F001,content_collected
F001,F001,6aa25cac0000000012027ef5,F001,content_collected
F001,F001,6aa25dcb000000002901b649,F001,content_collected
F001,F001,6aa25fac0000000028038222,F001,content_collected
F001,F001,6aa263ba0000000026009f82,F001,completed_without_accessible_content
F001,F001,6aa264d90000000028003d23,F001,content_collected
F001,F001,6aa2657c0000000012034efe,F001,content_collected
F001,F001,6aa26bfd00000000110353ef,F001,content_collected
F001,F001,6aa2703b000000000b00348b,F001,content_collected
F001,F001,6aa2709f0000000028036539,F001,content_collected
F001,F001,6aa27292000000002b001940,F001,content_collected
F001,F001,6aa273c7000000000b00e0a2,F001,content_collected
F001,F001,6aa2744100000000110349e2,F001,completed_without_accessible_content
F001,F001,6aa2789a0000000028029dd9,F001,content_collected
F001,F001,6aa279ad000000002a02c040,F001,content_collected
F001,F001,6aa27abc00000000290145b2,F001,content_collected
F001,F001,6aa27bd1000000002900c386,F001,content_collected
F001,F001,6aa281dc000000002701592b,F001,content_collected
F001,F001,6aa289f8000000002803a8ba,F001,content_collected
F001,F001,6aa28bef00000000110322b3,F001,content_collected
F001,F001,6aa28bf60000000026039dfa,F001,content_collected
F001,F001,6aa2905e000000002600baa2,F001,content_collected
F001,F001,6aa2955c0000000012002e9a,F001,content_collected
F001,F001,6aa298cb0000000028039e8d,F001,completed_without_accessible_content
F001,F001,6aa299ff00000000250374eb,F001,content_collected
F001,F001,6aa2a264000000002b003ae6,F001,content_collected
F001,F001,6aa2a3ea000000001901fbda,F001,content_collected
F001,F001,6aa2a6490000000012002cac,F001,completed_without_accessible_content
F001,F001,6aa2a788000000001103881a,F001,content_collected
F001,F001,6aa2a7d4000000002603b84d,F001,content_collected
F001,F001,6aa2a83f0000000028003fcb,F001,content_collected
F001,F001,6aa2aa560000000028033509,F001,content_collected
F001,F001,6aa2b03400000000280307c7,F001,content_collected
F001,F001,6aa2b26f0000000011030977,F001,content_collected
F001,F001,6aa2b289000000002b002ee3,F001,content_collected
F001,F001,6aa2b543000000001001ccec,F001,content_collected
F001,F001,6aa2b7aa0000000028039048,F001,content_collected
F001,F001,6aa2bc75000000000f039800,F001,content_collected
F001,F001,6aa2bf99000000002700b4ad,F001,content_collected
F001,F001,6aa2c2b800000000260320b5,F001,completed_without_accessible_content
F001,F001,6aa2c4ba000000000b00ea3a,F001,content_collected
F001,F001,6aa2c7090000000029017a91,F001,content_collected
F001,F001,6aa2c8140000000011033f99,F001,completed_without_accessible_content
F001,F001,6aa2cc1700000000250352f1,F001,content_collected
F001,F001,6aa2cc900000000026033b4b,F001,content_collected
F001,F001,6aa2ce1b0000000028037abd,F001,content_collected
F001,F001,6aa33571000000001001dc55,F001,content_collected
F001,F001,6aa34a7e000000002b01fb6a,F001,content_collected
F001,F001,6aa35b8500000000120005a3,F001,content_collected
F001,F001,6aa361f7000000001001dc40,F001,content_collected
F001,F001,6aa36e96000000001200049c,F001,content_collected
F001,F001,6aa37e12000000001203565b,F001,content_collected
F001,F001,6aa389390000000028031edb,F001,content_collected
F001,F001,6aa3933c000000000b003ede,F001,content_collected
F001,F001,6aa39d160000000029014230,F001,content_collected
F001,F001,6aa39ef100000000250370f5,F001,content_collected
F001,F001,6aa3ad380000000029017560,F001,content_collected
F001,F001,6aa3bacf000000001001d284,F001,content_collected
F001,F001,6aa3c5c8000000002900ec46,F001,content_collected
F001,F001,6aa3c5e4000000002a02cc81,F001,content_collected
F001,F001,6aa3c660000000002601b688,F001,content_collected
F001,F001,6aa3c6cd000000002600bd22,F001,content_collected
F001,F001,6aa3d066000000000b00eba6,F001,content_collected
F001,F001,6aa3d10600000000290129a9,F001,content_collected
F001,F001,6aa3d6a1000000000b034daa,F001,content_collected
F001,F001,6aa3d9ce0000000026017d7f,F001,content_collected
F001,F001,6aa3dd470000000026020735,F001,content_collected
F001,F001,6aa3dde00000000027015e76,F001,content_collected
F001,F001,6aa3e994000000002b026057,F001,content_collected
F001,F001,6aa3ef8e000000002902ec2d,F001,content_collected
F001,F001,6aa3ef9c000000002b01f3fe,F001,content_collected
F001,F001,6aa3f5b90000000029013707,F001,content_collected
F001,F001,6aa3f8230000000025036cb8,F001,content_collected
F001,F001,6aa3fea10000000026016052,F001,content_collected
F001,F001,6aa40acc000000002502c05c,F001,content_collected
F001,F001,6aa40ada000000000b00f05c,F001,content_collected
F001,F001,6aa40bbb000000000b00134b,F001,content_collected
F001,F001,6aa4146e000000000e03f400,F001,content_collected
F001,F001,6aa4181f000000002b02775b,F001,content_collected
F001,F001,6aa419b40000000028037cbf,F001,content_collected
F001,F001,6aa41bbd0000000026038b62,F001,content_collected
F001,F001,6aa41f08000000002a025f36,F001,content_collected
F001,F001,6aa427e00000000011037d7c,F001,content_collected
F001,F001,6aa428190000000011037ea7,F001,content_collected
F001,F001,6aa428ba000000000b002551,F001,content_collected
F001,F001,6aa43857000000002a004729,F001,content_collected
F001,F001,6aa458d1000000001103aaaf,F001,content_collected
F001,F001,6aa47025000000000b001617,F001,content_collected
F001,F001,6aa48dc1000000002502ce3a,F001,content_collected
F001,F001,6aa48eaf000000000d025487,F001,content_collected
F001,F001,6aa4a7fd000000002502cd75,F001,completed_without_accessible_content
F001,F001,6aa4aad6000000002802d921,F001,content_collected
F001,F001,6aa4b16a000000002b025953,F001,content_collected
F001,F001,6aa4b28d000000000d0243ac,F001,content_collected
F001,F001,6aa4b650000000000b035308,F001,content_collected
F001,F001,6aa4ca5400000000260176c3,F001,content_collected
F001,F001,6aa4d4fe000000001203d175,F001,content_collected
F001,F001,6aa4d72c00000000110334a1,F001,content_collected
F001,F001,6aa4d88e0000000028003c4b,F001,content_collected
F001,F001,6aa4dce2000000002503544f,F001,content_collected
F001,F001,6aa4e03100000000250366b0,F001,content_collected
F001,F001,6aa4e15e000000001203fab2,F001,content_collected
F001,F001,6aa4e28b000000001001e7a1,F001,content_collected
F001,F001,6aa4e472000000002902ebee,F001,content_collected
F001,F001,6aa4e8810000000026038d40,F001,content_collected
F001,F001,6aa4ec6a000000001001e12c,F001,content_collected
F001,F001,6aa4f056000000002901a0d9,F001,completed_without_accessible_content
F001,F001,6aa4f0f4000000002902d962,F001,content_collected
F002,F002,69e649610000000023004d09,F002,content_collected
F002,F002,6a599c070000000004028a18,F002,content_collected
F002,F002,6a59a4c9000000000100ea28,F002,content_collected
F002,F002,6a59e4ce000000000103177b,F002,content_collected
F002,F002,6a5a111100000000220199dc,F002,content_collected
F002,F002,6a5a2b8d000000000f006e34,F002,content_collected
F002,F002,6a5b163800000000100280b4,F002,content_collected
F002,F002,6a5b335300000000130262b8,F002,content_collected
F002,F002,6a5c332c0000000006011426,F002,content_collected
F002,F002,6a5d8434000000001002463e,F002,content_collected
F002,F002,6a5db886000000000f02b449,F002,content_collected
F002,F002,6a5de682000000000f00624f,F002,content_collected
F002,F002,6a5f22b80000000013026d32,F002,content_collected
F002,F002,6a5f5575000000000401cd10,F002,content_collected
F002,F002,6a60546b0000000004028b17,F002,content_collected
F002,F002,6a60d44e000000000f011bd3,F002,content_collected
F002,F002,6a61866b000000000402ba36,F002,content_collected
F002,F002,6a632c82000000000e037487,F002,content_collected
F002,F002,6a63721500000000050398d2,F002,content_collected
F002,F002,6a6378c4000000000402b173,F002,content_collected
F002,F002,6a66030d0000000011015dcc,F002,content_collected
F002,F002,6a66bab2000000000402bacf,F002,content_collected
F002,F002,6a677c10000000001003c529,F002,content_collected
F002,F002,6a683645000000000101d11c,F002,content_collected
F002,F002,6a685ec1000000000301caaa,F002,content_collected
F002,F002,6a686e6c00000000100273a2,F002,content_collected
F002,F002,6a68b553000000001d00cbe5,F002,content_collected
F002,F002,6a696fff000000000301d182,F002,content_collected
F002,F002,6a698d91000000000f0053a2,F002,content_collected
F002,F002,6a6a057e000000000c015ebc,F002,content_collected
F002,F002,6a6c4705000000003203232b,F002,content_collected
F002,F002,6a6c485c0000000028031d6e,F002,content_collected
F002,F002,6a6d430d000000002c0079d0,F002,content_collected
F002,F002,6a6d7a3f0000000005028e60,F002,content_collected
F002,F002,6a6f4ed20000000029031eb7,F002,content_collected
F002,F002,6a6fed390000000022032f14,F002,content_collected
F002,F002,6a7200470000000005022ba4,F002,content_collected
F002,F002,6a7d99840000000032033fbc,F002,content_collected
F002,F002,6a8118ae0000000032022a6f,F002,content_collected
F002,F002,6a83d7c000000000050236ed,F002,content_collected
F002,F002,6a85c7850000000033012d1c,F002,content_collected
F002,F002,6a87a138000000003a02d792,F002,content_collected
F002,F002,6a8a996e0000000038001b91,F002,content_collected
F002,F002,6a8e91a00000000026000b49,F002,content_collected
F002,F002,6a8ea7d3000000002a03f032,F002,content_collected
F002,F002,6a9134f40000000006013d1c,F002,content_collected
F002,F002,6a919131000000001f01fffb,F002,content_collected
F002,F002,6a9293a3000000000402be82,F002,content_collected
F002,F002,6a97bcd0000000001200056b,F002,content_collected
F002,F002,6a98f2150000000026021652,F002,content_collected
F002,F002,6a98faa3000000002b0109c3,F002,content_collected
F002,F002,6a992f53000000002a02f992,F002,content_collected
F002,F002,6a994114000000002600a1d6,F002,content_collected
F002,F002,6a99672a000000000d026cf4,F002,content_collected
F002,F002,6a997b30000000002700b505,F002,content_collected
F002,F002,6a9a403c000000002700b439,F002,content_collected
F002,F002,6a9ab7b4000000002a025cbf,F002,content_collected
F002,F002,6a9d6d12000000002901a3da,F002,content_collected
F002,F002,6a9e35f1000000002601422c,F002,content_collected
F002,F002,6a9e7bbb0000000012000890,F002,content_collected
F002,F002,6aa03739000000001103b068,F002,content_collected
F002,F002,6aa0eaae0000000026022304,F002,content_collected
F002,F002,6aa117cb000000002a025e90,F002,content_collected
F002,F002,6aa16cd0000000002503430f,F002,content_collected
F002,F002,6aa24b3a000000002601f636,F002,completed_without_accessible_content
F002,F002,6aa3ade6000000002502eb0e,F002,content_collected
F002,F002,6aa3c03e0000000012037b34,F002,content_collected
F002,F002,6aa3c629000000002b010264,F002,content_collected
F002,F002,6aa3d475000000002502ee99,F002,content_collected
F002,F002,6aa41b960000000012026a3b,F002,content_collected
F002,F002,6aa4295a000000001203cf26,F002,content_collected
F002,F002,6aa495370000000026014824,F002,content_collected
F002,F002,6aa4a11a000000000b036187,F002,content_collected
F002,F002,6aa4b41a000000001001db81,F002,content_collected
F002,F002,6aa4bf0b0000000011032635,F002,completed_without_accessible_content
F002,F002,6aa4c2cf0000000026019ff5,F002,completed_without_accessible_content
F002,F002,6aa4c3db0000000029017aae,F002,content_collected
F002,F002,6aa4d852000000002b003056,F002,content_collected
F002,F002,6aa4f2a9000000002700bb8f,F002,content_collected
F002,F002,6aa4f34e0000000012000f8b,F002,content_collected
F002,F002,6aa4f52a000000002503646e,F002,content_collected
F002,F002,6aa4f7d7000000002b01f613,F002,content_collected
F002,F002,6aa4fdd40000000011035d87,F002,content_collected
F002,F002,6aa507160000000011031493,F002,content_collected
F002,F002,6aa507c2000000002b0009b2,F002,completed_without_accessible_content
F002,F002,6aa50b1a00000000280037b5,F002,content_collected
F002,F002,6aa50efc00000000250348eb,F002,content_collected
F002,F002,6aa522c800000000260399af,F002,completed_without_accessible_content
F002,F002,6aa5237b000000002b002f7f,F002,content_collected
F002,F002,6aa5257200000000280363f9,F002,content_collected
F002,F002,6aa52eeb00000000280349fd,F002,content_collected
F002,F002,6aa53208000000002902dbf0,F002,content_collected
F002,F002,6aa54915000000002b0035f9,F002,content_collected
F003,F003,6752357b000000000601650a,F003,content_collected
F003,F003,6782262b000000001800cad8,F003,content_collected
F003,F003,67a4bc0e000000002503f0a4,F003,content_collected
F003,F003,67b3fce6000000000900fc6f,F003,content_collected
F003,F003,67c43d450000000029008c75,F003,content_collected
F003,F003,67ed04f8000000001201d848,F003,content_collected
F003,F003,683fa465000000000303f69a,F003,content_collected
F003,F003,684265a60000000021007170,F003,content_collected
F003,F003,686a7bd2000000001c034c90,F003,content_collected
F003,F003,688571b4000000001c031d17,F003,content_collected
F003,F003,68909f6b000000002302bb94,F003,content_collected
F003,F003,68b15abe000000001d01dc8c,F003,content_collected
F003,F003,68b99661000000001b031741,F003,content_collected
F003,F003,68c7c3b8000000001c00b94d,F003,content_collected
F003,F003,68ca8af0000000000b0126a1,F003,content_collected
F003,F003,68d8e786000000001302b0e2,F003,content_collected
F003,F003,68db95ec0000000004001324,F003,content_collected
F003,F003,690c28f9000000000503377f,F003,content_collected
F003,F003,691f1fa4000000001e024418,F003,content_collected
F003,F003,698c86720000000015031845,F003,content_collected
F003,F003,69a8edcd000000001a02fc71,F003,content_collected
F003,F003,69ad8dd0000000001a026fa0,F003,content_collected
F003,F003,69aed0f6000000001d0119c8,F003,content_collected
F003,F003,69c61099000000002301d1a9,F003,content_collected
F003,F003,69d5d15e000000001d01cf22,F003,content_collected
F003,F003,69d8b652000000001a024cac,F003,content_collected
F003,F003,69d8c9ed000000001a0308f5,F003,content_collected
F003,F003,69da25c700000000230125f0,F003,content_collected
F003,F003,69da899d0000000021004107,F003,content_collected
F003,F003,69ea3974000000001a0375c6,F003,content_collected
F003,F003,69eb06cc000000001f030c02,F003,content_collected
F003,F003,69eb135f0000000020006001,F003,content_collected
F003,F003,69eb30a00000000012012802,F003,content_collected
F003,F003,69eb31350000000020013008,F003,content_collected
F003,F003,69eb34250000000023007f7b,F003,content_collected
F003,F003,69eb3b8f0000000020003800,F003,content_collected
F003,F003,69eb3fe00000000020003803,F003,content_collected
F003,F003,69eb48710000000023014796,F003,content_collected
F003,F003,69eb49190000000022028bdd,F003,content_collected
F003,F003,69eb836a0000000036000137,F003,content_collected
F003,F003,69eb89c4000000001e00f728,F003,content_collected
F003,F003,69ec484d000000002301c6d7,F003,content_collected
F003,F003,69ecdc990000000035030bc5,F003,content_collected
F003,F003,69ed7658000000003601b6d0,F003,content_collected
F003,F003,69edaf8b000000001f002e11,F003,content_collected
F003,F003,69ef0c8c000000002300759b,F003,content_collected
F003,F003,69ef93d1000000001f00384c,F003,content_collected
F003,F003,69f2e39d000000003803626e,F003,content_collected
F003,F003,69f303d80000000038035dc8,F003,content_collected
F003,F003,69f4a6ba00000000380233b3,F003,content_collected
F003,F003,69f75e64000000003703524d,F003,content_collected
F003,F003,69fdadaf000000002003ae26,F003,content_collected
F003,F003,6a00561c0000000038037519,F003,content_collected
F003,F003,6a01e8350000000035021cf1,F003,content_collected
F003,F003,6a06ac57000000003501c37a,F003,content_collected
F003,F003,6a06ed6d0000000035020c0f,F003,content_collected
F003,F003,6a09ad6e0000000035026b73,F003,content_collected
F003,F003,6a0ac4ce000000003601e8f6,F003,content_collected
F003,F003,6a115b54000000003601eead,F003,content_collected
F003,F003,6a119df00000000006036519,F003,content_collected
F003,F003,6a12b0a1000000003502662d,F003,content_collected
F003,F003,6a156232000000003503abac,F003,content_collected
F003,F003,6a183500000000000803f64c,F003,content_collected
F003,F003,6a1b15120000000008025435,F003,content_collected
F003,F003,6a1ce4c00000000007011903,F003,content_collected
F003,F003,6a1cfa2600000000070262c1,F003,content_collected
F003,F003,6a21a9c400000000080263e2,F003,content_collected
F003,F003,6a24dea60000000020038561,F003,content_collected
F003,F003,6a26ab1e0000000016027cf8,F003,content_collected
F003,F003,6a296f490000000022008c23,F003,content_collected
F003,F003,6a2d3f15000000000803d3db,F003,content_collected
F003,F003,6a30f3bb0000000011010fde,F003,content_collected
F003,F003,6a3129f5000000001603ef6e,F003,content_collected
F003,F003,6a34e1f80000000007020fbf,F003,content_collected
F003,F003,6a34f3ab000000002103fb83,F003,content_collected
F003,F003,6a3dc9a7000000000f0339f1,F003,content_collected
F003,F003,6a3f2dec000000000f01f857,F003,content_collected
F003,F003,6a3f93fe000000001700a90c,F003,content_collected
F003,F003,6a476655000000000f01649e,F003,content_collected
F003,F003,6a4b374d000000000f0177bd,F003,content_collected
F003,F003,6a4e2d8e0000000007013db0,F003,content_collected
F003,F003,6a52f1d4000000000f014cf1,F003,content_collected
F003,F003,6a55e6f00000000021018186,F003,content_collected
F003,F003,6a5773040000000015027921,F003,content_collected
F003,F003,6a5957c500000000010004f5,F003,content_collected
F003,F003,6a5b9b91000000000401c640,F003,content_collected
F003,F003,6a5c9cee0000000014006971,F003,content_collected
F003,F003,6a5f6352000000001002a41a,F003,content_collected
F003,F003,6a5fa50f000000001f01df05,F003,content_collected
F003,F003,6a60a6ef000000000f004d21,F003,content_collected
F003,F003,6a6c3f38000000002500e879,F003,content_collected
F003,F003,6a6c4031000000002402db6e,F003,content_collected
F003,F003,6a6c40e00000000005033570,F003,content_collected
F003,F003,6a6c500d000000002c002528,F003,content_collected
F003,F003,6a6c59ac0000000006005152,F003,content_collected
F003,F003,6a6c5d0b0000000008013548,F003,content_collected
F003,F003,6a6c62c4000000000502bb0f,F003,content_collected
F003,F003,6a6c6a9d000000002c0064ce,F003,content_collected
F003,F003,6a6c75de0000000005028cfc,F003,content_collected
F003,F003,6a6ca6b70000000027022644,F003,content_collected
F003,F003,6a6cc209000000002c00403e,F003,content_collected
F003,F003,6a7016430000000005022a75,F003,content_collected
F003,F003,6a707334000000002500c5ee,F003,content_collected
F003,F003,6a70c88d0000000005030b41,F003,content_collected
F003,F003,6a73304f0000000028008516,F003,content_collected
F003,F003,6a73f0ee0000000022014ee7,F003,content_collected
F003,F003,6a73f33d000000002500c233,F003,content_collected
F003,F003,6a73fc880000000005021aa7,F003,content_collected
F003,F003,6a7473de0000000022016a3b,F003,content_collected
F003,F003,6a74c93d00000000220300e9,F003,content_collected
F003,F003,6a752833000000002701d3b7,F003,content_collected
F003,F003,6a7546630000000005030f33,F003,content_collected
F003,F003,6a754a98000000003400dcb8,F003,content_collected
F003,F003,6a75acc60000000029033a1b,F003,content_collected
F003,F003,6a77f9730000000032030080,F003,content_collected
F003,F003,6a7889d400000000250059ef,F003,content_collected
F003,F003,6a7af5ae000000002500ade5,F003,content_collected
F003,F003,6a7c16d20000000033009e77,F003,content_collected
F003,F003,6a7c90ec0000000028002b28,F003,content_collected
F003,F003,6a7c931a0000000032033a43,F003,content_collected
F003,F003,6a7c95f4000000002c005d1a,F003,content_collected
F003,F003,6a7c98c3000000003300cc56,F003,content_collected
F003,F003,6a7c9b0c0000000028031db6,F003,content_collected
F003,F003,6a7c9df30000000026034f6e,F003,content_collected
F003,F003,6a7ca39d00000000330133cb,F003,content_collected
F003,F003,6a7ca7a5000000003400f1e4,F003,content_collected
F003,F003,6a7caaff00000000050290a4,F003,content_collected
F003,F003,6a7d2d45000000002500545c,F003,content_collected
F003,F003,6a7d388400000000240274fe,F003,content_collected
F003,F003,6a7d3cb3000000002500780f,F003,completed_without_accessible_content
F003,F003,6a7d6a5300000000250051c7,F003,content_collected
F003,F003,6a7d7cf1000000003301b108,F003,content_collected
F003,F003,6a7d8df8000000002403d455,F003,content_collected
F003,F003,6a7d96bb0000000027021a6b,F003,content_collected
F003,F003,6a7d98220000000033037bba,F003,content_collected
F003,F003,6a7daa780000000033009ee0,F003,content_collected
F003,F003,6a7dace90000000035017793,F003,completed_without_accessible_content
F003,F003,6a7dafe50000000033011d6f,F003,content_collected
F003,F003,6a7db4eb0000000022013778,F003,content_collected
F003,F003,6a7dc4100000000032033065,F003,completed_without_accessible_content
F003,F003,6a7dc6fd000000002500301a,F003,content_collected
F003,F003,6a7dd5340000000028009b80,F003,content_collected
F003,F003,6a7ddd120000000026034d6b,F003,content_collected
F003,F003,6a7de616000000002402eb3b,F003,content_collected
F003,F003,6a7debcd0000000028009df4,F003,completed_without_accessible_content
F003,F003,6a7e15b30000000025002e47,F003,content_collected
F003,F003,6a7e688b0000000033010c2d,F003,content_collected
F003,F003,6a7ea13f000000003400f581,F003,content_collected
F003,F003,6a7eb4480000000028006beb,F003,content_collected
F003,F003,6a7ebd97000000002402c8e1,F003,content_collected
F003,F003,6a7ed0980000000022010f74,F003,content_collected
F003,F003,6a7edb99000000002903325f,F003,content_collected
F003,F003,6a7ee17d000000003400ecd9,F003,content_collected
F003,F003,6a7f1a4100000000260344a8,F003,content_collected
F003,F003,6a7f2d13000000002c002923,F003,content_collected
F003,F003,6a7fc0d00000000033032eec,F003,content_collected
F003,F003,6a7fe3d200000000250168d7,F003,content_collected
F003,F003,6a7fedd3000000000503117c,F003,content_collected
F003,F003,6a803310000000000801130c,F003,content_collected
F003,F003,6a8095b9000000003300be6e,F003,content_collected
F003,F003,6a814aaf000000003300d8b2,F003,content_collected
F003,F003,6a8190020000000025003f51,F003,content_collected
F003,F003,6a81bb14000000003300819d,F003,content_collected
F003,F003,6a81bc350000000006004aa3,F003,content_collected
F003,F003,6a81c705000000002701e5c7,F003,content_collected
F003,F003,6a81d64b0000000025009c33,F003,content_collected
F003,F003,6a82191f0000000032020e64,F003,completed_without_accessible_content
F003,F003,6a826a090000000027023c82,F003,content_collected
F003,F003,6a827b240000000035014604,F003,content_collected
F003,F003,6a82aeb6000000002403f340,F003,content_collected
F003,F003,6a82b92800000000330339e3,F003,completed_without_accessible_content
F003,F003,6a82f8770000000029031a03,F003,content_collected
F003,F003,6a8347b70000000033031033,F003,content_collected
F003,F003,6a83bd5d00000000280009b6,F003,content_collected
F003,F003,6a83c95e000000003301b8ce,F003,content_collected
F003,F003,6a83f845000000002402d83d,F003,content_collected
F003,F003,6a840a4e000000002c000d3e,F003,content_collected
F003,F003,6a841d270000000008012cae,F003,content_collected
F003,F003,6a84889f00000000220314b4,F003,content_collected
F003,F003,6a851256000000003400f282,F003,content_collected
F003,F003,6a8547bc0000000008011a73,F003,content_collected
F003,F003,6a85eb5f000000001601a416,F003,content_collected
F003,F003,6a860a3d000000002901b21b,F003,content_collected
F003,F003,6a8664c000000000210077a4,F003,content_collected
F003,F003,6a8679bc000000002701dca0,F003,content_collected
F003,F003,6a867bd10000000033008852,F003,content_collected
F003,F003,6a86d06500000000170012ab,F003,content_collected
F003,F003,6a87d6f8000000002702a92c,F003,content_collected
F003,F003,6a8816e9000000003301dd60,F003,content_collected
F003,F003,6a881f930000000029024a9b,F003,content_collected
F003,F003,6a8823dc00000000350213a5,F003,content_collected
F003,F003,6a890362000000000302a491,F003,content_collected
F003,F003,6a890517000000002202d4d8,F003,content_collected
F003,F003,6a89a4e80000000033018cfe,F003,content_collected
F003,F003,6a8a41c4000000001801af27,F003,content_collected
F003,F003,6a8ae25000000000330180ce,F003,content_collected
F003,F003,6a8af1f00000000022023fe9,F003,content_collected
F003,F003,6a8af88600000000220219e2,F003,content_collected
F003,F003,6a8b098e000000002603b06b,F003,content_collected
F003,F003,6a8b8f88000000001700afe5,F003,content_collected
F003,F003,6a8bd814000000003301a18e,F003,content_collected
F003,F003,6a8c653600000000280270ef,F003,content_collected
F003,F003,6a90060700000000030283a0,F003,content_collected
F003,F003,6a908870000000002303d4ac,F003,content_collected
F003,F003,6a910072000000000402a275,F003,content_collected
F003,F003,6a9687d6000000002601784b,F003,completed_without_accessible_content
F003,F003,6a96c1bc0000000028036284,F003,completed_without_accessible_content
F003,F003,6a96ea590000000026008557,F003,content_collected
F003,F003,6a9779b9000000002802f030,F003,content_collected
F003,F003,6a98897e000000003702f8d9,F003,content_collected
F003,F003,6a994867000000001001ff5b,F003,content_collected
F003,F003,6a9af832000000002601fcca,F003,content_collected
F003,F003,6a9b817100000000110312e5,F003,content_collected
F003,F003,6a9c394a000000000d025715,F003,content_collected
F003,F003,6a9d0289000000000b037ca9,F003,content_collected
F003,F003,6a9d84090000000029013127,F003,content_collected
F003,F003,6a9e7638000000002a004a02,F003,content_collected
F003,F003,6a9ec33f000000000b0369c7,F003,content_collected
F003,F003,6a9f0ac90000000029011fa3,F003,content_collected
F003,F003,6a9f8a2d0000000025037cbe,F003,content_collected
F003,F003,6aa011630000000011038121,F003,content_collected
F003,F003,6aa02255000000001203cfaf,F003,content_collected
F003,F003,6aa02d2d000000002902d5bd,F003,content_collected
F003,F003,6aa03891000000001203c87b,F003,content_collected
F003,F003,6aa076580000000026008e4b,F003,content_collected
F003,F003,6aa0a07d0000000011031fed,F003,content_collected
F003,F003,6aa0c399000000002601cd14,F003,content_collected
F003,F003,6aa0d0e4000000002502d447,F003,content_collected
F003,F003,6aa107a2000000002700bad7,F003,content_collected
F003,F003,6aa10886000000001203fa56,F003,completed_without_accessible_content
F003,F003,6aa10991000000002603391b,F003,content_collected
F003,F003,6aa110600000000027009aee,F003,content_collected
F003,F003,6aa110940000000026018540,F003,content_collected
F003,F003,6aa1153000000000120266ad,F003,content_collected
F003,F003,6aa126d50000000028034c8c,F003,content_collected
F003,F003,6aa126da000000000d024071,F003,content_collected
F003,F003,6aa15c70000000001001d37e,F003,content_collected
F003,F003,6aa16151000000002502dfe4,F003,content_collected
F003,F003,6aa16e8d0000000011035272,F003,content_collected
F003,F003,6aa182d40000000026016d76,F003,content_collected
F003,F003,6aa185590000000026020347,F003,content_collected
F003,F003,6aa18b11000000002a0074d8,F003,content_collected
F003,F003,6aa18d34000000002b01eb4e,F003,content_collected
F003,F003,6aa18f9d000000001203ca6a,F003,content_collected
F003,F003,6aa18fd200000000290125ab,F003,content_collected
F003,F003,6aa193f70000000026021abb,F003,content_collected
F003,F003,6aa19b1500000000120344bc,F003,content_collected
F003,F003,6aa1b073000000002601fc4f,F003,content_collected
F003,F003,6aa1e18000000000110355fa,F003,content_collected
F003,F003,6aa1edbd000000002b02566e,F003,content_collected
F003,F003,6aa1f6770000000028035f5f,F003,content_collected
F003,F003,6aa1fac10000000028031ffa,F003,content_collected
F003,F003,6aa1fb51000000002601df57,F003,content_collected
F003,F003,6aa1fbd7000000002b0101d6,F003,content_collected
F003,F003,6aa201a8000000002b000d72,F003,content_collected
F003,F003,6aa2065e000000002a0046c8,F003,content_collected
F003,F003,6aa208490000000011032d07,F003,content_collected
F003,F003,6aa20ade0000000011039885,F003,completed_without_accessible_content
F003,F003,6aa20dd2000000000b0379c5,F003,content_collected
F003,F003,6aa20e56000000002803b295,F003,content_collected
F003,F003,6aa2116c00000000260333c6,F003,content_collected
F003,F003,6aa2140c000000002a02c9d1,F003,content_collected
F003,F003,6aa214440000000028002ee2,F003,content_collected
F003,F003,6aa215900000000025036e08,F003,content_collected
F003,F003,6aa2190a00000000110303e0,F003,content_collected
F003,F003,6aa21a040000000011034c46,F003,content_collected
F003,F003,6aa21b2400000000110352df,F003,content_collected
F003,F003,6aa21b5900000000270156c8,F003,content_collected
F003,F003,6aa21d990000000026015e92,F003,content_collected
F003,F003,6aa21eec000000001202720f,F003,completed_without_accessible_content
F003,F003,6aa220d500000000290187ad,F003,content_collected
F003,F003,6aa220e3000000002b0121f4,F003,content_collected
F003,F003,6aa2234d000000001103ab70,F003,content_collected
F003,F003,6aa223b8000000002502dc3a,F003,content_collected
F003,F003,6aa2262b000000002802ea65,F003,content_collected
F003,F003,6aa22b5b0000000025036b60,F003,content_collected
F003,F003,6aa22fb1000000002502de56,F003,content_collected
F003,F003,6aa237ed000000000b00e934,F003,content_collected
F003,F003,6aa23ab300000000250377f4,F003,content_collected
F003,F003,6aa23b140000000029017a43,F003,content_collected
F003,F003,6aa23cdb000000002b0031c7,F003,content_collected
F003,F003,6aa23dcf000000001203d5cc,F003,content_collected
F003,F003,6aa23e9c0000000011034e8c,F003,content_collected
F003,F003,6aa23f8900000000260151ce,F003,content_collected
F003,F003,6aa244200000000026030383,F003,content_collected
F003,F003,6aa248500000000026017ef6,F003,content_collected
F003,F003,6aa24b61000000002902e5f7,F003,content_collected
F003,F003,6aa24bef0000000028033b2a,F003,content_collected
F003,F003,6aa24d3d000000002b01c1d4,F003,content_collected
F003,F003,6aa250830000000026032746,F003,content_collected
F003,F003,6aa250ae0000000029018d4e,F003,content_collected
F003,F003,6aa25453000000002602282b,F003,content_collected
F003,F003,6aa254b2000000002b02593e,F003,content_collected
F003,F003,6aa257e40000000012035c23,F003,content_collected
F003,F003,6aa25809000000002502f124,F003,content_collected
F003,F003,6aa258eb000000002b0266f5,F003,content_collected
F003,F003,6aa25a66000000001103a0ae,F003,content_collected
F003,F003,6aa25a830000000026023e59,F003,content_collected
F003,F003,6aa25aaa000000001103691a,F003,content_collected
F003,F003,6aa25ce8000000001103358e,F003,content_collected
F003,F003,6aa25dec000000002a004503,F003,content_collected
F003,F003,6aa261a60000000028028e28,F003,content_collected
F003,F003,6aa261b000000000110311a4,F003,content_collected
F003,F003,6aa264fc000000001001d5c9,F003,content_collected
F003,F003,6aa265ec0000000011038b2e,F003,content_collected
F003,F003,6aa2661a0000000012035133,F003,content_collected
F003,F003,6aa2662f0000000025036cca,F003,content_collected
F003,F003,6aa267ff0000000026023065,F003,content_collected
F003,F003,6aa26978000000002502dbf8,F003,content_collected
F003,F003,6aa26aa3000000002901a0bc,F003,content_collected
F003,F003,6aa26b2b0000000026014f1a,F003,content_collected
F003,F003,6aa26d630000000011035ccf,F003,content_collected
F003,F003,6aa26eb4000000002802fd85,F003,content_collected
F003,F003,6aa2780c0000000011032198,F003,content_collected
F003,F003,6aa27bcc0000000026017e10,F003,content_collected
F003,F003,6aa27f4200000000110354f9,F003,content_collected
F003,F003,6aa27f42000000002b000766,F003,content_collected
F003,F003,6aa27fc3000000001103158b,F003,content_collected
F003,F003,6aa28024000000002b000ac9,F003,content_collected
F003,F003,6aa280ea000000000d02403e,F003,content_collected
F003,F003,6aa2818e0000000028036ba6,F003,content_collected
F003,F003,6aa2822b0000000026021a60,F003,content_collected
F003,F003,6aa283e100000000120349f2,F003,content_collected
F003,F003,6aa285c600000000260389dc,F003,content_collected
F003,F003,6aa289d00000000026023689,F003,content_collected
F003,F003,6aa289f4000000001001c735,F003,content_collected
F003,F003,6aa28c5f000000002902dd34,F003,content_collected
F003,F003,6aa28c94000000000b0018cf,F003,content_collected
F003,F003,6aa28dc70000000029019b64,F003,content_collected
F003,F003,6aa29063000000002802d87b,F003,content_collected
F003,F003,6aa290b7000000002b02660f,F003,content_collected
F003,F003,6aa294580000000029015c5d,F003,content_collected
F003,F003,6aa2957a0000000026008aeb,F003,content_collected
F003,F003,6aa2961c000000002b0113d8,F003,content_collected
F003,F003,6aa29814000000000d02ce2b,F003,content_collected
F003,F003,6aa29c340000000029018a67,F003,content_collected
F003,F003,6aa29d0c00000000280350c4,F003,content_collected
F003,F003,6aa29dd6000000000d026fe4,F003,content_collected
F003,F003,6aa29f99000000002802f3a0,F003,content_collected
F003,F003,6aa2a28f000000002802c518,F003,content_collected
F003,F003,6aa2a4da000000000b035296,F003,content_collected
F003,F003,6aa2a5740000000027014d30,F003,content_collected
F003,F003,6aa2aa7c0000000011035bf3,F003,content_collected
F003,F003,6aa2abed00000000110364af,F003,content_collected
F003,F003,6aa2aca30000000029010848,F003,content_collected
F003,F003,6aa2b096000000002902e1c8,F003,content_collected
F003,F003,6aa2b44c000000002a026c65,F003,content_collected
F003,F003,6aa2b48d000000002603a13f,F003,content_collected
F003,F003,6aa2b4fa00000000250356d7,F003,content_collected
F003,F003,6aa2b5e2000000002502fb81,F003,content_collected
F003,F003,6aa2b8b9000000002901a6d7,F003,content_collected
F003,F003,6aa2b932000000002600bdd1,F003,content_collected
F003,F003,6aa2badc000000002601412e,F003,content_collected
F003,F003,6aa2bee800000000260189a3,F003,content_collected
F003,F003,6aa2c3290000000026016fa7,F003,content_collected
F003,F003,6aa2c5270000000011037526,F003,content_collected
F003,F003,6aa2ca13000000002601a8ab,F003,content_collected
F003,F003,6aa2cb4f000000000d02746c,F003,content_collected
F003,F003,6aa2cbef00000000290130e5,F003,content_collected
F003,F003,6aa3348f0000000025036634,F003,content_collected
F003,F003,6aa347860000000029016384,F003,content_collected
F003,F003,6aa35db7000000002700b6ee,F003,content_collected
F003,F003,6aa365d7000000001203ccc8,F003,content_collected
F003,F003,6aa365e40000000011033cf9,F003,content_collected
F003,F003,6aa3668c000000002b001815,F003,content_collected
F003,F003,6aa3697200000000260196f3,F003,content_collected
F003,F003,6aa372b5000000002900c9d9,F003,content_collected
F003,F003,6aa377030000000012037e29,F003,content_collected
F003,F003,6aa3783400000000260171d2,F003,content_collected
F003,F003,6aa37f6e00000000110352cf,F003,content_collected
F003,F003,6aa38170000000001001cf8c,F003,content_collected
F003,F003,6aa38218000000000d0243da,F003,content_collected
F003,F003,6aa3826e00000000110361ea,F003,content_collected
F003,F003,6aa391a20000000012035188,F003,content_collected
F003,F003,6aa39ef80000000011037540,F003,content_collected
F003,F003,6aa3b32a0000000028038e2c,F003,content_collected
F003,F003,6aa3c6100000000011036987,F003,content_collected
F003,F003,6aa3c97c000000000b00d173,F003,content_collected
F003,F003,6aa3cde4000000002b001ca0,F003,content_collected
F003,F003,6aa3cf2000000000260322b0,F003,content_collected
F003,F003,6aa3d3a7000000002b025627,F003,content_collected
F003,F003,6aa3d9520000000028001362,F003,completed_without_accessible_content
F003,F003,6aa3dbdd0000000028035971,F003,content_collected
F003,F003,6aa3e199000000001203440c,F003,content_collected
F003,F003,6aa3e206000000002900e1ab,F003,content_collected
F003,F003,6aa3e3250000000011032c63,F003,content_collected
F003,F003,6aa3e6b70000000029013e6c,F003,content_collected
F003,F003,6aa3e8e4000000002900fbbd,F003,content_collected
F003,F003,6aa3e93e000000002a006bb0,F003,content_collected
F003,F003,6aa3e97100000000110354a6,F003,content_collected
F003,F003,6aa3e9e2000000002802f498,F003,content_collected
F003,F003,6aa3ecd8000000002803b4ad,F003,content_collected
F003,F003,6aa3ef3a0000000029015c72,F003,content_collected
F003,F003,6aa3eff80000000012001be9,F003,content_collected
F003,F003,6aa3f153000000002902f2e7,F003,content_collected
F003,F003,6aa3f6f7000000000d0249cd,F003,content_collected
F003,F003,6aa3fafc000000000b001be8,F003,content_collected
F003,F003,6aa3fd060000000012000cad,F003,content_collected
F003,F003,6aa4042c0000000026038278,F003,content_collected
F003,F003,6aa4042d00000000280283a3,F003,content_collected
F003,F003,6aa4148200000000260308af,F003,content_collected
F003,F003,6aa417b10000000026021e85,F003,content_collected
F003,F003,6aa4195900000000120262d0,F003,content_collected
F003,F003,6aa419ed000000002b027cad,F003,content_collected
F003,F003,6aa42162000000002601a330,F003,content_collected
F003,F003,6aa42322000000002900c989,F003,content_collected
F003,F003,6aa4285b000000000b00c481,F003,content_collected
F003,F003,6aa428a1000000001001f1f9,F003,content_collected
F003,F003,6aa42e860000000012025f8e,F003,content_collected
F003,F003,6aa42f030000000011031739,F003,content_collected
F003,F003,6aa43286000000002901b751,F003,content_collected
F003,F003,6aa43520000000001001d89f,F003,content_collected
F003,F003,6aa43f00000000002701662c,F003,content_collected
F003,F003,6aa440b80000000011033a30,F003,content_collected
F003,F003,6aa440b9000000002b002097,F003,content_collected
F003,F003,6aa443710000000026032070,F003,content_collected
F003,F003,6aa446e40000000012000864,F003,content_collected
F003,F003,6aa4544a00000000120241e9,F003,content_collected
F003,F003,6aa45b010000000026032b01,F003,content_collected
F003,F003,6aa4a0cc000000002601f067,F003,content_collected
F003,F003,6aa4a1ce000000002603123a,F003,content_collected
F003,F003,6aa4a64b0000000011036b03,F003,content_collected
F003,F003,6aa4a79200000000290113a7,F003,content_collected
F003,F003,6aa4a832000000002b01c337,F003,content_collected
F003,F003,6aa4b57b0000000029013b84,F003,content_collected
F003,F003,6aa4b7d7000000002a02d44c,F003,content_collected
F003,F003,6aa4b85e000000002b000aa2,F003,content_collected
F003,F003,6aa4be87000000000b0002bf,F003,content_collected
F003,F003,6aa4c03f000000002802910e,F003,completed_without_accessible_content
F003,F003,6aa4d2ca0000000028036682,F003,content_collected
F003,F003,6aa4d49d000000002900de84,F003,content_collected
F003,F003,6aa4d6a2000000002902fc66,F003,content_collected
F003,F003,6aa4f202000000002b000042,F003,content_collected
F003,F003,6aa4f5c90000000012024ba8,F003,content_collected
F003,F003,6aa4fdb3000000002a0055fb,F003,content_collected
F003,F003,6aa5003e000000002a005ec2,F003,content_collected
F003,F003,6aa5043a0000000028032084,F003,content_collected
F003,F003,6aa504ec00000000120012d4,F003,content_collected
F003,F003,6aa5075a000000002802f566,F003,content_collected
F003,F003,6aa50ae4000000002901b980,F003,content_collected
F003,F003,6aa50cb4000000001001ebb9,F003,content_collected
F003,F003,6aa50dea0000000028030258,F003,content_collected
F003,F003,6aa512ed0000000011036468,F003,content_collected
F003,F003,6aa5168a000000002802ae75,F003,content_collected
F003,F003,6aa5193d0000000029012ed1,F003,content_collected
F003,F003,6aa51dd80000000011032cf4,F003,content_collected
F003,F003,6aa520110000000011039ccf,F003,content_collected
F003,F003,6aa526c2000000001103b9ae,F003,content_collected
F003,F003,6aa52ccd000000002802bff5,F003,content_collected
F003,F003,6aa52d99000000002502f4fe,F003,content_collected
F003,F003,6aa5314000000000110370f8,F003,content_collected
F003,F003,6aa5332200000000120242aa,F003,content_collected
F003,F003,6aa534ef000000001001f87b,F003,content_collected
F003,F003,6aa5380b000000002900de0e,F003,content_collected
F003,F003,6aa53c88000000001203511f,F003,content_collected
F003,F003,6aa53d3500000000120269cc,F003,completed_without_accessible_content
F003,F003,6aa53d8e000000002601be51,F003,content_collected
F003,F003,6aa541e2000000002800149d,F003,content_collected
F003,F003,6aa541e50000000026009521,F003,content_collected
F003,F003,6aa541e8000000002700b7b2,F003,content_collected
F003,F003,6aa542780000000028033fff,F003,content_collected
F004,F004,6a6c8918000000002403d5c4,F004,content_collected
F004,F004,6a6c9b8a0000000005028126,F004,content_collected
F004,F004,6a6cbbc7000000002c002322,F004,content_collected
F004,F004,6a6cebd20000000022032559,F004,content_collected
F004,F004,6a6d462900000000320222e1,F004,content_collected
F004,F004,6a6d5c38000000002800a8af,F004,content_collected
F004,F004,6a6d5d8e000000003302f48f,F004,content_collected
F004,F004,6a6d814c0000000033019b0d,F004,content_collected
F004,F004,6a6dfdbe0000000029030751,F004,content_collected
F004,F004,6a7168e3000000002403f56a,F004,content_collected
F004,F004,6a72b53c000000003300a799,F004,content_collected
F004,F004,6a7337d9000000002500e2a4,F004,content_collected
F004,F004,6a7d3edf00000000330302c5,F004,content_collected
F004,F004,6a87018500000000140259b4,F004,content_collected
F004,F004,6a881a5f000000003b01449d,F004,content_collected
F004,F004,6a8852dd000000001f01e736,F004,content_collected
F004,F004,6a8c4f0b00000000080126b2,F004,content_collected
F004,F004,6a9bd1ab000000002502ce66,F004,content_collected
F004,F004,6aa0d5b7000000002502efc3,F004,content_collected
F004,F004,6aa0f9cd000000001103b1c3,F004,content_collected
F004,F004,6aa1153a000000002a025592,F004,content_collected
F004,F004,6aa1fbdb000000000b0025a8,F004,content_collected
F004,F004,6aa212a300000000260211b4,F004,completed_without_accessible_content
F004,F004,6aa23eda000000002901324d,F004,content_collected
F004,F004,6aa25293000000002b01d200,F004,content_collected
F004,F004,6aa359b3000000002b0034ff,F004,content_collected
F004,F004,6aa36c0d000000002b002975,F004,content_collected
F004,F004,6aa37303000000002a02cdd6,F004,content_collected
F004,F004,6aa376ab000000002901af04,F004,content_collected
F004,F004,6aa3786d000000002901b49f,F004,content_collected
F004,F004,6aa38f350000000026008992,F004,content_collected
F004,F004,6aa3a469000000001200344f,F004,content_collected
F004,F004,6aa3bbac0000000011032398,F004,content_collected
F004,F004,6aa3c96e000000002902d350,F004,completed_without_accessible_content
F004,F004,6aa3cc40000000002602011d,F004,completed_without_accessible_content
F004,F004,6aa3e1f7000000001202579f,F004,content_collected
F004,F004,6aa40b9c000000000b037c9b,F004,content_collected
F004,F004,6aa4193e0000000028039598,F004,content_collected
F004,F004,6aa42ae50000000011034ac9,F004,content_collected
F004,F004,6aa4b9590000000012035e0f,F004,content_collected
F004,F004,6aa4c8b500000000270147a0,F004,content_collected
F004,F004,6aa51478000000001001df33,F004,completed_without_accessible_content
F004,F004,6aa539280000000011032097,F004,content_collected
F004,F004,6aa53a20000000002502c43f,F004,content_collected
F004,F004,6aa54f3e000000002b01ee70,F004,content_collected
F004,F004,6aa5540f0000000011035c28,F004,content_collected
F004,F004,6aa558ca0000000025037cea,F004,content_collected
F004,F004,6aa55a04000000002b01370d,F004,content_collected
F004,F004,6aa55db6000000002601b5d0,F004,content_collected
F004,F004,6aa56090000000001103a748,F004,content_collected
F004,F004,6aa563b00000000011034269,F004,content_collected
F004,F004,6aa5675d000000002502f407,F004,content_collected
F004,F004,6aa56a4400000000260176fb,F004,content_collected
F004,F004,6aa56c9d0000000011037745,F004,content_collected
F004,F004,6aa59aa6000000000d02719c,F004,content_collected
F005,F005,6a28d67c0000000007026c53,F005,content_collected
F005,F005,6a28f34c000000002101b015,F005,content_collected
F005,F005,6a2a12040000000017009753,F005,content_collected
F005,F005,6a2f951300000000110193e6,F005,content_collected
F005,F005,6a4628a9000000000e038401,F005,content_collected
F005,F005,6a49f8280000000015026360,F005,content_collected
F005,F005,6a4b9c0300000000150268ec,F005,content_collected
F005,F005,6a4e1bb6000000000f02a894,F005,content_collected
F005,F005,6a558ebb00000000070259c9,F005,content_collected
F005,F005,6a563b13000000001702de1e,F005,content_collected
F005,F005,6a56a81b000000002201bcd9,F005,content_collected
F005,F005,6a5a222e00000000100268b0,F005,content_collected
F005,F005,6a5a361b000000000401c8ef,F005,content_collected
F005,F005,6a5bbe9c000000000503a515,F005,content_collected
F005,F005,6a5f17c2000000000101f471,F005,content_collected
F005,F005,6a62d828000000000f00b6fe,F005,content_collected
F005,F005,6a631d750000000001002d50,F005,content_collected
F005,F005,6a63a23d000000001302f1c0,F005,content_collected
F005,F005,6a63b1e80000000001032a9b,F005,content_collected
F005,F005,6a63eaf1000000000f0118fa,F005,content_collected
F005,F005,6a63f02e000000000a03bce8,F005,content_collected
F005,F005,6a6426bf000000000f03eed7,F005,content_collected
F005,F005,6a642cb8000000000100f2d7,F005,content_collected
F005,F005,6a6474b90000000011012acc,F005,content_collected
F005,F005,6a6709830000000010024394,F005,content_collected
F005,F005,6a68c6370000000008009c01,F005,content_collected
F005,F005,6a693ef9000000001d0219dd,F005,content_collected
F005,F005,6a6b7177000000002402d11b,F005,content_collected
F005,F005,6a72c14d0000000005033020,F005,content_collected
F005,F005,6a737c370000000011022735,F005,content_collected
F005,F005,6a75e950000000003301b40a,F005,content_collected
F005,F005,6a7a84c90000000025004d34,F005,content_collected
F005,F005,6a7d61d50000000006006231,F005,content_collected
F005,F005,6a8016b9000000003301b4e6,F005,content_collected
F005,F005,6a8891df000000002b0268fb,F005,content_collected
F005,F005,6a8bd1b4000000001700af2c,F005,content_collected
F005,F005,6a8d5bb9000000001602a265,F005,content_collected
F005,F005,6a908a87000000000a00b76a,F005,content_collected
F005,F005,6a90f5ae0000000025018948,F005,content_collected
F005,F005,6a916e7f000000002600016f,F005,content_collected
F005,F005,6a91e6fe00000000210268e2,F005,content_collected
F005,F005,6a9441cb000000002102e427,F005,content_collected
F005,F005,6a954052000000000b027063,F005,content_collected
F005,F005,6a9600fb000000000b00e46b,F005,content_collected
F005,F005,6a9701cb000000002601b003,F005,content_collected
F005,F005,6a97122c000000002800329c,F005,content_collected
F005,F005,6a9719bc0000000011021801,F005,content_collected
F005,F005,6a97262b00000000260308ee,F005,content_collected
F005,F005,6a97424700000000120356ed,F005,content_collected
F005,F005,6a979ebd0000000025035c3d,F005,content_collected
F005,F005,6a97bc25000000002601aea4,F005,content_collected
F005,F005,6a97d627000000002a0278b3,F005,content_collected
F005,F005,6a9818350000000011032364,F005,content_collected
F005,F005,6a982bb000000000280025ea,F005,content_collected
F005,F005,6a9835d0000000002902cbe3,F005,content_collected
F005,F005,6a9845d5000000000d0275e1,F005,content_collected
F005,F005,6a98cd0e000000000b002504,F005,content_collected
F005,F005,6a98d290000000002a02e56f,F005,content_collected
F005,F005,6a98dc88000000002601ac54,F005,content_collected
F005,F005,6a98f10500000000110367c4,F005,content_collected
F005,F005,6a9925ef000000002b026b9b,F005,content_collected
F005,F005,6a9961a7000000002a02df0f,F005,content_collected
F005,F005,6a9bb544000000002600ba99,F005,content_collected
F005,F005,6a9ce78100000000280340c0,F005,content_collected
F005,F005,6a9cf4ea000000000b002035,F005,content_collected
F005,F005,6a9d0972000000002803929c,F005,content_collected
F005,F005,6a9d23e7000000002802bb21,F005,content_collected
F005,F005,6a9d3c330000000011038144,F005,content_collected
F005,F005,6a9d4b89000000002b01171f,F005,completed_without_accessible_content
F005,F005,6a9ddd0a0000000026018c00,F005,content_collected
F005,F005,6a9de5bc000000002b0116af,F005,content_collected
F005,F005,6a9e291c000000002b003eb0,F005,content_collected
F005,F005,6a9e5711000000002601db91,F005,content_collected
F005,F005,6a9ea2bf000000002b01d510,F005,content_collected
F005,F005,6a9eab55000000002502c395,F005,content_collected
F005,F005,6a9eabec000000002900f610,F005,content_collected
F005,F005,6a9ead8b00000000120002e2,F005,content_collected
F005,F005,6a9ec95e000000001001ff7b,F005,content_collected
F005,F005,6a9f9ed50000000011031c65,F005,content_collected
F005,F005,6aa00ab000000000290148de,F005,content_collected
F005,F005,6aa03089000000000d0243a7,F005,content_collected
F005,F005,6aa10a2c000000002b013a86,F005,content_collected
F005,F005,6aa26643000000002601cb85,F005,content_collected
F005,F005,6aa29999000000002600981f,F005,completed_without_accessible_content
F005,F005,6aa35872000000001203e37e,F005,content_collected
F005,F005,6aa3650a0000000011037a7d,F005,content_collected
F005,F005,6aa36b2e000000000f039800,F005,content_collected
F005,F005,6aa36deb0000000028029e39,F005,content_collected
F005,F005,6aa37e4a0000000011039278,F005,content_collected
F005,F005,6aa386430000000025037232,F005,content_collected
F005,F005,6aa395e300000000260149c1,F005,content_collected
F005,F005,6aa3960a000000001203ebf3,F005,content_collected
F005,F005,6aa3967f000000000b03734c,F005,content_collected
F005,F005,6aa39c82000000002b01366c,F005,content_collected
F005,F005,6aa3c59c0000000027009ed0,F005,content_collected
F005,F005,6aa3ce1f00000000120017f5,F005,content_collected
F005,F005,6aa3d89b000000000d02b48e,F005,content_collected
F005,F005,6aa3fd94000000002601dded,F005,content_collected
F005,F005,6aa41ac70000000026031b25,F005,content_collected
F005,F005,6aa4332200000000260226e1,F005,content_collected
F005,F005,6aa4385d0000000025036a6b,F005,content_collected
F005,F005,6aa4484c000000002502e069,F005,content_collected
F005,F005,6aa44e53000000002601c63c,F005,content_collected
F005,F005,6aa4b606000000002b026681,F005,content_collected
F005,F005,6aa4ce90000000002802813c,F005,content_collected
F005,F005,6aa4de96000000000e03f000,F005,content_collected
F005,F005,6aa4e06a000000002803b08b,F005,content_collected
F005,F005,6aa4ebb6000000002a02f64e,F005,content_collected
F005,F005,6aa4ef70000000002a02c28b,F005,completed_without_accessible_content
F005,F005,6aa4f6d80000000028033270,F005,content_collected
F005,F005,6aa4f8d4000000002900e069,F005,content_collected
F005,F005,6aa5087d000000001103601d,F005,completed_without_accessible_content
F005,F005,6aa50e7a000000002700a730,F005,content_collected
F005,F005,6aa529fe000000001103005a,F005,content_collected
F005,F005,6aa53e760000000012026ebc,F005,content_collected
F005,F005,6aa546dc000000002701766b,F005,content_collected
F005,F005,6aa556ac0000000011032bdb,F005,content_collected
F005,F005,6aa5583c00000000110336a8,F005,content_collected
F005,F005,6aa5587100000000120026e9,F005,content_collected
F005,F005,6aa56764000000000b000741,F005,content_collected
F005,F005,6aa57685000000001103b454,F005,content_collected
F005,F005,6aa577380000000028002366,F005,content_collected
F005,F005,6aa5940f00000000120241f6,F005,content_collected
F006,F006,666238ff000000000600669e,F006,content_collected
F006,F006,68dd183a00000000040014c2,F006,content_collected
F006,F006,6927b790000000001e0160d1,F006,content_collected
F006,F006,69285cca000000001f00eae2,F006,content_collected
F006,F006,6944ee8a000000001d03d56e,F006,content_collected
F006,F006,698539670000000022021749,F006,content_collected
F006,F006,69c20de8000000002200e80a,F006,content_collected
F006,F006,69d2149d000000002202adf5,F006,content_collected
F006,F006,69d4cf7c000000002200259e,F006,content_collected
F006,F006,69d76d90000000002102e9de,F006,content_collected
F006,F006,69dca36400000000230076c5,F006,content_collected
F006,F006,69f0e4f8000000002301e0a8,F006,content_collected
F006,F006,69f16efb000000003600093f,F006,content_collected
F006,F006,6a099f79000000003502fad6,F006,content_collected
F006,F006,6a3b3e78000000002101533f,F006,content_collected
F006,F006,6a3bbdcc000000000803cac9,F006,content_collected
F006,F006,6a3d35b2000000001602442f,F006,content_collected
F006,F006,6a40f91d000000002101a6bb,F006,content_collected
F006,F006,6a4f4c9d0000000011006f6e,F006,content_collected
F006,F006,6a548aa70000000021008a6f,F006,content_collected
F006,F006,6a550b10000000001702ce0e,F006,content_collected
F006,F006,6a5702d0000000002003bcb4,F006,content_collected
F006,F006,6a605d3a0000000010024014,F006,content_collected
F006,F006,6a684748000000001b01c98a,F006,content_collected
F006,F006,6a6be375000000002701f696,F006,content_collected
F006,F006,6a6e3ac30000000025004c08,F006,content_collected
F006,F006,6a6ee2de00000000330123b6,F006,content_collected
F006,F006,6a729d4200000000290308d0,F006,content_collected
F006,F006,6a75817700000000080109ec,F006,content_collected
F006,F006,6a7c106d000000002800ab60,F006,content_collected
F006,F006,6a7c4f2f00000000220321c3,F006,content_collected
F006,F006,6a8309bc00000000220304b8,F006,content_collected
F006,F006,6a86c1170000000032032364,F006,content_collected
F006,F006,6a8d421f00000000240271cc,F006,content_collected
F006,F006,6a8d56b80000000028027c40,F006,content_collected
F006,F006,6a8e4a8800000000240065f5,F006,content_collected
F006,F006,6a9262bd000000002903dbce,F006,content_collected
F006,F006,6a94440700000000290359e6,F006,content_collected
F006,F006,6a945828000000000400abcd,F006,content_collected
F006,F006,6a953ee6000000001f0000f9,F006,content_collected
F006,F006,6a992e320000000026019ec1,F006,content_collected
F006,F006,6a997be8000000002502eb49,F006,content_collected
F006,F006,6a99d5d5000000000f03a800,F006,content_collected
F006,F006,6a99d98e000000002502d91c,F006,content_collected
F006,F006,6a99e9d6000000002502df5d,F006,content_collected
F006,F006,6a9a3115000000002b01e8a9,F006,content_collected
F006,F006,6a9a3208000000002901a2d0,F006,content_collected
F006,F006,6a9a34470000000026020f53,F006,content_collected
F006,F006,6a9a3dca0000000026038eec,F006,content_collected
F006,F006,6a9a40640000000026014c0d,F006,content_collected
F006,F006,6a9a44140000000011031ef3,F006,content_collected
F006,F006,6a9a4b700000000028003060,F006,content_collected
F006,F006,6a9a5546000000002601a424,F006,content_collected
F006,F006,6a9a6ef4000000000d025edf,F006,content_collected
F006,F006,6a9a8b43000000002902d29d,F006,content_collected
F006,F006,6a9a8cfa00000000260095d5,F006,content_collected
F006,F006,6a9a8e3c0000000025034737,F006,content_collected
F006,F006,6a9a97e9000000002602325f,F006,content_collected
F006,F006,6a9aafee000000002b027540,F006,content_collected
F006,F006,6a9ae7af000000002802a1dc,F006,content_collected
F006,F006,6a9b1f0a00000000280027d1,F006,content_collected
F006,F006,6a9b2f92000000000d02d1b2,F006,content_collected
F006,F006,6a9b4668000000001203d731,F006,content_collected
F006,F006,6a9b5aeb0000000025037d66,F006,content_collected
F006,F006,6a9b5c2d000000002a007e90,F006,content_collected
F006,F006,6a9b68c6000000002602071b,F006,content_collected
F006,F006,6a9b6927000000001203fbf5,F006,content_collected
F006,F006,6a9b6bf3000000002803ba2a,F006,content_collected
F006,F006,6a9b709000000000280295da,F006,content_collected
F006,F006,6a9b7a66000000002b026dbc,F006,content_collected
F006,F006,6a9b7dde00000000110398c6,F006,content_collected
F006,F006,6a9b826e000000002b02454b,F006,content_collected
F006,F006,6a9ba1f7000000002902d345,F006,content_collected
F006,F006,6a9ba92c000000002a024b29,F006,content_collected
F006,F006,6a9baacb000000002b01c428,F006,content_collected
F006,F006,6a9bb2690000000011038eb5,F006,content_collected
F006,F006,6a9bb2f1000000002902ccf2,F006,content_collected
F006,F006,6a9bb344000000000d024d73,F006,content_collected
F006,F006,6a9bb4ae0000000011037cf1,F006,content_collected
F006,F006,6a9bbc300000000012001f0f,F006,content_collected
F006,F006,6a9bc2d20000000029017835,F006,content_collected
F006,F006,6a9bc6cc00000000260165fd,F006,content_collected
F006,F006,6a9bcb0c000000002b01ed7f,F006,content_collected
F006,F006,6a9bcd6800000000120377db,F006,content_collected
F006,F006,6a9bd668000000002803067f,F006,content_collected
F006,F006,6a9be471000000002603221a,F006,content_collected
F006,F006,6a9be5f1000000002700b326,F006,content_collected
F006,F006,6a9bf3b9000000000b00d30a,F006,content_collected
F006,F006,6a9bfff2000000001001fa7c,F006,content_collected
F006,F006,6a9c0e470000000028002a0a,F006,content_collected
F006,F006,6a9c1e87000000001001fb31,F006,content_collected
F006,F006,6a9c2150000000002b0252cc,F006,content_collected
F006,F006,6a9c220400000000280391cb,F006,content_collected
F006,F006,6a9c27d50000000014013f97,F006,content_collected
F006,F006,6a9c414e000000002a024122,F006,content_collected
F006,F006,6a9c47ef000000002802c6c7,F006,content_collected
F006,F006,6a9c4f0d000000002802880a,F006,content_collected
F006,F006,6a9c50360000000026014249,F006,content_collected
F006,F006,6a9c5cf7000000000b034284,F006,content_collected
F006,F006,6a9c6b7100000000280347d2,F006,content_collected
F006,F006,6a9c6c5f000000001401ddc0,F006,content_collected
F006,F006,6a9c8ac7000000000b00fe54,F006,content_collected
F006,F006,6a9c99ea000000002a02d4dd,F006,content_collected
F006,F006,6a9cb3a5000000002601f6db,F006,content_collected
F006,F006,6a9ccffd000000002b027825,F006,content_collected
F006,F006,6a9cd244000000002601f840,F006,content_collected
F006,F006,6a9cd6ab00000000290176bd,F006,content_collected
F006,F006,6a9cef26000000002b01d780,F006,content_collected
F006,F006,6a9cfe5f000000000b003bd8,F006,content_collected
F006,F006,6a9d00290000000011031c4a,F006,content_collected
F006,F006,6a9d2206000000002601ee07,F006,content_collected
F006,F006,6a9d23d9000000002b0278cf,F006,content_collected
F006,F006,6a9d2b0c0000000026032e3e,F006,content_collected
F006,F006,6a9d318f000000002902d3b6,F006,content_collected
F006,F006,6a9d34a8000000001202716a,F006,content_collected
F006,F006,6a9d35d2000000002802b607,F006,content_collected
F006,F006,6a9d37a30000000026009070,F006,content_collected
F006,F006,6a9d3ac4000000001203cf3f,F006,content_collected
F006,F006,6a9d42df00000000120265ff,F006,content_collected
F006,F006,6a9d4541000000000b001e36,F006,content_collected
F006,F006,6a9d4baf000000002b01fd1f,F006,completed_without_accessible_content
F006,F006,6a9d4cc2000000002502c4f0,F006,content_collected
F006,F006,6a9d4d390000000012024a7a,F006,content_collected
F006,F006,6a9d51970000000026032af9,F006,content_collected
F006,F006,6a9d51bc0000000026014097,F006,content_collected
F006,F006,6a9d51c1000000002901898a,F006,content_collected
F006,F006,6a9d5623000000002900fb80,F006,content_collected
F006,F006,6a9d599c00000000110379bf,F006,content_collected
F006,F006,6a9d604000000000290131e3,F006,content_collected
F006,F006,6a9d67d2000000001103512b,F006,content_collected
F006,F006,6a9d6995000000002502f469,F006,content_collected
F006,F006,6a9d6a56000000002b013aed,F006,content_collected
F006,F006,6a9d6f07000000001103351f,F006,content_collected
F006,F006,6a9d711a000000001001e87a,F006,content_collected
F006,F006,6a9d7a4d00000000280292c9,F006,content_collected
F006,F006,6a9d7e410000000026021379,F006,content_collected
F006,F006,6a9d7e6a00000000250352db,F006,content_collected
F006,F006,6a9d84e90000000012025278,F006,content_collected
F006,F006,6a9d8590000000002901ad40,F006,content_collected
F006,F006,6a9d8799000000001001e165,F006,content_collected
F006,F006,6a9d8800000000002b01f8ce,F006,content_collected
F006,F006,6a9d8a69000000002a02e882,F006,content_collected
F006,F006,6a9d9d5500000000120377c8,F006,content_collected
F006,F006,6a9da9d5000000002b0104f6,F006,content_collected
F006,F006,6a9dcaac0000000012003941,F006,content_collected
F006,F006,6a9dcc2b000000002901023d,F006,content_collected
F006,F006,6a9dd4b00000000026016f5c,F006,content_collected
F006,F006,6a9dd50400000000250377df,F006,content_collected
F006,F006,6a9e0bc00000000025037b32,F006,content_collected
F006,F006,6a9e12580000000029013c98,F006,content_collected
F006,F006,6a9e1a7e0000000026018eb0,F006,content_collected
F006,F006,6a9e25590000000012002b88,F006,content_collected
F006,F006,6a9e25a00000000026039a52,F006,content_collected
F006,F006,6a9e2730000000002902c537,F006,content_collected
F006,F006,6a9e29e6000000002603a68a,F006,content_collected
F006,F006,6a9e352d0000000029012a36,F006,content_collected
F006,F006,6a9e3825000000002803714b,F006,content_collected
F006,F006,6a9e3bd400000000280311a5,F006,content_collected
F006,F006,6a9e3ee1000000000d02966e,F006,content_collected
F006,F006,6a9e4399000000002b000841,F006,content_collected
F006,F006,6a9e451900000000260184e8,F006,completed_without_accessible_content
F006,F006,6a9e5db10000000019030a5c,F006,content_collected
F006,F006,6a9e6b410000000025035a32,F006,content_collected
F006,F006,6a9e7aa10000000026032db5,F006,content_collected
F006,F006,6a9e7ba30000000029018e2d,F006,content_collected
F006,F006,6a9e7ed50000000026014da3,F006,content_collected
F006,F006,6a9e81be000000001001cedf,F006,content_collected
F006,F006,6a9e8923000000002601fdb9,F006,content_collected
F006,F006,6a9e8a36000000002b02465a,F006,content_collected
F006,F006,6a9e8aee0000000028028bf6,F006,content_collected
F006,F006,6a9e93320000000028038cbe,F006,content_collected
F006,F006,6a9e94a0000000002502fdff,F006,content_collected
F006,F006,6a9e95c9000000002b000649,F006,content_collected
F006,F006,6a9e970d0000000029015abf,F006,content_collected
F006,F006,6a9e9bb400000000260142b4,F006,content_collected
F006,F006,6a9e9c0c000000000d027296,F006,content_collected
F006,F006,6a9e9cdb000000001001f7f3,F006,content_collected
F006,F006,6a9ea05d0000000026021086,F006,content_collected
F006,F006,6a9ea480000000000b034617,F006,content_collected
F006,F006,6a9ea517000000000b0347f0,F006,content_collected
F006,F006,6a9ebd4f000000000d027759,F006,content_collected
F006,F006,6a9ec002000000002b027289,F006,content_collected
F006,F006,6a9ec9ae000000002b0250a8,F006,content_collected
F006,F006,6a9ecc6d00000000280310d2,F006,content_collected
F006,F006,6a9ed1b10000000026023f1f,F006,content_collected
F006,F006,6a9ed3ef000000002601819b,F006,completed_without_accessible_content
F006,F006,6a9ed905000000002901b6ac,F006,content_collected
F006,F006,6a9ed9f5000000000d0250b7,F006,content_collected
F006,F006,6a9edc580000000029016c0d,F006,content_collected
F006,F006,6a9edfac0000000012025199,F006,content_collected
F006,F006,6a9eea980000000011032286,F006,content_collected
F006,F006,6a9efa6c000000000b00c5e1,F006,content_collected
F006,F006,6a9f22c1000000002502f43d,F006,content_collected
F006,F006,6a9f61df00000000260169c7,F006,content_collected
F006,F006,6a9f68a7000000002900dc7a,F006,content_collected
F006,F006,6a9f6d00000000002802f715,F006,content_collected
F006,F006,6a9f6e0c00000000110367df,F006,content_collected
F006,F006,6a9f77d4000000001001c38b,F006,content_collected
F006,F006,6a9f7d46000000002803273e,F006,content_collected
F006,F006,6a9f8db700000000290124ad,F006,content_collected
F006,F006,6a9f93fc00000000280374dc,F006,content_collected
F006,F006,6a9fa0e1000000001001d1bc,F006,content_collected
F006,F006,6a9fa1cd000000002802c4de,F006,content_collected
F006,F006,6a9faf0a000000001001dbc4,F006,content_collected
F006,F006,6a9fb1c90000000011033f6a,F006,content_collected
F006,F006,6a9fb1ec00000000120271ca,F006,content_collected
F006,F006,6a9fb209000000002902dc9d,F006,content_collected
F006,F006,6a9fb6ec000000002802f709,F006,content_collected
F006,F006,6a9fc6120000000025037620,F006,content_collected
F006,F006,6a9fca3e0000000026009dfb,F006,content_collected
F006,F006,6a9fcac100000000250352b5,F006,content_collected
F006,F006,6a9fd112000000002600b5cb,F006,content_collected
F006,F006,6a9fdc3d000000002802dddd,F006,content_collected
F006,F006,6a9fe48700000000120364f8,F006,content_collected
F006,F006,6a9fe5f2000000001203fa50,F006,content_collected
F006,F006,6a9ff6a7000000002802fd30,F006,content_collected
F006,F006,6aa003f3000000002b00237b,F006,content_collected
F006,F006,6aa006ae000000000b00f08b,F006,content_collected
F006,F006,6aa009fa0000000026015788,F006,content_collected
F006,F006,6aa01659000000000b00e328,F006,completed_without_accessible_content
F006,F006,6aa02931000000000b003391,F006,content_collected
F006,F006,6aa0293e0000000025037f16,F006,content_collected
F006,F006,6aa02ed9000000001001c608,F006,content_collected
F006,F006,6aa034b3000000002b024fbd,F006,content_collected
F006,F006,6aa050bc000000002b010949,F006,content_collected
F006,F006,6aa0581f0000000012035630,F006,content_collected
F006,F006,6aa06d9300000000110338b9,F006,content_collected
F006,F006,6aa07b82000000000e03f400,F006,content_collected
F006,F006,6aa0ddd10000000028031b8f,F006,content_collected
F006,F006,6aa0e92a0000000026031b5a,F006,content_collected
F006,F006,6aa0eb4d0000000026009a03,F006,content_collected
F006,F006,6aa0eb6b000000002b00220a,F006,content_collected
F006,F006,6aa0f5eb000000002901a0c8,F006,content_collected
F006,F006,6aa1012a0000000011038b37,F006,content_collected
F006,F006,6aa119e7000000002b002e69,F006,completed_without_accessible_content
F006,F006,6aa11e070000000028031b47,F006,content_collected
F006,F006,6aa128370000000028028bde,F006,completed_without_accessible_content
F006,F006,6aa13a3b000000001001c743,F006,content_collected
F006,F006,6aa144c0000000002901a346,F006,content_collected
F006,F006,6aa14f1b0000000012024593,F006,completed_without_accessible_content
F006,F006,6aa1522d0000000028038b71,F006,content_collected
F006,F006,6aa15a28000000002a027a92,F006,content_collected
F006,F006,6aa15b11000000000b00cafa,F006,content_collected
F006,F006,6aa1773b000000002900e157,F006,content_collected
F006,F006,6aa17b3c0000000026014ed8,F006,content_collected
F006,F006,6aa18c8500000000290120e7,F006,content_collected
F006,F006,6aa18d400000000026008035,F006,content_collected
F006,F006,6aa191270000000026030d7d,F006,content_collected
F006,F006,6aa20589000000002502fb98,F006,content_collected
F006,F006,6aa211ac0000000011031ac5,F006,content_collected
F006,F006,6aa2122e00000000280361c2,F006,completed_without_accessible_content
F006,F006,6aa2142f000000000d024aa9,F006,completed_without_accessible_content
F006,F006,6aa2198e00000000120033f5,F006,content_collected
F006,F006,6aa221b3000000002502d0a2,F006,content_collected
F006,F006,6aa22a9e000000002902c184,F006,content_collected
F006,F006,6aa22ddd000000002a02d86b,F006,content_collected
F006,F006,6aa22eb2000000002901b06c,F006,completed_without_accessible_content
F006,F006,6aa230f5000000002802bff7,F006,content_collected
F006,F006,6aa23370000000002b027cb5,F006,content_collected
F006,F006,6aa2338d00000000290110a7,F006,content_collected
F006,F006,6aa237c60000000011036d66,F006,content_collected
F006,F006,6aa23973000000002803822f,F006,content_collected
F006,F006,6aa23e22000000002b01d780,F006,content_collected
F006,F006,6aa24bfa000000002802ed6d,F006,content_collected
F006,F006,6aa25057000000002902f764,F006,content_collected
F006,F006,6aa252af000000002802d28b,F006,content_collected
F006,F006,6aa25524000000002603a24d,F006,content_collected
F006,F006,6aa25a9d000000001203f6b8,F006,content_collected
F006,F006,6aa25b6c000000002701530d,F006,content_collected
F006,F006,6aa25e27000000001001ec28,F006,content_collected
F006,F006,6aa25fa90000000026014817,F006,content_collected
F006,F006,6aa26739000000001203558d,F006,content_collected
F006,F006,6aa267f8000000000b00f87a,F006,content_collected
F006,F006,6aa269c8000000002a02722c,F006,content_collected
F006,F006,6aa27156000000002603bf87,F006,content_collected
F006,F006,6aa271e400000000280284c5,F006,content_collected
F006,F006,6aa273230000000027016315,F006,content_collected
F006,F006,6aa273520000000028003562,F006,content_collected
F006,F006,6aa273a60000000011038199,F006,content_collected
F006,F006,6aa27cac000000002a02758f,F006,content_collected
F006,F006,6aa27cd8000000001001f354,F006,content_collected
F006,F006,6aa2814d000000002502fc3f,F006,content_collected
F006,F006,6aa286bf000000000b0371df,F006,content_collected
F006,F006,6aa287350000000028029152,F006,content_collected
F006,F006,6aa28b1c000000002601cc43,F006,content_collected
F006,F006,6aa28d6400000000290114fb,F006,content_collected
F006,F006,6aa296d9000000002a024cec,F006,content_collected
F006,F006,6aa2999a000000000d00a612,F006,content_collected
F006,F006,6aa29bdd000000002901097f,F006,content_collected
F006,F006,6aa2a181000000001103658c,F006,content_collected
F006,F006,6aa2a1d0000000001001d6d2,F006,content_collected
F006,F006,6aa2ab0a000000001001cea6,F006,content_collected
F006,F006,6aa2ab990000000026031882,F006,content_collected
F006,F006,6aa2ad0400000000290109a7,F006,content_collected
F006,F006,6aa2b0f6000000002b0029c6,F006,content_collected
F006,F006,6aa2b61f0000000011031e96,F006,completed_without_accessible_content
F006,F006,6aa2b6f5000000001001d6f3,F006,content_collected
F006,F006,6aa2b6f50000000026016a9a,F006,content_collected
F006,F006,6aa2c16b0000000026019118,F006,content_collected
F006,F006,6aa2c7490000000028036729,F006,content_collected
F006,F006,6aa2c8f9000000001103043c,F006,content_collected
F006,F006,6aa2cd64000000002b003bf1,F006,content_collected
F006,F006,6aa2d0ca000000002b01e5d9,F006,content_collected
F006,F006,6aa2d4520000000028032b8b,F006,content_collected
F006,F006,6aa2dacc000000002502f22c,F006,content_collected
F006,F006,6aa2e8cc000000002a005b74,F006,content_collected
F006,F006,6aa2eee4000000000b037f05,F006,content_collected
F006,F006,6aa2f1900000000012034b1f,F006,content_collected
F006,F006,6aa3403100000000250375c9,F006,content_collected
F006,F006,6aa340cb000000002802d551,F006,content_collected
F006,F006,6aa34195000000002b02741d,F006,completed_without_accessible_content
F006,F006,6aa34b420000000027008c18,F006,content_collected
F006,F006,6aa34e2300000000290126d4,F006,content_collected
F006,F006,6aa3567b0000000026017a40,F006,content_collected
F006,F006,6aa3597e00000000110396a9,F006,content_collected
F006,F006,6aa35b46000000000b034975,F006,content_collected
F006,F006,6aa35b5c000000002b013bc9,F006,content_collected
F006,F006,6aa35c57000000000d027070,F006,content_collected
F006,F006,6aa363a9000000002502cf03,F006,content_collected
F006,F006,6aa36590000000002901b9d9,F006,completed_without_accessible_content
F006,F006,6aa36842000000002a004e6e,F006,content_collected
F006,F006,6aa369ad00000000110354de,F006,content_collected
F006,F006,6aa36a030000000026009d49,F006,content_collected
F006,F006,6aa370d3000000002b025c4a,F006,content_collected
F006,F006,6aa372fc000000002802e7f2,F006,content_collected
F006,F006,6aa3792c0000000011032d8a,F006,content_collected
F006,F006,6aa37f21000000002700a8dd,F006,content_collected
F006,F006,6aa3822e000000002602362d,F006,content_collected
F006,F006,6aa3832c000000000b001427,F006,content_collected
F006,F006,6aa38d11000000002b01eba4,F006,content_collected
F006,F006,6aa39687000000002601985e,F006,content_collected
F006,F006,6aa39b810000000025035cb5,F006,content_collected
F006,F006,6aa3a1e600000000280035a0,F006,content_collected
F006,F006,6aa3a3120000000029015496,F006,content_collected
F006,F006,6aa3a44b0000000011038ab3,F006,content_collected
F006,F006,6aa3a4a10000000028037b4c,F006,content_collected
F006,F006,6aa3a987000000002901694a,F006,content_collected
F006,F006,6aa3aa31000000002b001ef3,F006,content_collected
F006,F006,6aa3aa590000000028028f1c,F006,content_collected
F006,F006,6aa3b361000000002502ce00,F006,content_collected
F006,F006,6aa3b5a2000000002901517c,F006,content_collected
F006,F006,6aa3b6e600000000120038df,F006,content_collected
F006,F006,6aa3bfb8000000002502dd96,F006,content_collected
F006,F006,6aa3c0c1000000001103050b,F006,content_collected
F006,F006,6aa3c21a000000002502ed4e,F006,content_collected
F006,F006,6aa3c5a20000000027014603,F006,content_collected
F006,F006,6aa3c967000000002901b197,F006,content_collected
F006,F006,6aa3ca0900000000290159be,F006,content_collected
F006,F006,6aa3cb03000000002802ea40,F006,content_collected
F006,F006,6aa3cbfa000000002503518c,F006,content_collected
F006,F006,6aa3cd7d0000000012024497,F006,content_collected
F006,F006,6aa3ceff000000002a0050dd,F006,content_collected
F006,F006,6aa3cf7c000000002601ffa9,F006,content_collected
F006,F006,6aa3d1630000000028030939,F006,content_collected
F006,F006,6aa3d5ad000000002a0069c5,F006,content_collected
F006,F006,6aa3dcb6000000000b00377d,F006,content_collected
F006,F006,6aa3e17d000000001103229d,F006,content_collected
F006,F006,6aa3e721000000002502e431,F006,content_collected
F006,F006,6aa3e814000000001203e892,F006,content_collected
F006,F006,6aa3e82d000000002b025bd5,F006,content_collected
F006,F006,6aa3ed58000000001202423f,F006,completed_without_accessible_content
F006,F006,6aa3efa4000000001001ee5c,F006,content_collected
F006,F006,6aa3f3f10000000028028df6,F006,content_collected
F006,F006,6aa3f49c000000002800395a,F006,content_collected
F006,F006,6aa3f6d3000000001001daeb,F006,content_collected
F006,F006,6aa3f749000000001901e3f4,F006,content_collected
F006,F006,6aa411f9000000000d026d2e,F006,content_collected
F006,F006,6aa4139d000000002b000806,F006,content_collected
F006,F006,6aa4191d000000002b011931,F006,content_collected
F006,F006,6aa41b29000000002700a621,F006,completed_without_accessible_content
F006,F006,6aa41c5900000000290185d4,F006,content_collected
F006,F006,6aa41ec5000000002603934b,F006,content_collected
F006,F006,6aa421b40000000011031d81,F006,content_collected
F006,F006,6aa45f97000000001103136d,F006,content_collected
F006,F006,6aa46de6000000000e03b400,F006,content_collected
F006,F006,6aa498f70000000026022326,F006,content_collected
F006,F006,6aa4a398000000000b00db7a,F006,content_collected
F006,F006,6aa4a97e0000000025037415,F006,content_collected
F006,F006,6aa4ab39000000000d02614a,F006,content_collected
F006,F006,6aa4af3400000000280368fe,F006,content_collected
F006,F006,6aa4bb230000000028033397,F006,content_collected
F006,F006,6aa4bba20000000026023a66,F006,content_collected
F006,F006,6aa4c406000000000b037db0,F006,content_collected
F006,F006,6aa4eb3600000000250366ef,F006,completed_without_accessible_content
F006,F006,6aa4f08900000000120004f4,F006,content_collected
F006,F006,6aa5024b0000000029014357,F006,content_collected
F006,F006,6aa506a6000000002901231f,F006,content_collected
F006,F006,6aa50ecf0000000011034980,F006,content_collected
F006,F006,6aa51911000000002901acf8,F006,content_collected
F006,F006,6aa51cde00000000110325f7,F006,content_collected
F006,F006,6aa52ae7000000000b00ce9e,F006,content_collected
F006,F006,6aa54169000000002902d800,F006,content_collected
F006,F006,6aa5425000000000290180cb,F006,content_collected
F006,F006,6aa54591000000001001e87e,F006,content_collected
F006,F006,6aa54866000000002601a83c,F006,content_collected
F006,F006,6aa54922000000002901423a,F006,content_collected
F006,F006,6aa54b4c000000002b02634b,F006,content_collected
F006,F006,6aa550bd0000000012027e13,F006,content_collected
F006,F006,6aa55286000000000e03c800,F006,content_collected
F006,F006,6aa553400000000029011cb7,F006,content_collected
F006,F006,6aa567d3000000002b01c5ca,F006,content_collected
F006,F006,6aa56dd5000000002603a429,F006,completed_without_accessible_content
F006,F006,6aa56f8c000000001001f981,F006,content_collected
F006,F006,6aa56fb2000000002802e6ee,F006,content_collected
F006,F006,6aa571a9000000002803acf0,F006,content_collected
F006,F006,6aa5911d000000002a027473,F006,content_collected
