region,event_id,unique_notes,evidence_status
beijing,F001,889,terminal_search_snapshot
beijing,F002,370,terminal_search_snapshot
beijing,F003,881,terminal_search_snapshot
beijing,F004,156,terminal_search_snapshot
beijing,F005,362,terminal_search_snapshot
beijing,F006,934,terminal_search_snapshot
shanghai,F001,861,terminal_search_snapshot
shanghai,F002,883,terminal_search_snapshot
shanghai,F003,892,terminal_search_snapshot
shanghai,F004,897,terminal_search_snapshot
shanghai,F005,860,terminal_search_snapshot
shanghai,F006,921,terminal_search_snapshot
chengdu,F001,868,terminal_search_snapshot
chengdu,F002,294,terminal_search_snapshot
chengdu,F003,899,terminal_search_snapshot
chengdu,F004,193,terminal_search_snapshot
chengdu,F005,344,terminal_search_snapshot
chengdu,F006,928,terminal_search_snapshot
guangzhou,F001,660,selected_list_only
guangzhou,F002,628,selected_list_only
guangzhou,F003,264,selected_list_only
guangzhou,F004,147,selected_list_only
guangzhou,F005,270,selected_list_only
guangzhou,F006,661,selected_list_only
wuhan,F001,0,not_available_locally
wuhan,F002,0,not_available_locally
wuhan,F003,0,not_available_locally
wuhan,F004,0,not_available_locally
wuhan,F005,0,not_available_locally
wuhan,F006,0,not_available_locally
