started_at,finished_at,event_name,keyword,status,captcha_detected,returncode
2026-08-26T18:33:22,2026-08-26T18:34:14,2026高考第一天,selected_notes_chunk_001,ok,False,0
2026-08-26T18:39:14,2026-08-26T18:40:04,2026高考第一天,selected_notes_chunk_002,ok,False,0
2026-08-26T18:45:04,2026-08-26T18:45:54,2026高考第一天,selected_notes_chunk_003,ok,False,0
2026-08-26T18:50:54,2026-08-26T18:51:59,2026高考第一天,selected_notes_chunk_004,ok,False,0
2026-08-26T18:57:00,2026-08-26T18:58:36,2026高考第一天,selected_notes_chunk_005,ok,False,0
2026-08-26T19:03:36,2026-08-26T19:04:27,2026高考第一天,selected_notes_chunk_006,ok,False,0
2026-08-26T19:19:27,2026-08-26T19:20:17,2026高考第一天,selected_notes_chunk_007,ok,False,0
2026-08-26T19:25:17,2026-08-26T19:29:13,2026高考第一天,selected_notes_chunk_008,ok,False,0
2026-08-26T19:34:13,2026-08-26T19:35:03,2026高考第一天,selected_notes_chunk_009,ok,False,0
2026-08-26T19:40:03,2026-08-26T19:40:53,2026高考第一天,selected_notes_chunk_010,ok,False,0
2026-08-26T19:45:53,2026-08-26T19:46:43,2026高考第一天,selected_notes_chunk_011,captcha,True,1
2026-08-27T15:40:17,2026-08-27T16:45:20,2026高考第一天,selected_notes_chunk_001,ok,False,0
2026-08-27T16:55:20,2026-08-27T18:07:57,2026高考第一天,selected_notes_chunk_002,login_expired,False,1
2026-08-27T18:59:57,2026-08-27T19:01:50,2026高考第一天,selected_notes_chunk_001,captcha,True,1
2026-08-27T12:07:40,2026-08-27T12:08:47,2026高考第一天,selected_notes_chunk_001,captcha,True,1
2026-08-26T20:44:49,2026-08-26T20:45:28,2026高考第一天,selected_notes_chunk_001,captcha,True,1
2026-08-26T20:59:39,2026-08-26T21:01:17,2026高考第一天,selected_notes_chunk_001,ok,False,0
2026-08-26T21:06:17,2026-08-26T21:07:09,2026高考第一天,selected_notes_chunk_002,ok,False,0
2026-08-26T21:12:09,2026-08-26T21:13:01,2026高考第一天,selected_notes_chunk_003,ok,False,0
2026-08-26T21:18:01,2026-08-26T21:18:52,2026高考第一天,selected_notes_chunk_004,ok,False,0
2026-08-26T21:23:52,2026-08-26T21:24:42,2026高考第一天,selected_notes_chunk_005,ok,False,0
2026-08-26T21:29:42,2026-08-26T21:30:33,2026高考第一天,selected_notes_chunk_006,ok,False,0
2026-08-26T21:45:33,2026-08-26T21:46:25,2026高考第一天,selected_notes_chunk_007,ok,False,0
2026-08-26T21:51:25,2026-08-26T21:52:00,2026高考第一天,selected_notes_chunk_008,captcha,True,1
2026-08-27T13:45:37,2026-08-27T13:46:44,2026高考第一天,selected_notes_chunk_001,captcha,True,1
2026-08-26T23:51:53,2026-08-26T23:52:30,2026高考第一天,selected_notes_chunk_001,captcha,True,1
2026-08-27T11:00:37,2026-08-27T11:01:14,2026高考第一天,selected_notes_chunk_001,captcha,True,1
2026-08-27T20:41:16,2026-08-27T21:22:35,2026高考第一天,selected_notes_chunk_001,captcha,True,1
2026-08-27T21:36:56,2026-08-27T21:40:03,2026高考第一天,selected_notes_chunk_001,captcha,True,1
2026-08-28T00:08:31,2026-08-28T00:11:37,2026高考第一天,selected_notes_chunk_001,captcha,True,1
2026-08-25T19:02:28,2026-08-25T19:06:10,2026高考第一天,selected_notes_chunk_001,ok,False,0
2026-08-25T19:11:10,2026-08-25T19:18:22,2026高考第一天,selected_notes_chunk_002,ok,False,0
2026-08-25T19:23:22,2026-08-25T19:24:12,2026高考第一天,selected_notes_chunk_003,ok,False,0
2026-08-25T19:29:12,2026-08-25T19:46:19,2026高考第一天,selected_notes_chunk_004,ok,False,0
2026-08-25T19:51:19,2026-08-25T19:52:09,2026高考第一天,selected_notes_chunk_005,ok,False,0
2026-08-25T19:57:09,2026-08-25T19:57:58,2026高考第一天,selected_notes_chunk_006,ok,False,0
2026-08-25T20:12:58,2026-08-25T20:14:18,2026高考第一天,selected_notes_chunk_007,ok,False,0
2026-08-25T20:19:18,2026-08-25T20:24:12,2026高考第一天,selected_notes_chunk_008,ok,False,0
2026-08-25T20:29:12,2026-08-25T20:30:01,2026高考第一天,selected_notes_chunk_009,ok,False,0
2026-08-25T20:35:01,2026-08-25T20:35:51,2026高考第一天,selected_notes_chunk_010,ok,False,0
2026-08-25T20:40:52,2026-08-25T20:42:28,2026高考第一天,selected_notes_chunk_011,ok,False,0
2026-08-25T20:47:28,2026-08-25T20:48:19,2026高考第一天,selected_notes_chunk_012,ok,False,0
2026-08-25T21:03:19,2026-08-25T21:04:10,2026高考第一天,selected_notes_chunk_013,ok,False,0
2026-08-25T21:09:10,2026-08-25T21:10:00,2026高考第一天,selected_notes_chunk_014,ok,False,0
2026-08-25T21:15:00,2026-08-25T21:15:51,2026高考第一天,selected_notes_chunk_015,ok,False,0
2026-08-25T21:20:51,2026-08-25T21:21:56,2026高考第一天,selected_notes_chunk_016,ok,False,0
2026-08-25T21:26:56,2026-08-25T21:28:17,2026高考第一天,selected_notes_chunk_017,ok,False,0
2026-08-25T21:33:17,2026-08-25T21:34:53,2026高考第一天,selected_notes_chunk_018,ok,False,0
2026-08-25T21:49:53,2026-08-25T21:51:43,2026高考第一天,selected_notes_chunk_019,ok,False,0
2026-08-25T21:56:43,2026-08-25T21:58:34,2026高考第一天,selected_notes_chunk_020,ok,False,0
2026-08-25T22:03:34,2026-08-25T22:04:25,2026高考第一天,selected_notes_chunk_021,ok,False,0
2026-08-25T22:09:25,2026-08-25T22:10:30,2026高考第一天,selected_notes_chunk_022,ok,False,0
2026-08-25T22:15:30,2026-08-25T22:16:20,2026高考第一天,selected_notes_chunk_023,ok,False,0
2026-08-25T22:21:20,2026-08-25T22:22:10,2026高考第一天,selected_notes_chunk_024,ok,False,0
2026-08-25T22:37:10,2026-08-25T22:38:00,2026高考第一天,selected_notes_chunk_025,ok,False,0
2026-08-25T22:43:00,2026-08-25T22:44:36,2026高考第一天,selected_notes_chunk_026,ok,False,0
2026-08-25T22:49:36,2026-08-25T22:51:27,2026高考第一天,selected_notes_chunk_027,ok,False,0
2026-08-25T22:56:27,2026-08-25T22:57:16,2026高考第一天,selected_notes_chunk_028,ok,False,0
2026-08-25T23:02:16,2026-08-25T23:04:08,2026高考第一天,selected_notes_chunk_029,ok,False,0
2026-08-25T23:09:08,2026-08-25T23:12:31,2026高考第一天,selected_notes_chunk_030,ok,False,0
2026-08-25T23:27:31,2026-08-25T23:29:22,2026高考第一天,selected_notes_chunk_031,ok,False,0
2026-08-25T23:34:22,2026-08-25T23:35:42,2026高考第一天,selected_notes_chunk_032,ok,False,0
2026-08-25T23:40:42,2026-08-25T23:41:32,2026高考第一天,selected_notes_chunk_033,ok,False,0
2026-08-25T23:46:32,2026-08-25T23:47:22,2026高考第一天,selected_notes_chunk_034,ok,False,0
2026-08-25T23:52:22,2026-08-25T23:53:12,2026高考第一天,selected_notes_chunk_035,ok,False,0
2026-08-25T23:58:12,2026-08-26T00:00:19,2026高考第一天,selected_notes_chunk_036,ok,False,0
2026-08-26T00:15:19,2026-08-26T00:16:09,2026高考第一天,selected_notes_chunk_037,ok,False,0
2026-08-26T00:21:09,2026-08-26T00:21:13,2026高考第一天,selected_notes_chunk_038,empty,False,0
2026-08-26T12:16:26,2026-08-26T12:19:44,2026高考第一天,selected_notes_chunk_001,ok,False,0
2026-08-26T12:24:44,2026-08-26T12:25:38,2026高考第一天,selected_notes_chunk_002,ok,False,0
2026-08-26T12:30:38,2026-08-26T12:31:28,2026高考第一天,selected_notes_chunk_003,ok,False,0
2026-08-26T12:36:28,2026-08-26T12:37:18,2026高考第一天,selected_notes_chunk_004,ok,False,0
2026-08-26T12:42:18,2026-08-26T12:43:09,2026高考第一天,selected_notes_chunk_005,ok,False,0
2026-08-26T12:48:09,2026-08-26T12:56:09,2026高考第一天,selected_notes_chunk_006,ok,False,0
2026-08-26T13:11:09,2026-08-26T13:13:33,2026高考第一天,selected_notes_chunk_007,ok,False,0
2026-08-26T13:18:33,2026-08-26T13:19:23,2026高考第一天,selected_notes_chunk_008,ok,False,0
2026-08-26T13:24:23,2026-08-26T13:25:43,2026高考第一天,selected_notes_chunk_009,ok,False,0
2026-08-26T13:30:43,2026-08-26T13:35:55,2026高考第一天,selected_notes_chunk_010,ok,False,0
2026-08-26T13:40:56,2026-08-26T13:47:39,2026高考第一天,selected_notes_chunk_011,captcha,True,1
2026-08-26T14:07:44,2026-08-26T14:18:50,2026高考第一天,selected_notes_chunk_001,captcha,True,1
2026-08-26T15:04:44,2026-08-26T15:21:00,2026高考第一天,selected_notes_chunk_001,ok,False,0
2026-08-26T15:26:00,2026-08-26T15:26:52,2026高考第一天,selected_notes_chunk_002,ok,False,0
2026-08-26T15:31:52,2026-08-26T15:32:42,2026高考第一天,selected_notes_chunk_003,ok,False,0
2026-08-26T15:37:42,2026-08-26T15:38:32,2026高考第一天,selected_notes_chunk_004,ok,False,0
2026-08-26T15:43:32,2026-08-26T15:48:28,2026高考第一天,selected_notes_chunk_005,ok,False,0
2026-08-24T12:52:04,2026-08-24T12:52:56,2026高考第一天,selected_notes_chunk_001,ok,False,0
2026-08-24T12:57:56,2026-08-24T12:58:48,2026高考第一天,selected_notes_chunk_002,ok,False,0
2026-08-24T13:03:48,2026-08-24T13:04:39,2026高考第一天,selected_notes_chunk_003,ok,False,0
2026-08-24T13:09:39,2026-08-24T13:47:18,2026高考第一天,selected_notes_chunk_004,ok,False,0
2026-08-24T13:52:18,2026-08-24T13:53:09,2026高考第一天,selected_notes_chunk_005,ok,False,0
2026-08-24T13:58:09,2026-08-24T14:45:30,2026高考第一天,selected_notes_chunk_006,captcha,True,1
2026-08-25T11:12:51,2026-08-25T11:44:17,2026高考第一天,selected_notes_chunk_006,ok,False,0
2026-08-25T11:59:17,2026-08-25T12:19:36,2026高考第一天,selected_notes_chunk_007,ok,False,0
2026-08-25T12:24:36,2026-08-25T12:24:42,2026高考第一天,selected_notes_chunk_008,empty,False,0
2026-08-25T14:35:43,2026-08-25T14:35:50,2026高考第一天,selected_notes_chunk_008,empty,False,0
2026-08-25T15:51:27,2026-08-25T16:09:51,2026高考第一天,selected_notes_chunk_001,ok,False,0
2026-08-25T16:14:51,2026-08-25T16:15:37,2026高考第一天,selected_notes_chunk_002,failed,False,1073807364
2026-08-25T16:59:55,2026-08-25T17:02:27,2026高考第一天,selected_notes_chunk_001,ok,False,0
2026-08-25T17:07:27,2026-08-25T17:08:17,2026高考第一天,selected_notes_chunk_002,ok,False,0
2026-08-25T17:13:17,2026-08-25T17:24:07,2026高考第一天,selected_notes_chunk_003,ok,False,0
2026-08-25T17:29:07,2026-08-25T17:29:57,2026高考第一天,selected_notes_chunk_004,ok,False,0
2026-08-25T17:34:57,2026-08-25T17:35:47,2026高考第一天,selected_notes_chunk_005,ok,False,0
2026-08-25T17:40:47,2026-08-25T17:41:38,2026高考第一天,selected_notes_chunk_006,ok,False,0
2026-08-25T17:56:38,2026-08-25T18:03:37,2026高考第一天,selected_notes_chunk_007,ok,False,0
2026-08-25T18:08:37,2026-08-25T18:09:27,2026高考第一天,selected_notes_chunk_008,ok,False,0
2026-08-25T18:14:27,2026-08-25T18:15:17,2026高考第一天,selected_notes_chunk_009,ok,False,0
2026-08-25T14:36:57,2026-08-25T14:37:47,2026高考第一天,selected_notes_chunk_001,ok,False,0
2026-08-25T14:42:47,2026-08-25T14:43:37,2026高考第一天,selected_notes_chunk_002,ok,False,0
2026-08-25T14:48:37,2026-08-25T14:49:27,2026高考第一天,selected_notes_chunk_003,ok,False,0
2026-08-25T14:54:27,2026-08-25T14:55:33,2026高考第一天,selected_notes_chunk_004,ok,False,0
2026-08-25T15:00:33,2026-08-25T15:01:26,2026高考第一天,selected_notes_chunk_005,ok,False,0
2026-08-25T15:06:26,2026-08-25T15:08:33,2026高考第一天,selected_notes_chunk_006,ok,False,0
2026-08-25T15:23:33,2026-08-25T15:24:25,2026高考第一天,selected_notes_chunk_007,ok,False,0
2026-08-25T15:29:25,2026-08-25T15:44:42,2026高考第一天,selected_notes_chunk_008,captcha,True,1
