note_id,note_url,region_id,keyword_id,keyword,search_sort,search_round,page_no,rank_in_page,captured_at
6a2534ab000000003501eef5,https://www.xiaohongshu.com/explore/6a2534ab000000003501eef5?xsec_token=ABbnCUu4qma1opk5BkWfZLdiRMrFeXXXO-4LsZ3sWend0%3D&xsec_source=pc_search,guangzhou,,,,,,,
6a24a1930000000035026aea,https://www.xiaohongshu.com/explore/6a24a1930000000035026aea?xsec_token=ABDB-gdlRN4TEY7vv6xYbyCTp93dOKwKuj6oPlwSxU7Dw%3D&xsec_source=pc_search,guangzhou,,,,,,,
6a24cdb2000000001603f1e3,https://www.xiaohongshu.com/explore/6a24cdb2000000001603f1e3?xsec_token=ABHx7Dj2DM9TwVBk5Fr9swseoOV8_J7iwitshCdgnwzSk%3D&xsec_source=pc_search,guangzhou,,,,,,,
6a2505c2000000002202a71d,https://www.xiaohongshu.com/explore/6a2505c2000000002202a71d?xsec_token=ABbnCUu4qma1opk5BkWfZLdpUGUmm-fh8SNNUlgzRv3jk%3D&xsec_source=pc_search,guangzhou,,,,,,,
6a2378330000000035039ce9,https://www.xiaohongshu.com/explore/6a2378330000000035039ce9?xsec_token=ABr5OmpikvWfHkkGW-GXQLlHSZhEtn9QrLS_sr4gB9SRg%3D&xsec_source=pc_search,guangzhou,,,,,,,
6a268d8000000000070137b0,https://www.xiaohongshu.com/explore/6a268d8000000000070137b0?xsec_token=ABy_QUvSXyFAMcek_OmvV0BVcyV2LGEz717kojIclUXvs%3D&xsec_source=pc_search,guangzhou,,,,,,,
6a256c840000000017009c80,https://www.xiaohongshu.com/explore/6a256c840000000017009c80?xsec_token=ABabkcS8UFFoZPrcDfi7Ji2wI32usRSdm8fZAOgLis0d8%3D&xsec_source=pc_search,guangzhou,,,,,,,
6a26763f0000000021020994,https://www.xiaohongshu.com/explore/6a26763f0000000021020994?xsec_token=ABy_QUvSXyFAMcek_OmvV0BZ4H0CURnZ0kcWCx4-mJDT4%3D&xsec_source=pc_search,guangzhou,,,,,,,
6a2591ea000000002202d57c,https://www.xiaohongshu.com/explore/6a2591ea000000002202d57c?xsec_token=ABbnCUu4qma1opk5BkWfZLdrTC6xuXDhbDsm2UeeE3eg0%3D&xsec_source=pc_search,guangzhou,,,,,,,
6a2573b5000000002101ae6f,https://www.xiaohongshu.com/explore/6a2573b5000000002101ae6f?xsec_token=ABabkcS8UFFoZPrcDfi7Ji2wdPBvopEWKnPEan9ZJoxRQ%3D&xsec_source=pc_search,guangzhou,,,,,,,
6a2593e1000000000702fae8,https://www.xiaohongshu.com/explore/6a2593e1000000000702fae8?xsec_token=ABbnCUu4qma1opk5BkWfZLdiDUMLh-OPCycm3fofgKeRA%3D&xsec_source=pc_search,guangzhou,,,,,,,
6a24d5bb000000000702021c,https://www.xiaohongshu.com/explore/6a24d5bb000000000702021c?xsec_token=ABDB-gdlRN4TEY7vv6xYbyCRd999895CZk8lSmrFZ8m2k%3D&xsec_source=pc_search,guangzhou,,,,,,,
6a24a5bd000000000702b013,https://www.xiaohongshu.com/explore/6a24a5bd000000000702b013?xsec_token=ABDB-gdlRN4TEY7vv6xYbyCRueDf57g6llI6i4NlsI4Oo%3D&xsec_source=pc_search,guangzhou,,,,,,,
6a24d20b000000000803384f,https://www.xiaohongshu.com/explore/6a24d20b000000000803384f?xsec_token=ABDB-gdlRN4TEY7vv6xYbyCSNRxnBvHc9yNtmC2HvIaC4%3D&xsec_source=pc_search,guangzhou,,,,,,,
6a263c600000000022023471,https://www.xiaohongshu.com/explore/6a263c600000000022023471?xsec_token=ABy_QUvSXyFAMcek_OmvV0BdkPeMHIhz7OFtejuBVHfas%3D&xsec_source=pc_search,guangzhou,,,,,,,
6a262abd0000000008003125,https://www.xiaohongshu.com/explore/6a262abd0000000008003125?xsec_token=ABy_QUvSXyFAMcek_OmvV0BS8acMEX3ktA--_82FgRPrM%3D&xsec_source=pc_search,guangzhou,,,,,,,
6a240f9e000000002202f625,https://www.xiaohongshu.com/explore/6a240f9e000000002202f625?xsec_token=ABHx7Dj2DM9TwVBk5Fr9swsQ7sRYVhNuiGUVJZFDtlfwM%3D&xsec_source=pc_search,guangzhou,,,,,,,
6a25096e0000000035030459,https://www.xiaohongshu.com/explore/6a25096e0000000035030459?xsec_token=ABabkcS8UFFoZPrcDfi7Ji24sTs-NlJMPXZjDMfOXP71E%3D&xsec_source=pc_search,guangzhou,,,,,,,
6a24cb23000000002200bf8b,https://www.xiaohongshu.com/explore/6a24cb23000000002200bf8b?xsec_token=ABHx7Dj2DM9TwVBk5Fr9swsfF0LWRKFiPVAZR9AXvCqS4%3D&xsec_source=pc_search,guangzhou,,,,,,,
6a26495d00000000150270b5,https://www.xiaohongshu.com/explore/6a26495d00000000150270b5?xsec_token=ABy_QUvSXyFAMcek_OmvV0Bcuvd5pZ4nUwcCCaZYNJ6z4%3D&xsec_source=pc_search,guangzhou,,,,,,,
6a24d041000000002202bbf5,https://www.xiaohongshu.com/explore/6a24d041000000002202bbf5?xsec_token=ABDB-gdlRN4TEY7vv6xYbyCdhHwIpob3gx5EC4t9Kszlw%3D&xsec_source=pc_search,guangzhou,,,,,,,
6a25500d00000000350297aa,https://www.xiaohongshu.com/explore/6a25500d00000000350297aa?xsec_token=ABabkcS8UFFoZPrcDfi7Ji29joIqjCxvZYOOq1ogStZTA%3D&xsec_source=pc_search,guangzhou,,,,,,,
6a2631270000000035020d7d,https://www.xiaohongshu.com/explore/6a2631270000000035020d7d?xsec_token=ABy_QUvSXyFAMcek_OmvV0BeKWse7y6y-ueo7ZIUClsvM%3D&xsec_source=pc_search,guangzhou,,,,,,,
6a24f213000000001c024c78,https://www.xiaohongshu.com/explore/6a24f213000000001c024c78?xsec_token=ABHx7Dj2DM9TwVBk5Fr9swsTPLhhq_1DBBW4vkSjmYJ6E%3D&xsec_source=pc_search,guangzhou,,,,,,,
6a23b3300000000022029965,https://www.xiaohongshu.com/explore/6a23b3300000000022029965?xsec_token=AB6XCCFJO0kTYo97cJTI_6PDAZyit2t12iBwXKkYJSJSQ%3D&xsec_source=pc_search,guangzhou,,,,,,,
6a250459000000001702b6da,https://www.xiaohongshu.com/explore/6a250459000000001702b6da?xsec_token=ABabkcS8UFFoZPrcDfi7Ji22habKYHv8JtppPqWxYiirQ%3D&xsec_source=pc_search,guangzhou,,,,,,,
6a24bfcd000000001702adbd,https://www.xiaohongshu.com/explore/6a24bfcd000000001702adbd?xsec_token=ABHx7Dj2DM9TwVBk5Fr9swsU1w_YB_qpbwNzdzAbT8nJg%3D&xsec_source=pc_search,guangzhou,,,,,,,
6a2400f80000000021023d53,https://www.xiaohongshu.com/explore/6a2400f80000000021023d53?xsec_token=ABHx7Dj2DM9TwVBk5Fr9swsTi-z5wffywO6wJWhMUlTz4%3D&xsec_source=pc_search,guangzhou,,,,,,,
6a269a2200000000150246f4,https://www.xiaohongshu.com/explore/6a269a2200000000150246f4?xsec_token=ABy_QUvSXyFAMcek_OmvV0Bc8u7oKcvGt_MXeypVduUDs%3D&xsec_source=pc_search,guangzhou,,,,,,,
6a24bc7a0000000022020a0f,https://www.xiaohongshu.com/explore/6a24bc7a0000000022020a0f?xsec_token=ABHx7Dj2DM9TwVBk5Fr9swsZZ5xVOqufoffFfGFwNww1Q%3D&xsec_source=pc_search,guangzhou,,,,,,,
6a254f9f000000002103ec8e,https://www.xiaohongshu.com/explore/6a254f9f000000002103ec8e?xsec_token=ABabkcS8UFFoZPrcDfi7Ji2y7k5zEiyDppp5fPTZQOM6s%3D&xsec_source=pc_search,guangzhou,,,,,,,
6a265d5a000000002101a9c9,https://www.xiaohongshu.com/explore/6a265d5a000000002101a9c9?xsec_token=ABht533Uf_0bghdo0Kcf1-QGEsMCBajrrH50HOD9ECHv0%3D&xsec_source=pc_search,guangzhou,,,,,,,
6a24d453000000001603cf9d,https://www.xiaohongshu.com/explore/6a24d453000000001603cf9d?xsec_token=ABDB-gdlRN4TEY7vv6xYbyCeKwkeTfz4qWIySoC4jTi8w%3D&xsec_source=pc_search,guangzhou,,,,,,,
6a256c820000000006034720,https://www.xiaohongshu.com/explore/6a256c820000000006034720?xsec_token=ABbnCUu4qma1opk5BkWfZLdmiBQ-IX_SZYpnVW9KLnqUQ%3D&xsec_source=pc_search,guangzhou,,,,,,,
6a260fc500000000080276d2,https://www.xiaohongshu.com/explore/6a260fc500000000080276d2?xsec_token=ABy_QUvSXyFAMcek_OmvV0BaL6e8Oq2KqdpHltAjLvP-g%3D&xsec_source=pc_search,guangzhou,,,,,,,
6a2509890000000035022b68,https://www.xiaohongshu.com/explore/6a2509890000000035022b68?xsec_token=ABbnCUu4qma1opk5BkWfZLdjXYiFzzxGUu7Gd2bIJyWLc%3D&xsec_source=pc_search,guangzhou,,,,,,,
6a2689670000000006030e24,https://www.xiaohongshu.com/explore/6a2689670000000006030e24?xsec_token=ABy_QUvSXyFAMcek_OmvV0BXwj_XYSAvSA0YVHQKwX94k%3D&xsec_source=pc_search,guangzhou,,,,,,,
6a2516cc00000000070134e4,https://www.xiaohongshu.com/explore/6a2516cc00000000070134e4?xsec_token=ABbnCUu4qma1opk5BkWfZLdvRdi2oMXT_3RI1euIxq8kY%3D&xsec_source=pc_search,guangzhou,,,,,,,
6a26a0e60000000008001c46,https://www.xiaohongshu.com/explore/6a26a0e60000000008001c46?xsec_token=ABy_QUvSXyFAMcek_OmvV0BXtFm8LAMYkzzsQvUp7swMs%3D&xsec_source=pc_search,guangzhou,,,,,,,
6a2531350000000016024dd1,https://www.xiaohongshu.com/explore/6a2531350000000016024dd1?xsec_token=ABabkcS8UFFoZPrcDfi7Ji2x9EeiBoLQlEfsqT4g-bqy8%3D&xsec_source=pc_search,guangzhou,,,,,,,
6a2453f40000000021009a44,https://www.xiaohongshu.com/explore/6a2453f40000000021009a44?xsec_token=ABHx7Dj2DM9TwVBk5Fr9swsffj2Cpj_e9KmfUfzRUYFfk%3D&xsec_source=pc_search,guangzhou,,,,,,,
6a24d3e700000000210181d4,https://www.xiaohongshu.com/explore/6a24d3e700000000210181d4?xsec_token=ABDB-gdlRN4TEY7vv6xYbyCayZb7y8S6HP6qNr2zL6T0k%3D&xsec_source=pc_search,guangzhou,,,,,,,
6a24ddc600000000080317eb,https://www.xiaohongshu.com/explore/6a24ddc600000000080317eb?xsec_token=ABHx7Dj2DM9TwVBk5Fr9swsc0gr1yfIdAj0tCHFY2LmY4%3D&xsec_source=pc_search,guangzhou,,,,,,,
6a2556860000000035038960,https://www.xiaohongshu.com/explore/6a2556860000000035038960?xsec_token=ABbnCUu4qma1opk5BkWfZLdvoqt7Aq-2lkDVa6rxGSi3A%3D&xsec_source=pc_search,guangzhou,,,,,,,
6a241215000000000701142c,https://www.xiaohongshu.com/explore/6a241215000000000701142c?xsec_token=ABHx7Dj2DM9TwVBk5Fr9swsaam41t53s3CziNm0cWjToY%3D&xsec_source=pc_search,guangzhou,,,,,,,
6a24d3e2000000001c026bef,https://www.xiaohongshu.com/explore/6a24d3e2000000001c026bef?xsec_token=ABHx7Dj2DM9TwVBk5Fr9swscIGNSNBW39-lYP6hBR5XNc%3D&xsec_source=pc_search,guangzhou,,,,,,,
6a24e5eb000000001c024934,https://www.xiaohongshu.com/explore/6a24e5eb000000001c024934?xsec_token=ABHx7Dj2DM9TwVBk5Fr9swsYJ1U4XUXK_1m3X5rbLIDOo%3D&xsec_source=pc_search,guangzhou,,,,,,,
6a24cf5e000000002100b473,https://www.xiaohongshu.com/explore/6a24cf5e000000002100b473?xsec_token=ABDB-gdlRN4TEY7vv6xYbyCQYmccg5b1sgnSH5-gcY2O8%3D&xsec_source=pc_search,guangzhou,,,,,,,
6a25273f00000000220147f4,https://www.xiaohongshu.com/explore/6a25273f00000000220147f4?xsec_token=ABbnCUu4qma1opk5BkWfZLdrW16gY9paI9npKObQ-5Pl4%3D&xsec_source=pc_search,guangzhou,,,,,,,
6a26a5af0000000021014bc6,https://www.xiaohongshu.com/explore/6a26a5af0000000021014bc6?xsec_token=ABy_QUvSXyFAMcek_OmvV0Bd92qmThcFFlVJkkjtr39G0%3D&xsec_source=pc_search,guangzhou,,,,,,,
6a24baf10000000008030e37,https://www.xiaohongshu.com/explore/6a24baf10000000008030e37?xsec_token=ABDB-gdlRN4TEY7vv6xYbyCWTKwMrtaxtt0AnV2X06qBk%3D&xsec_source=pc_search,guangzhou,,,,,,,
6a25a933000000001700b32d,https://www.xiaohongshu.com/explore/6a25a933000000001700b32d?xsec_token=ABbnCUu4qma1opk5BkWfZLdhf4lOM-_zkvEBs7VIgTgus%3D&xsec_source=pc_search,guangzhou,,,,,,,
6a259334000000001700b3be,https://www.xiaohongshu.com/explore/6a259334000000001700b3be?xsec_token=ABabkcS8UFFoZPrcDfi7Ji2_MFAlAOWZdF_4Z-RAV4O0c%3D&xsec_source=pc_search,guangzhou,,,,,,,
6a24efc500000000220164b5,https://www.xiaohongshu.com/explore/6a24efc500000000220164b5?xsec_token=ABHx7Dj2DM9TwVBk5Fr9swsT-7hOi_0czpUPTbsXV8efA%3D&xsec_source=pc_search,guangzhou,,,,,,,
6a24c9c9000000002201914c,https://www.xiaohongshu.com/explore/6a24c9c9000000002201914c?xsec_token=ABDB-gdlRN4TEY7vv6xYbyCS-CVC0RJpIhLVKWVCn9GeU%3D&xsec_source=pc_search,guangzhou,,,,,,,
6a251aa7000000003501d2c2,https://www.xiaohongshu.com/explore/6a251aa7000000003501d2c2?xsec_token=ABabkcS8UFFoZPrcDfi7Ji2_TFqui5-8gmItTbMGxk6T8%3D&xsec_source=pc_search,guangzhou,,,,,,,
6a251cd40000000022022ba1,https://www.xiaohongshu.com/explore/6a251cd40000000022022ba1?xsec_token=ABabkcS8UFFoZPrcDfi7Ji24vE2sZYh--XOsJ7KZlw2ss%3D&xsec_source=pc_search,guangzhou,,,,,,,
6a24ddc00000000022021baa,https://www.xiaohongshu.com/explore/6a24ddc00000000022021baa?xsec_token=ABHx7Dj2DM9TwVBk5Fr9swscvAPOM6YPpReLIPCtlAeD0%3D&xsec_source=pc_search,guangzhou,,,,,,,
6a23cc90000000001702ab29,https://www.xiaohongshu.com/explore/6a23cc90000000001702ab29?xsec_token=AB6XCCFJO0kTYo97cJTI_6PM2E4rRNjBJ8gu1bdUqbw_I%3D&xsec_source=pc_search,guangzhou,,,,,,,
6a251b030000000007020a50,https://www.xiaohongshu.com/explore/6a251b030000000007020a50?xsec_token=ABbnCUu4qma1opk5BkWfZLdjHfJy1ff5b3HANDBJ3IyAE%3D&xsec_source=pc_search,guangzhou,,,,,,,
6a24fe910000000022008d3b,https://www.xiaohongshu.com/explore/6a24fe910000000022008d3b?xsec_token=ABHx7Dj2DM9TwVBk5Fr9swsUhq7Mh69RHizkeEhx4RQbo%3D&xsec_source=pc_search,guangzhou,,,,,,,
6a26ae45000000000702e44f,https://www.xiaohongshu.com/explore/6a26ae45000000000702e44f?xsec_token=ABy_QUvSXyFAMcek_OmvV0BeZvkuALo910kjrEzhajPpQ%3D&xsec_source=pc_search,guangzhou,,,,,,,
6a2534d3000000001603e05a,https://www.xiaohongshu.com/explore/6a2534d3000000001603e05a?xsec_token=ABabkcS8UFFoZPrcDfi7Ji21LldcMVAoXfJF-VWLPaCnk%3D&xsec_source=pc_search,guangzhou,,,,,,,
6a2643570000000022028df3,https://www.xiaohongshu.com/explore/6a2643570000000022028df3?xsec_token=ABy_QUvSXyFAMcek_OmvV0BQKF_13fMzq8IXxhdsEIocE%3D&xsec_source=pc_search,guangzhou,,,,,,,
6a24091b0000000022029cb4,https://www.xiaohongshu.com/explore/6a24091b0000000022029cb4?xsec_token=ABHx7Dj2DM9TwVBk5Fr9swsXUtEeNAfogGVjUyFAIMPeQ%3D&xsec_source=pc_search,guangzhou,,,,,,,
6a258eb400000000360008e0,https://www.xiaohongshu.com/explore/6a258eb400000000360008e0?xsec_token=ABbnCUu4qma1opk5BkWfZLdi2T9i1agV2A1Ldnn_YBwP0%3D&xsec_source=pc_search,guangzhou,,,,,,,
6a2561ac000000000803cd6a,https://www.xiaohongshu.com/explore/6a2561ac000000000803cd6a?xsec_token=ABbnCUu4qma1opk5BkWfZLdr0BDAwuSPMrPKHC94tGLQ4%3D&xsec_source=pc_search,guangzhou,,,,,,,
6a24b5e8000000000803e9f1,https://www.xiaohongshu.com/explore/6a24b5e8000000000803e9f1?xsec_token=ABHx7Dj2DM9TwVBk5Fr9swsT3qH1L7d2F6HKWEBC9iq2k%3D&xsec_source=pc_search,guangzhou,,,,,,,
6a257519000000000803cd69,https://www.xiaohongshu.com/explore/6a257519000000000803cd69?xsec_token=ABbnCUu4qma1opk5BkWfZLdkQ7s50LBtGAm1jo4vLkwHk%3D&xsec_source=pc_search,guangzhou,,,,,,,
6a17aed4000000003601ee54,https://www.xiaohongshu.com/explore/6a17aed4000000003601ee54?xsec_token=ABlXW9qKvFZBAIUL86Yx8Kqt-3pTKKGD9ctIF6M8-3Lsc%3D&xsec_source=pc_search,guangzhou,,,,,,,
6a261acc000000001702f6ec,https://www.xiaohongshu.com/explore/6a261acc000000001702f6ec?xsec_token=ABy_QUvSXyFAMcek_OmvV0BR-fAJJfCstBL58JXAkQZLQ%3D&xsec_source=pc_search,guangzhou,,,,,,,
6a259776000000000603433a,https://www.xiaohongshu.com/explore/6a259776000000000603433a?xsec_token=ABbnCUu4qma1opk5BkWfZLdvO4qk7ldDgbgQ0l24thoxE%3D&xsec_source=pc_search,guangzhou,,,,,,,
6a2536fa000000001603ee45,https://www.xiaohongshu.com/explore/6a2536fa000000001603ee45?xsec_token=ABbnCUu4qma1opk5BkWfZLdl8BNs6zX1KtKSKTaIbWOmc%3D&xsec_source=pc_search,guangzhou,,,,,,,
6a26a01f000000002202d893,https://www.xiaohongshu.com/explore/6a26a01f000000002202d893?xsec_token=ABy_QUvSXyFAMcek_OmvV0BRY-wKC9GcywklXuIOsppTk%3D&xsec_source=pc_search,guangzhou,,,,,,,
6a255a0f0000000021022d26,https://www.xiaohongshu.com/explore/6a255a0f0000000021022d26?xsec_token=ABbnCUu4qma1opk5BkWfZLdtxHyOAXGD8H3pgKRWJauyk%3D&xsec_source=pc_search,guangzhou,,,,,,,
6a2563ae0000000008000f58,https://www.xiaohongshu.com/explore/6a2563ae0000000008000f58?xsec_token=ABbnCUu4qma1opk5BkWfZLdlnx0KDcW_lYQb7SmWoU5V8%3D&xsec_source=pc_search,guangzhou,,,,,,,
6a2361a500000000220198c7,https://www.xiaohongshu.com/explore/6a2361a500000000220198c7?xsec_token=ABr5OmpikvWfHkkGW-GXQLlKjFdZStFk8YwPm-48K-x5o%3D&xsec_source=pc_search,guangzhou,,,,,,,
6a244b690000000035031735,https://www.xiaohongshu.com/explore/6a244b690000000035031735?xsec_token=ABHx7Dj2DM9TwVBk5Fr9swsW7g7oMKHDNpn0_fm9GUwf8%3D&xsec_source=pc_search,guangzhou,,,,,,,
6a24c8c000000000360024a5,https://www.xiaohongshu.com/explore/6a24c8c000000000360024a5?xsec_token=ABHx7Dj2DM9TwVBk5Fr9swsUKux3xdyUSSuwtg-DuQ3do%3D&xsec_source=pc_search,guangzhou,,,,,,,
6a2413e400000000080323e7,https://www.xiaohongshu.com/explore/6a2413e400000000080323e7?xsec_token=ABHx7Dj2DM9TwVBk5Fr9swsZKmcnagkbPVd8jrTyX6CGA%3D&xsec_source=pc_search,guangzhou,,,,,,,
6a26c4280000000016025570,https://www.xiaohongshu.com/explore/6a26c4280000000016025570?xsec_token=ABy_QUvSXyFAMcek_OmvV0Be-SbmOu2-J7VALZgkIYC-I%3D&xsec_source=pc_search,guangzhou,,,,,,,
6a24b7fe000000003501f0bf,https://www.xiaohongshu.com/explore/6a24b7fe000000003501f0bf?xsec_token=ABHx7Dj2DM9TwVBk5Fr9swsZxZF-v6A2tXxfINQhTqL7M%3D&xsec_source=pc_search,guangzhou,,,,,,,
6a256a8c0000000007020a69,https://www.xiaohongshu.com/explore/6a256a8c0000000007020a69?xsec_token=ABbnCUu4qma1opk5BkWfZLdmX0knVDQH-v12irMQQsLPE%3D&xsec_source=pc_search,guangzhou,,,,,,,
6a24f0640000000007028111,https://www.xiaohongshu.com/explore/6a24f0640000000007028111?xsec_token=ABHx7Dj2DM9TwVBk5Fr9swseGIJbneh8-Oh_GwEpRII-0%3D&xsec_source=pc_search,guangzhou,,,,,,,
6a24c6de0000000007027477,https://www.xiaohongshu.com/explore/6a24c6de0000000007027477?xsec_token=ABHx7Dj2DM9TwVBk5Fr9swsX8eQRShgjgaTeLwHNN6Jfw%3D&xsec_source=pc_search,guangzhou,,,,,,,
6a24bc51000000001603f8ef,https://www.xiaohongshu.com/explore/6a24bc51000000001603f8ef?xsec_token=ABHx7Dj2DM9TwVBk5Fr9swsfQLuyiRO9b5g5WG5L7w9_M%3D&xsec_source=pc_search,guangzhou,,,,,,,
6a24d1a6000000001603c2f0,https://www.xiaohongshu.com/explore/6a24d1a6000000001603c2f0?xsec_token=ABHx7Dj2DM9TwVBk5Fr9swsUESFOOkJcXathNRio-4f0E%3D&xsec_source=pc_search,guangzhou,,,,,,,
6a23d1c0000000001c027d9a,https://www.xiaohongshu.com/explore/6a23d1c0000000001c027d9a?xsec_token=ABr5OmpikvWfHkkGW-GXQLlAf1C6n5kV3G4EwBEpg7HUY%3D&xsec_source=pc_search,guangzhou,,,,,,,
6a26baab000000002200a8ff,https://www.xiaohongshu.com/explore/6a26baab000000002200a8ff?xsec_token=ABy_QUvSXyFAMcek_OmvV0BSPdAs_Jta7oCKhpq3_aRkc%3D&xsec_source=pc_search,guangzhou,,,,,,,
6a2569e40000000022009df2,https://www.xiaohongshu.com/explore/6a2569e40000000022009df2?xsec_token=ABbnCUu4qma1opk5BkWfZLdseVF3T7EB0qYIS_wKmqVZ8%3D&xsec_source=pc_search,guangzhou,,,,,,,
